Longitude,Latitude,Elevation_m,ObsGravity_mGal,NormalGravity_mGal,FreeAir_mGal,Bouguer_Simple_2.6_mGal,Bouguer_Completa_2.6_mGal
-155.273965,19.339593,959.2,978682.31,978302.9799381227,379.3300618773792,274.7599962773792,291.4266197013531
-155.290293,19.320262,862.3,978689.44,978331.7938828135,357.6461171864066,263.6398957864066,280.6324442514385
-155.306788,19.296097,695.9,978707.5,978381.7875890172,325.7124109828146,249.8467847828146,275.4195648638082
-155.141121,19.506082,658.1,978741.88,978405.3234697168,336.5565302831819,264.8117844831819,278.0386777415019
-155.102791,19.55391,426.1,978786.75,978479.6493451326,307.1006548673613,260.6480850673613,272.17717417782893
-155.05996,19.590243,210.3,978825.81,978548.3323418818,277.47765811823774,254.55117271823775,266.1049196071178
-155.280632,19.399923,1111.3,978680.13,978259.4504054689,420.67959453107323,299.52789113107326,314.3056759212494
-154.940792,19.446414,316.7,978813.94,978507.316300186,306.6236998139648,272.0976992139648,291.83039055320785
-154.94096,19.491914,205.7,978836.88,978544.1606724444,292.7193275556201,270.29432495562014,285.5971250803932
-154.920131,19.487911,198.4,978838.06,978546.1870564591,291.87294354091864,270.24377234091867,287.23466229275635
-154.901455,19.48108,195.1,978838.56,978546.8182622935,291.7417377065867,270.4723259065867,289.7003373863568
-154.86729,19.492911,116.7,978851.75,978571.6922129499,280.0577870501438,267.3353864501438,287.5032821562234
-154.834621,19.51091,19.8,978869.88,978602.6290811169,267.2509188831318,265.0923624831318,289.4070886136575
-154.845623,19.530242,29.9,978866.94,978600.6093054345,266.3306945654331,263.0710563654331,286.68493893438665
-154.880625,19.55524,4.9,978861.94,978609.749152564,252.19084743596613,251.65665923596615,277.56791590219075
-154.966458,19.362088,3.7,978855.13,978599.1748673,255.9551327000372,255.5517661000372,283.1504727882454
-154.957791,19.38792,109.4,978840.06,978568.0012643933,272.05873560672626,260.13216640672624,283.22922778742054
-155.01463,19.336923,6.1,978854.44,978597.0147162102,257.4252837897511,256.7602739897511,283.10672059072857
-154.952298,19.413583,246.6,978816.81,978527.0974163804,289.71258361963555,262.8287448196356,283.527231288073
-154.86929,19.47108,110.9,978848.25,978572.2444609303,276.0055390696507,263.9154428696507,285.94916359985956
-154.832303,19.468578,4.0,978858.88,978605.1050671457,253.7749328543432,253.3388608543432,283.3884330386633
-154.832303,19.490245,17.4,978865.88,978602.1969384452,263.68306155479513,261.78614835479516,286.1098215436907
-154.852292,19.449413,8.5,978856.38,978602.6297985945,253.75020140549168,252.8235484054917,285.0014464357265
-154.875622,19.430247,6.7,978855.5,978602.100374908,253.39962509204634,252.66920449204633,283.5296161539067
-154.903622,19.408918,9.4,978853.31,978600.0602627769,253.24973722314462,252.2249680231446,283.78232466845344
-154.925961,19.396918,28.0,978851.44,978593.6395850572,257.80041494278703,254.74791094278703,284.401436772756
-154.956294,19.505245,186.2,978840.0,978550.9370757726,289.06292422744446,268.76377262744444,283.4132740635118
-154.969798,19.526912,160.0,978844.19,978560.2559730897,283.93402691022493,266.4911469102249,280.4849254863025
-154.98063,19.548576,130.8,978847.75,978570.5020785105,277.2479214895284,262.98836708952837,276.6368411654873
-155.001626,19.572242,107.0,978850.19,978579.1963833297,270.9936166702537,259.3286906702537,271.49703268829285
-155.021965,19.599408,103.3,978845.81,978581.8864457761,263.9235542239621,252.66199482396212,264.43338856021546
-154.940624,19.46858,276.5,978823.31,978520.9815398145,302.32846018555574,272.1849831855557,289.5198292353294
-155.225627,19.370591,997.3,978690.88,978292.97140335,397.9085966499988,289.1849452499988,305.1129326669412
-155.207301,19.362757,960.4,978696.94,978303.9161781339,393.02382186602335,288.32293466602334,305.965171041771
-155.178462,19.36609,911.7,978707.31,978319.1328856187,388.17711438133847,288.78540378133846,306.02334561981047
-155.244791,19.385589,1073.5,978682.44,978270.3044780116,412.1355219883844,295.1046989883844,311.02572142839625
-155.266122,19.378924,1083.3,978678.88,978266.9039961128,411.9760038872482,293.87680448724825,309.9607469173559
-155.242287,19.422088,1165.9,978662.44,978243.8561908556,418.5838091443293,291.4797229443293,306.59142927794187
-155.221291,19.436921,1086.9,978672.06,978269.0725480051,402.98745199490804,284.49578779490804,299.3402276803853
-155.200296,19.447252,962.3,978689.94,978308.1069326038,381.83306739619,276.92504599619,291.7125234808848
-155.160622,19.474918,754.4,978724.69,978373.8341435436,350.8558564563282,268.6126772563282,281.32136959503885
-155.172296,19.454918,838.8,978712.81,978346.6533457824,366.1566542176297,274.7123558176297,288.07368322644555
-155.040626,19.621073,109.5,978842.13,978581.2080978107,260.9219021892641,248.9844311892641,260.8811293356459
-155.025626,19.718567,9.4,978860.38,978617.6859353526,242.69406464742497,241.66929544742496,254.81684273748203
-155.181463,19.681904,609.6,978729.56,978430.3140524497,299.24594755040016,232.78857475040016,246.34066817441345
-155.284123,19.686573,1219.2,978621.44,978242.4603908167,378.9796091832686,246.06486358326862,260.86121916419216
-155.466784,19.689076,2005.0,978493.88,978000.1875874845,493.6924125155201,275.1113225155201,291.15957962794573
-155.44629,19.714408,2158.0,978460.44,977954.4488874313,505.99111256864853,270.7302685686485,290.0849721807505
-155.450791,19.736072,2464.3,978389.44,977861.2296620732,528.2103379267501,259.55728052675005,286.1169835721697
-155.126457,19.588577,503.8,978765.44,978457.6402519463,307.7997480536578,252.8764796536578,264.9697906564519
-155.189795,19.575244,833.6,978705.69,978355.0934101081,350.5965898918221,259.71918509182206,274.42988918065174
-155.249792,19.563247,1213.1,978630.69,978237.303470852,393.3865291479742,261.1367933479742,274.82511375450946
-155.299795,19.551914,1578.3,978554.94,978123.9840807148,430.95591928518843,258.8928098851884,274.71501168102526
-155.334295,19.582414,1748.0,978519.38,978073.3701015144,446.00989848561585,255.44643448561584,272.45048073773285
-155.362461,19.594747,1876.0,978494.88,978034.5891541285,460.29084587155376,255.77307787155374,273.9185333162075
-155.400288,19.594413,2115.3,978445.56,977960.7602607174,484.79973928269465,254.19396388269462,273.52634583741707
-155.453449,19.583581,2528.0,978359.44,977832.8689328694,526.5710671305424,250.97356313054235,274.96628697278754
-155.136445,19.906892,56.7,978887.88,978613.9174429203,273.96255707973614,267.78123647973615,284.4885609793882
-155.411281,20.059721,237.1,978860.19,978567.0821056957,293.10789430420846,267.25972650420846,283.6230632319755
-155.669275,20.021059,813.8,978765.06,978386.836950534,378.22304946603253,289.5042010660325,299.87501948215595
-155.687617,19.935232,786.7,978739.5,978390.2280280401,349.27197195985354,263.50751135985354,273.3990894192368
-155.66328,19.879734,1219.2,978634.25,978253.5600027995,380.6899972005049,247.77525160050487,261.52509850657145
-155.615615,19.781072,1691.6,978536.38,978102.1352671388,434.24473286117427,249.82988406117428,265.09413808158615
-155.398125,19.335261,858.3,978710.19,978333.8734464276,376.3165535723092,282.7464041723092,301.3209746665967
-155.439798,19.2661,564.8,978752.38,978420.5636045751,331.81639542488847,270.2430290248885,286.51956651811355
-155.476634,19.198604,252.4,978804.56,978513.2058708612,291.3541291388683,263.8379859388683,280.7802189498192
-155.586467,19.060281,205.4,978802.19,978519.9889733995,282.2010266004363,259.8087294004363,280.3258516256745
-155.841274,19.816573,666.9,978696.94,978420.3561499165,276.583850083407,203.879745883407,215.38116304401981
-155.960276,19.761412,626.1,978710.69,978429.7781280007,280.91187199926935,212.65570219926934,231.91956046134442
-155.949446,19.610088,367.0,978780.38,978501.0922738399,279.28772616013885,239.27812016013885,262.16165425258026
-155.92012,19.516259,477.6,978759.0,978461.6124979361,297.3875020638807,245.32050526388068,268.50157717866733
-155.877292,19.355268,266.1,978781.06,978517.7840843868,263.27591561328154,234.26622581328155,264.5839798952202
-155.868459,19.210276,524.6,978718.44,978429.838406106,288.60159389395267,231.41075109395265,257.73410566179683
-155.791619,19.091947,595.9,978714.0,978401.2160009912,312.78399900882505,247.82017280882505,267.35811317203485
-155.489291,19.575249,2735.6,978315.5,977768.3810919668,547.1189080332406,248.88926723324056,275.1074248883912
-155.507953,19.569417,2837.7,978294.0,977736.5688331185,557.4311668814626,248.07078828146257,275.6521850073295
-155.54079,19.552418,3116.3,978237.19,977649.709128908,587.480871091946,247.74807769194598,280.1115114093342
-155.564792,19.522753,3587.5,978143.13,977502.7772641302,640.3527358698193,249.25066086981928,289.8976589659496
-155.580615,19.509254,3810.0,978096.25,977433.4370267137,662.812973286258,247.45439328625804,293.8232072690495
-155.57729,19.493588,3968.5,978075.25,977383.7029881518,691.5470118481899,258.90907884818984,308.2090806010107
-155.60146,19.483591,4111.8,978039.13,977338.9784429747,700.1515570252668,251.89134462526675,309.6000399817045
-155.168952,19.58191,692.5,978730.19,978399.0193475304,331.1706524695037,255.67568746950369,270.15397115941533
-155.214957,19.568579,983.0,978677.38,978308.6092363121,368.77076368790586,261.60606968790586,276.8467474247221
-155.279623,19.558914,1430.1,978585.38,978170.103944219,415.2760557810543,259.3694139810543,274.10540497631445
-155.106955,19.665238,198.7,978815.13,978556.1939218964,258.93607810360845,237.27420150360845,248.8628388966344
-155.135962,19.655239,373.4,978777.81,978501.6945073867,276.11549261340406,235.40817141340406,247.62844388889243
-155.162284,19.558578,727.3,978726.25,978386.9505659661,339.299434033921,260.010642633921,271.9367784629615
-155.292961,19.453587,1280.8,978634.69,978210.1868297266,424.50317027338315,284.87291587338314,299.67747917052264
-155.313453,19.490252,1530.7,978575.88,978135.1649967206,440.715003279387,273.841150679387,290.64111264039263
-155.33013,19.504586,1667.0,978542.75,978093.9303184006,448.81968159938697,267.0866755993869,284.87871556755186
-155.33895,19.519918,1836.4,978509.63,978042.5453242387,467.08467576128896,266.88402056128893,285.2983928210987
-155.344626,19.529583,1900.4,978495.31,978023.3532302569,471.95676974311937,264.77896254311935,285.78842565319303
-155.340291,19.544915,1911.4,978488.5,978020.8321062311,467.6678937688703,259.2908885688703,278.9183352422929
-155.087957,19.730235,8.2,978858.31,978618.7251509329,239.58484906714875,238.69090146714876,250.10629860213734
-155.093128,19.785232,52.1,978861.5,978608.3286913956,253.1713086044183,247.4914708044183,259.88880682003463
-155.094959,19.825229,115.5,978852.31,978591.056300619,261.25369938102085,248.66212038102086,262.03693528781275
-155.117281,19.876892,36.9,978884.69,978618.2984949417,266.39150505827274,262.36874085827276,280.2797183260414
-155.167619,19.936891,70.7,978885.0,978611.3291422115,273.67085778852925,265.96328518852926,286.2191489416628
-155.205124,19.965223,92.4,978879.25,978606.2694214354,272.9805785645731,262.9073153645731,283.30321239202857
-155.256789,20.000888,95.4,978878.13,978607.4097991018,270.7202008982422,260.31988369824217,281.0257662070666
-155.292616,20.011222,218.5,978853.56,978570.0075010398,283.55249896028545,259.73206596028547,279.8203364090044
-155.325787,20.031053,129.8,978874.0,978598.5403493374,275.45965066261124,261.3091142626112,278.6825038523046
-155.370113,20.050888,114.0,978883.94,978604.5700453533,279.36995464668144,266.94190264668146,283.34710787185384
-155.349622,20.01289,481.6,978802.63,978488.8912210334,313.7387789665954,261.2357101665954,280.85948798893253
-155.364286,19.983225,944.0,978708.38,978344.4630405382,363.91695946175605,261.003967461756,284.375328137714
-155.431455,19.973891,1260.0,978650.75,978246.414619901,404.3353800990153,266.9727000990153,287.9756288036898
-155.390608,19.960225,1315.2,978633.69,978228.5917290438,405.098270956194,261.717797356194,284.21516639163707
-155.415617,19.945727,1583.1,978577.19,978145.1006046312,432.0893953687046,259.5029995687046,284.20058696228875
-155.450787,19.946895,1573.7,978582.19,978148.068081493,434.12191850692034,262.5602919069203,283.6862331146241
-155.497281,19.951729,1481.3,978604.81,978176.8538499895,427.9561500105774,266.4677866105774,286.7080910135935
-155.529446,19.962894,1279.9,978652.13,978239.6377231766,412.49227682338096,272.96013862338094,288.47470620239056
-155.550274,19.985394,1119.2,978693.25,978290.5257514777,402.7242485223105,280.7113029223105,294.06230898073136
-155.572276,20.000727,991.2,978727.13,978330.9122546366,396.21774536336306,288.1591037633631,300.40964593269393
-155.60612,20.012894,898.2,978753.69,978360.3169712828,393.3730287171202,295.45306111712017,306.6501069261351
-155.62211,20.037059,879.7,978764.5,978367.4287824272,397.0712175727822,301.1680829727822,311.7769041026936
-155.586115,20.059724,788.8,978770.81,978396.7980894333,374.01191056671087,288.0185121667109,300.522813817376
-155.561442,20.044057,854.4,978755.94,978375.6429016874,380.29709831252694,287.152119112527,299.24025204618164
-155.514277,20.049389,773.3,978762.81,978400.9809598059,361.8290401941631,277.5254207941631,292.3018900814733
-155.487605,20.065221,580.0,978795.5,978461.5593412358,333.9406587642152,270.7102187642152,285.45016510125384
-155.558618,20.094887,466.6,978824.56,978498.2864162546,326.2735837454675,275.4057849454675,290.2975854953622
-155.583611,20.108887,390.1,978835.69,978522.7145771806,312.97542281937785,270.44750101937785,284.499933758351
-155.530283,20.11472,96.3,978892.19,978613.7482343303,278.44176566961687,267.94333226961686,281.1692885032151
-155.445109,20.08372,166.1,978876.31,978590.3954348267,285.914565173327,267.806675373327,283.8804348830528
-155.482615,20.097386,136.9,978882.56,978600.2050436019,282.354956398136,267.43039219813596,282.3064447928715
-155.429943,20.033222,622.4,978782.88,978446.6136681468,336.2663318532286,268.41352865322864,284.6532465767358
-155.292448,19.984223,548.0,978786.5,978466.7344457147,319.765554285259,260.02369028525897,281.74979650738385
-155.251952,19.963557,474.9,978801.81,978488.1000449616,313.7099550385028,261.9373068385028,282.85618916295095
-155.105628,19.621907,335.3,978792.25,978511.5516949362,280.69830506376456,244.14456966376457,255.3660966863991
-155.077461,19.645239,175.3,978822.56,978562.2747013544,260.2852986456128,241.1744432456128,253.46394670843526
-155.297629,19.526917,1558.1,978559.94,978128.7942689391,431.1457310608821,261.28478526088213,277.68760429468364
-155.43195,19.585747,2368.9,978392.38,977882.0548308728,510.32516912720166,252.07242892720166,273.2943365258935
-155.57645,19.536252,3397.3,978178.81,977562.1689408108,616.64105918922,246.27420778921993,285.70817676377186
-155.46828,19.60158,2399.4,978385.5,977873.5516920323,511.94830796774477,250.37051876774473,271.0313825855658
-155.481447,19.636911,2149.1,978444.56,977952.7605333598,491.7994666402228,257.5088828402228,275.29201050204256
-155.532793,19.629912,2243.3,978414.06,977923.3085182265,490.7514817735646,246.19140237356456,264.7178321578375
-155.595124,19.621915,2272.3,978392.25,977913.9083395599,478.3416604400845,230.6200590400845,249.5753438494065
-155.558779,19.626747,2252.5,978406.0,977920.2905105597,485.7094894403126,240.1464444403126,260.30401909631007
-155.171452,19.726068,442.9,978766.0,978484.2957111051,281.70428889489267,233.42021669489267,258.32238340940063
-155.124791,19.731902,251.5,978805.56,978543.7113727388,261.8486272612354,234.43060026123538,246.62847086818525
-155.141453,19.768567,433.4,978775.69,978489.6662933126,286.0237066873815,238.7753054873815,252.29518545663925
-155.139957,19.809397,438.9,978789.0,978490.3152715245,298.6847284755204,250.8367282755204,267.5148700271885
-155.15645,19.858563,388.6,978801.5,978508.6724413398,292.82755866018124,250.46316386018123,265.3735008762699
-155.179948,19.901894,449.6,978802.81,978492.3436714505,310.46632854954805,261.451835749548,280.9815129705154
-155.516949,20.012058,1027.8,978712.94,978320.2753998756,392.6646001243498,280.6158997243498,294.58377154744767
-155.519619,19.98856,1172.0,978681.69,978274.4171647496,407.2728352503618,279.50373925036183,294.18339391852265
-155.583614,19.949064,1152.1,978679.44,978278.270158352,401.16984164796304,275.57020384796306,288.9416944487157
-155.586941,19.932898,1222.2,978659.56,978255.7052210696,403.85477893042844,270.6129793304284,284.55845900315234
-155.615107,19.985726,937.3,978735.44,978346.6755395185,388.76446048147045,286.5818890814704,296.9210474776191
-155.640116,20.003226,865.6,978754.5,978369.816529534,384.68347046605777,290.3174896660578,299.853740019518
-155.116292,19.696904,193.5,978814.25,978559.6107621652,254.63923783483915,233.54425483483914,244.8717292898474
-155.141286,19.685238,342.3,978783.06,978513.0098492084,270.0501507916488,232.73328939164878,244.79457953505934
-155.239781,19.696906,914.4,978674.19,978337.1055060213,337.0844939786475,237.39843477864753,250.88205456051105
-155.333286,19.676075,1524.0,978573.69,978147.8195511937,425.8704488062067,259.7270168062067,274.9298376602186
-155.365283,19.669909,1689.8,978546.25,978096.3181249653,449.9318750347011,265.7132586347011,280.54580079683205
-155.400118,19.682241,1828.8,978524.0,978054.1456094857,469.85439051431604,270.48227211431606,286.1611102666639
-155.435625,19.685408,1943.1,978504.25,978019.0703003503,485.17969964968506,273.34682384968505,289.56431938806713
-155.460617,19.765572,2938.3,978293.88,977716.7707078464,577.1092921536183,256.7817027536183,297.0255644931227
-155.40729,19.727907,2112.3,978460.75,977969.3173899634,491.43261003657244,261.15388863657245,284.7975536578035
-155.374788,19.716573,1738.9,978534.06,978083.8430564195,450.2169435805408,260.6455433805408,279.39466228366314
-155.390124,19.732237,2053.4,978468.75,977987.7320356125,481.01796438754536,257.16040318754534,278.6527767514265
-155.369616,19.756071,2051.0,978463.06,977989.8396813845,473.22031861555297,249.62440061555296,273.5797447498518
-155.342286,19.785402,2005.3,978466.63,978005.6198454984,461.0101545016514,242.3963591016514,264.95414093812843
-155.336778,19.819066,2010.5,978466.0,978005.9520987883,460.0479012116557,240.8672122116557,267.3363392135151
-155.33728,19.846565,1957.7,978484.13,978023.8213951348,460.3086048652185,246.8840662652185,273.4654727023933
-155.33812,19.877729,1891.3,978498.25,978046.0993259753,452.1506740247132,245.96493062471322,271.52080763191725
-155.335784,19.914893,1613.9,978561.56,978133.8160152652,427.74398473487236,251.79983453487233,275.6572296410616
-155.364776,19.928228,1638.6,978558.31,978126.9670253879,431.3429746121401,252.7060798121401,279.8168211898114
-155.393447,19.911228,2079.7,978464.25,977989.9232429708,474.3267570291646,247.6020224291646,278.5056018643822
-155.158957,19.618574,580.6,978745.56,978435.6462924894,309.9137075106846,246.6178567106846,258.8001810651981
-155.174627,19.651908,594.4,978736.81,978433.2903446999,303.5196553001879,238.7193561001879,252.26373685255595
-155.366458,19.64991,1731.3,978533.88,978082.3728888263,451.5071111737052,262.76424777370516,278.0591290151364
-155.360295,19.624412,1752.6,978523.88,978074.3461401437,449.5338598563103,258.46891305631027,275.8756245977987
-155.091453,19.586909,346.6,978796.44,978506.0679168106,290.37208318931516,252.58644438931515,265.16157749619987
-155.267295,19.480252,1280.8,978622.81,978211.6984820049,411.11151799513027,271.48126359513026,285.9325381420832
-155.247292,19.460252,1155.2,978649.88,978249.3189114673,400.56108853267506,274.62349493267504,289.7601629298882
-155.467957,19.800904,3773.4,978124.69,977461.3880444012,663.3019555987557,251.9334343987557,309.95162619477253
-155.468123,19.82057,4205.0,978010.81,977329.5219021534,681.288097846671,222.86740784667097,310.5580393699663
-155.474944,19.811069,3994.4,978075.25,977393.868195128,681.381804871955,245.9203056719549,312.0858909132624
-155.718938,20.194884,6.4,978905.06,978646.1802903207,258.87970967940055,258.18199447940054,277.16475189267476
-155.712271,20.17022,563.9,978792.63,978472.646818204,319.98318179603666,258.50793159603666,273.3712324201468
-155.691779,20.161219,623.3,978786.19,978453.7879909531,332.40200904686935,264.4510896468694,287.47190009331484
-155.823111,20.12239,618.1,978757.63,978453.1280754327,304.5019245672738,237.1178987672738,249.3580911575678
-155.859777,20.105724,204.2,978827.44,978579.914838448,247.5251615518937,225.26368595189368,234.38200305747225
-155.877279,20.098559,8.5,978874.44,978639.9126427657,234.5273572342703,233.60070423427032,241.4573953846623
-155.839774,20.111057,423.4,978793.19,978512.5623109026,280.6276890973095,234.46946789730947,244.13215066759864
-155.669778,20.055223,1127.8,978723.19,978291.9248069035,431.26519309647847,308.31469269647846,322.0947971351792
-155.676446,20.085223,1227.1,978686.63,978263.0298451541,423.6001548458589,289.8241670458589,307.99551675988636
-155.170954,19.35059,831.5,978709.19,978343.0084671776,366.1815328223165,275.53306582231653,292.9303163767405
-155.138134,19.335926,701.6,978720.69,978382.2714252088,338.4185747911688,261.9315459911688,283.08060098431247
-155.117458,19.328592,499.3,978756.25,978444.2968784769,311.95312152314,257.52043412314,280.83313196331545
-155.095624,19.326924,282.5,978798.56,978511.123611242,287.43638875801116,256.63880375801114,278.2693631247357
-155.073468,19.32659,107.3,978834.94,978565.1896207797,269.7503792202333,258.0527478202333,280.2611020765931
-155.040799,19.329423,23.2,978850.56,978591.3127755711,259.2472244289238,256.7180068289238,280.4119026251865
-155.900609,20.184388,3.4,978855.13,978646.4930803658,208.63691963418387,208.26625843418387,216.88788337199017
-155.892277,20.20022,83.2,978841.44,978622.7824654399,218.65753456007224,209.58723696007223,216.78697271623997
-155.885608,20.216052,112.8,978838.38,978614.5704963637,223.80950363632292,211.51227323632293,219.76754832813654
-155.877277,20.226885,137.2,978837.75,978607.6719133082,230.07808669179212,215.12081709179213,223.75851071936503
-155.853946,20.239051,185.3,978833.25,978593.5355217581,239.7144782418618,219.5134428418618,228.59812056175397
-155.867939,20.264883,16.5,978861.63,978647.1597012372,214.47029876278248,212.67150176278247,219.41218965357842
-155.833271,20.252884,106.4,978849.44,978618.7027115414,230.73728845850565,219.13777325850563,227.80790462023145
-155.826436,20.238216,162.2,978842.31,978600.6176405186,241.69235948147252,224.00963988147254,232.937368430573
-155.812779,20.234382,168.2,978842.88,978598.5409278492,244.33907215076033,226.00224455076034,233.62168061907738
-155.805607,20.230218,146.6,978850.63,978604.9651665739,245.66483342612628,229.68279462612628,240.2242674081158
-155.771275,20.246214,9.4,978874.06,978648.2576703716,225.8023296284955,224.7775604284955,232.78112963320694
-155.767933,20.222549,80.5,978870.06,978624.9220881022,245.13791189785115,236.36196289785116,247.51860622560568
-155.734777,20.205218,148.1,978865.13,978603.0393932817,262.0906067183241,245.94504091832414,258.24089394491267
-155.745611,20.216882,120.1,978865.88,978612.3654699422,253.51453005778603,240.42146825778605,252.1063669422855
-155.758276,20.20155,280.4,978836.44,978561.9843933,274.4556066999212,243.8869594999212,253.8302423447392
-155.785267,20.209551,295.0,978827.38,978557.9454825231,269.4345174769405,237.27420747694052,247.15447917147114
-155.81728,20.218884,294.1,978821.63,978558.7692875665,262.8607124334667,230.7985186334667,241.08764108307184
-155.865269,20.206385,253.6,978818.06,978570.5399798688,247.52002013125457,219.87305533125456,227.95686877566823
-155.848607,20.183553,421.5,978791.0,978517.3782356302,273.6217643697746,227.6706773697746,237.5329262142979
-155.830266,20.179888,599.2,978769.25,978462.3164081362,306.93359186383896,241.61000626383895,252.56262857079457
-155.838933,20.213552,389.5,978800.5,978529.0094836085,271.4905163914664,229.02800539146637,240.6607008361707
-155.816442,20.161889,717.8,978751.25,978424.6615480359,326.5884519640822,248.3353315640822,260.9674490368322
-155.800939,20.164886,768.4,978747.69,978409.2203604036,338.4696395962965,254.7002083962965,266.4841895098581
-155.805608,20.146888,815.9,978734.31,978393.5108438018,340.79915619827807,251.85136999827807,264.4225294226496
-155.788611,20.116723,946.4,978709.38,978351.4797854945,357.9002145054983,254.7255793054983,268.6986572781089
-155.779776,20.101556,977.5,978704.19,978340.9991956851,363.1908043147996,256.6257093147996,272.4318997760316
-155.767616,20.089558,1079.0,978687.56,978308.9799564302,378.5800435699057,260.9496215699057,279.1548639348189
-155.762108,20.076892,1064.7,978691.56,978312.6555141868,378.9044858132256,262.8330212132256,279.7322034220071
-155.73478,20.046892,963.5,978726.06,978342.1397654341,383.92023456597235,278.88139156597236,293.66433606940404
-155.698937,20.026894,735.8,978777.5,978411.2476712981,366.2523287018994,286.03688430189936,297.0397245991441
-155.723946,20.026895,631.9,978790.88,978443.3142767805,347.5657232195372,278.67724901953716,289.5701382347462
-155.757607,20.023894,476.1,978808.06,978491.2274054261,316.83259457396343,264.92912477396345,274.59146734173135
-155.774773,20.021895,359.1,978824.0,978527.2254946715,296.77450532850344,257.6261415285034,266.93894763943365
-155.81028,20.022728,96.6,978865.75,978608.3063265166,257.4436734834453,246.9125346834453,256.6757008071291
-155.831276,20.039562,1.8,978881.31,978638.5504444148,242.75955558521673,242.56332318521672,251.86813319321155
-155.821617,20.016563,22.9,978877.06,978630.701201587,246.35879841307178,243.86228621307177,252.70548251270898
-155.823937,20.001065,25.0,978873.94,978629.1539252099,244.78607479005586,242.06062479005587,249.7127600960397
-155.823617,19.988898,29.3,978870.5,978627.1210755986,243.37892440136056,240.18469700136058,247.73747214330058
-155.858269,19.9589,2.1,978862.75,978633.7809437398,228.96905626018997,228.74011846018996,236.50446980761674
-155.839272,19.972233,3.0,978869.88,978634.2750666448,235.60493335523643,235.27787935523642,243.03669208487895
-155.677271,19.998228,805.6,978759.31,978388.0431232121,371.266876787995,283.44197598799497,292.88029877709374
-155.67695,19.985228,794.0,978757.13,978390.8694541964,366.2605458035832,279.7002538035832,288.911933389718
-155.742273,19.960231,477.6,978794.19,978487.0741115707,307.11588842922356,255.04889162922356,263.93530158860307
-155.70228,19.971897,688.8,978768.25,978422.5640351296,345.68596487038303,270.594366470383,280.74183435524037
-155.638941,20.030225,869.9,978760.25,978370.0562324456,390.1937675543595,295.3590093543595,306.2813163382498
-155.589777,20.039391,866.9,978760.06,978371.5143222347,388.545677765389,294.03797356538894,305.5963551752604
-155.680613,19.955563,765.4,978752.38,978397.977793823,354.40220617700834,270.9598289770083,280.49750807662764
-155.675609,19.901901,1005.2,978682.75,978320.8730042524,361.8769957475597,252.2921021475597,264.0479556932897
-155.569778,19.760241,1821.8,978522.75,978060.7754538935,461.9745461065322,263.3655537065322,280.33819496213727
-155.588119,19.768573,1782.8,978524.44,978073.2841281976,451.1558718023589,256.7985814023589,273.8957658345998
-155.625608,19.791906,1670.0,978537.06,978109.4212199877,427.63878001237754,245.57872001237754,262.0200815689404
-155.633116,19.812571,1716.9,978527.75,978096.1418258667,431.60817413334735,244.43516993334734,262.0465286381378
-155.63629,19.82607,1690.1,978536.75,978105.1860564302,431.56394356978126,247.31262176978126,265.52872452430984
-155.705608,19.901902,794.6,978717.56,978385.8638417366,331.6961582634831,245.07045546348309,257.84505055652716
-155.715618,19.885236,792.8,978708.5,978385.4572303395,323.04276966047473,236.61329926047472,247.1837826143329
-155.996945,19.639754,2.1,978839.5,978615.4312556126,224.06874438736122,223.8398065873612,242.8162539141461
-155.98895,19.63192,10.1,978840.13,978612.5141154084,227.61588459159248,226.51480279159247,246.13253164195672
-155.985608,19.620254,16.2,978839.75,978609.9650446604,229.78495533962268,228.01886373962267,248.10129057944582
-155.962279,19.565257,20.1,978841.75,978605.6265754917,236.12342450825963,233.93216270825963,254.93665621401303
-155.972288,19.595255,4.6,978843.38,978612.1206203841,231.2593796158908,230.7578968158908,249.96714751913626
-155.979611,19.670252,263.0,978795.94,978536.6314235877,259.3085764122661,230.6368424122661,249.5571373578333
-155.967618,19.674417,435.9,978762.13,978483.4989745773,278.6310254227137,231.11007922271372,251.39852217556913
-155.957288,19.657751,467.3,978760.69,978472.8540484316,287.835951568326,236.89184016832598,258.7342176891205
-155.948942,19.633918,452.6,978766.19,978476.0299474158,290.160052584135,240.81850578413497,262.17371422889914
-155.943954,19.580256,355.1,978781.94,978503.0651070038,278.87489299615845,240.16260119615845,261.02796807392485
-155.933944,19.551091,419.1,978770.69,978481.6496391286,289.0403608713532,243.3509170713532,267.25677355629097
-155.925613,19.531091,440.4,978767.69,978473.9376403036,293.75235969631467,245.74083249631468,267.32867024182525
-155.900621,19.463929,180.1,978823.56,978550.4763742958,273.0836257042829,253.44948390428289,276.9727847880846
-155.918946,19.465263,11.0,978853.31,978602.7560491603,250.55395083979238,249.35475283979238,271.46442771422625
-155.914781,19.43443,42.7,978839.94,978591.222938336,248.7170616639778,244.0619930639778,268.5407087388055
-155.880617,19.416931,288.0,978794.0,978514.5069090788,279.493090921198,248.095906921198,273.2743586246358
-155.879458,19.396266,281.3,978793.13,978515.4067840046,277.72321599535644,247.05645259535643,274.564865834866
-155.872287,19.334603,326.1,978762.13,978498.0975575396,264.0324424604187,228.48167266041867,260.6980552019496
-155.874455,19.312437,325.5,978759.5,978497.0340866746,262.46591332543176,226.98055432543174,260.93301392838123
-155.875294,19.270106,388.6,978742.31,978475.1750997822,267.13490021787584,224.77050541787582,255.6999689987452
-155.874791,19.229442,476.7,978723.63,978445.6979887083,277.93201129173394,225.96313069173394,256.37149897599363
-155.68179,18.912957,9.8,978843.81,978572.1979639411,271.61203605891205,270.5436596589121,304.0181010046355
-155.68446,18.953622,150.3,978824.44,978531.0739605462,293.3660394537728,276.9806340537728,299.58723475618217
-155.666622,18.97762,241.1,978809.13,978504.3741486849,304.7558513151016,278.4716115151016,298.49530397914685
-155.42112,19.355761,1121.1,978641.94,978253.9325643547,388.0074356452096,265.7873558452096,283.6387924445416
-155.454295,19.204771,261.8,978811.5,978510.6496886055,300.85031139454804,272.309398994548,290.18789887680146
-155.479623,19.22927,488.6,978761.38,978442.0152611024,319.3647388976533,266.0985440976533,284.09230678924894
-155.466119,19.263101,588.3,978745.19,978413.1418602671,332.0481397327967,267.9128503327967,287.38350910698523
-155.492793,19.178107,167.3,978821.63,978538.3285880873,283.3014119126601,265.0627005126601,282.971000104661
-155.512797,19.149107,110.6,978830.69,978554.2103906792,276.4796093207551,264.4222185207551,281.75172898524204
-155.533457,19.134775,92.0,978831.38,978559.1516199294,272.22838007065,262.19872407065003,282.32975398350885
-155.550289,19.090279,6.4,978842.31,978583.0951877546,259.2148122454528,258.5170970454528,283.46953826273796
-155.610454,19.041449,216.1,978804.5,978515.6377036048,288.8622963952366,265.3035065952366,283.74022591994805
-155.624126,19.015783,185.9,978810.94,978523.5334579857,287.4065420142142,267.1400958142142,287.98921085294444
-155.611628,19.067614,321.9,978785.13,978484.4344316928,300.6955683071865,265.6026741071865,287.14781819701483
-155.664134,19.060282,598.3,978732.94,978398.7107921737,334.2292078261962,269.0037384261962,288.034163311743
-155.689295,19.058615,634.3,978727.81,978387.506807844,340.30319215601776,271.15307475601776,290.18968049256443
-155.702632,19.065949,639.8,978728.63,978386.2177053066,342.4122946934076,272.6625782934076,291.1260579035149
-155.717798,19.065282,594.7,978736.5,978400.1003666839,336.39963331609033,271.56662871609035,290.1411940255249
-155.733453,19.070115,588.0,978734.44,978402.4375082123,332.0024917876581,267.8999077876581,286.88306386829385
-155.79696,19.010953,6.1,978823.5,978578.7727950807,244.72720491932705,244.06219511932704,264.61507801282875
-155.776621,18.991621,1.5,978822.69,978579.1193818783,243.57061812165193,243.40709112165194,270.0334547212678
-155.319466,19.41209,1109.5,978674.0,978260.6937539796,413.3062460203655,292.3507750203655,306.57873489304575
-155.358132,19.377426,965.6,978692.06,978303.1395807321,388.9204192679608,283.6526384679608,298.60444429094093
-155.386132,19.350094,864.7,978709.69,978332.7346934013,376.9553065986838,282.6874419986838,298.3626185566133
-155.405465,19.326263,777.8,978723.0,978358.209712586,364.7902874139836,279.9960870139836,297.4937590281686
-155.418634,19.307597,726.9,978729.38,978372.8673449978,356.5126550021814,277.26747080218144,295.10361316145986
-155.454629,19.238102,470.0,978766.19,978448.2519668943,317.9380331056891,266.69957310568907,284.1129922164428
-155.659129,19.034283,440.4,978766.38,978446.0009582873,320.3790417127311,272.36751451273113,291.5132206354234
-155.664455,19.000952,317.3,978792.69,978482.1468174304,310.54318256955594,275.9517711695559,295.1645511353605
-155.644466,18.988285,203.9,978814.56,978516.4496199482,298.1103800518904,275.8816098518904,295.6689474736358
-155.613965,18.969953,1.2,978845.88,978578.009795956,267.8702040440403,267.7393824440403,291.32942017363655
-155.627301,18.952787,3.0,978847.94,978576.5024842853,271.43751571467146,271.1104617146715,296.4340473043659
-155.649289,18.928623,3.0,978849.0,978575.1642032457,273.8357967543416,273.5087427543416,297.8239190341315
-155.764963,19.081116,598.6,978721.56,978399.7788444929,321.7811555071967,256.52298070719667,276.4778141295308
-155.830787,19.112947,524.0,978721.69,978424.5795810228,297.11041897709947,239.98498697709948,261.4283728538881
-155.84629,19.13928,509.3,978723.75,978430.5874470624,293.1625529376324,237.63968553763243,258.9107242759027
-155.863959,19.167445,489.2,978725.44,978438.366321285,287.0736787149217,233.7420731149217,256.64532414079815
-155.907294,19.181613,3.0,978815.75,978589.2475394453,226.5024605547078,226.1754065547078,254.54711387229474
-155.902791,19.198278,8.8,978814.31,978588.390168044,225.91983195603825,224.96047355603824,254.66786005299923
-155.891286,19.205943,160.3,978785.63,978542.0485796259,243.5814203741029,226.1058349741029,256.2870386481529
-155.61062,19.145777,934.8,978663.25,978299.6294725123,363.62052748771384,261.71050108771385,284.2435633177697
-155.695962,19.112945,1065.6,978638.25,978257.4323617468,380.81763825321104,264.64805745321104,286.7548686736503
-155.696465,19.151945,1438.7,978572.19,978144.4908194137,427.69918058626354,270.8549839862635,295.01599762905016
-155.680794,19.180608,1637.4,978531.31,978084.7937683822,446.5162316178903,268.0101584178903,292.7578069615183
-155.643456,19.21094,1797.4,978505.75,978037.1358281488,468.61417185119353,272.6652186511935,299.893064300383
-155.606789,19.247437,1879.7,978494.5,978013.79690014,480.70309985999484,275.7819652599948,302.1270997125846
-155.554786,19.314933,2131.2,978454.06,977940.019808961,514.0401910390938,281.70102943909376,309.4838564683072
-155.573951,19.295267,2135.7,978445.88,977937.5247841536,508.3552158464445,275.5254732464445,303.8899813239188
-155.808627,19.399265,1458.5,978545.88,978152.2864756775,393.5935243224958,234.59077132249578,260.5361843045703
-155.772617,19.398263,1869.9,978460.0,978025.3171724011,434.682827598881,230.83006939888097,259.2493690946323
-155.749957,19.409929,2107.7,978412.88,977952.6291160069,460.2508839931106,230.47364539311064,256.96690039956627
-155.794283,19.442427,1613.3,978515.25,978106.9714467009,408.2785532991402,232.39981389914018,256.49023535789047
-155.811953,19.431263,1388.1,978564.75,978175.8165504005,388.93344959954266,237.60556379954267,263.22665452177796
-155.892287,19.587755,1031.7,978657.94,978294.6734878632,363.26651213678997,250.79264153678997,270.4269534789232
-155.836944,19.60392,1435.6,978562.75,978170.9711472363,391.77885276370216,235.27261196370216,253.60779138043137
-155.813949,19.631251,1668.2,978507.75,978100.7724285164,406.97757148358505,225.11374388358504,244.87936227548553
-155.817945,19.664416,1984.9,978432.56,978004.9765001495,427.58349985058885,211.19367165058884,239.62913896265667
-155.864622,19.688748,2521.0,978303.63,977841.033672809,462.5963271909859,187.7619491909859,249.29688670615752
-155.903943,19.703916,1832.8,978465.19,978054.1525738856,411.03742611431517,211.22923571431517,248.6400810214582
-155.908612,19.715248,1869.3,978444.75,978043.5429200875,401.20707991253585,197.41973251253583,239.61509975467916
-155.924785,19.746245,1080.8,978616.75,978288.5846999935,328.16530000651255,210.33864560651256,234.40440983530385
-155.978619,19.726081,533.1,978740.44,978456.4554272735,283.98457272641826,225.86707692641826,247.61781732246936
-155.975613,19.697249,443.5,978759.5,978482.4596097069,277.0403902931139,228.6909072931139,248.43832293554362
-155.815955,19.232941,1333.8,978567.56,978181.3926821057,386.1673178944038,240.75910949440382,269.56050978665405
-155.851796,19.225776,819.9,978660.38,978339.5677771395,320.8122228605207,231.42836466052069,258.9805503122912
-155.901451,19.079451,4.6,978816.63,978583.0473356441,233.58266435586847,233.08118155586848,259.61654583999893
-155.881127,19.051952,6.1,978813.06,978581.052707592,232.00729240803048,231.34228260803047,257.4762086768525
-155.821946,19.515091,1385.9,978568.81,978181.2488959774,387.56110402266495,236.47305782266494,256.4232007354964
-155.857286,19.505592,1082.6,978638.94,978274.2930729348,364.6469270650996,246.6240402650996,266.7386523522363
-155.793626,19.505925,1549.0,978530.94,978130.4090422433,400.53095775668044,231.66207575668042,252.95840743571006
-155.762285,19.502925,1839.5,978470.44,978040.623843232,429.8161567678908,229.27754576789079,251.80630334734062
-155.70978,19.501922,2444.5,978355.56,977853.9728583727,501.5871416273294,235.0926406273294,264.47160347503984
-155.739947,19.500924,2097.0,978419.75,977961.0856148921,458.66438510792796,230.05363910792795,255.00709226536844
-155.830944,19.772243,1209.1,978573.0,978250.4884296431,322.51157035690267,190.69790655690267,221.02546574731667
-155.844281,19.733078,1334.1,978566.69,978209.6726628478,357.0173371521523,211.57642335215232,233.225827702181
-155.878947,19.818575,385.3,978755.31,978507.3880025746,247.92199742549565,205.91736202549563,217.95301058159873
-155.922281,19.85524,1.5,978838.13,978627.9789775101,210.15102248988114,209.98749548988116,219.91553745567936
-155.842617,19.789243,721.5,978684.44,978401.9333214237,282.50667857623193,203.85019157623194,217.36513832908906
-155.987283,19.830243,1.5,978838.19,978626.5390998558,211.65090014413,211.48737314413,222.5498787669922
-155.972285,19.772745,421.2,978755.75,978493.6719739554,262.07802604464814,216.15964444464814,231.64005505042516
-155.923946,19.774411,594.1,978713.5,978440.4010797677,273.0989202322671,208.33132643226713,226.55306341857764
-155.875606,19.791076,574.5,978714.06,978447.40806842,266.6519315800397,204.02109058003967,219.14242595883476
-155.865612,19.795243,575.5,978714.38,978447.3389596286,267.04104037140496,204.30118137140497,217.58284078967017
-155.842617,19.805574,626.4,978704.81,978432.2231309258,272.58686907426454,204.29799387426453,216.40019581056742
-155.815609,19.83024,668.7,978699.25,978420.5872611958,278.6627388042398,205.76240220423978,216.45492372991572
-155.784786,19.836072,745.2,978687.25,978397.3131499238,289.93685007619206,208.69663647619205,219.59958763811318
-155.752285,19.840239,765.0,978693.31,978391.4424798478,301.8675201522419,218.4687501522419,229.60910203806299
-155.722286,19.864235,785.8,978701.63,978386.4061187282,315.2238812717842,229.55753687178418,241.49436372154923
-155.58894,19.931896,1231.7,978655.69,978252.7160494507,402.97395054926164,268.69647994926163,285.95994876324704
-155.562283,19.912731,1492.0,978597.56,978171.2976488413,426.2623511587735,263.60749515877353,283.4078568066664
-155.647275,19.861068,1462.7,978582.0,978177.3553182768,404.6446817232063,245.1840531232063,261.73403285904794
-155.594786,19.833569,2269.5,978425.13,977926.9066547416,498.2233452583896,250.80699425838958,281.7460318214145
-155.58061,19.840236,2351.5,978412.75,977902.002374595,510.74762540496886,254.39179840496882,284.91682288854383
-155.56645,19.855235,2350.0,978409.38,977903.3292835285,506.0507164715091,249.8584164715091,281.06894653628376
-155.529783,19.881066,2325.6,978409.56,977912.3437993338,497.2162006662693,243.6839398662693,281.751013821704
-155.613951,19.80857,2146.4,978432.81,977963.4328287928,469.37717120721936,235.38093600721933,275.32206333556724
-154.945626,19.621571,6.1,978857.88,978613.1583538573,244.72164614265785,244.05663634265784,266.8905407138798
-155.007285,19.734398,1.5,978866.31,978621.0323142168,245.2776857832214,245.1141587832214,260.18141121916364
-155.221629,19.335259,837.3,978699.69,978340.3541122765,359.33588772348594,268.05511632348595,286.22434291612774
-155.32229,19.35526,992.1,978690.5,978293.7108745592,396.78912544075865,288.6323676407586,307.8244890585937
-155.998287,19.696918,179.8,978808.19,978563.8407915181,244.34920848184265,224.74777208184264,243.2859073553875
-156.032284,19.686919,0.9,978825.75,978618.4979261796,207.25207382044755,207.15395762044756,229.01020449382278
-155.634276,19.723909,1816.6,978475.25,978060.2952524287,414.95474757126067,216.91264877126068,240.25634507731104
-155.672942,19.691578,1673.4,978495.38,978102.6171018988,392.76289810123853,210.3321769012385,226.77135864354446
-155.727614,19.67058,1565.1,978514.81,978134.82566737,379.98433263006154,209.36026083006155,223.66679331759568
-155.76361,19.641749,1567.6,978520.44,978132.4065676433,388.033432356664,217.13681555666398,231.7267813035265
-155.777949,19.901569,438.6,978766.44,978495.7202116707,270.71978832921013,222.90449352921013,237.85189883003832
-155.52562,19.748574,1984.6,978499.19,978009.8896104152,489.30038958473597,272.943266784736,293.31401068172556
-155.535614,19.725241,1941.0,978506.81,978021.999557399,484.81044260109775,273.2065046010978,289.59632152364543
-155.500611,19.698575,2007.7,978493.88,977999.8986143946,493.98138560540974,275.1059470054097,290.7306386515915
-155.455949,19.760739,2816.4,978317.63,977754.0764151071,563.5535848928848,256.51528969288483,293.55612155092575
-155.402293,19.240434,436.2,978760.31,978458.8157725345,301.4942274655914,253.9405758655914,270.10784446669044
-155.430292,19.247933,497.1,978760.5,978440.4390975717,320.0609024283476,265.86805462834764,281.98642060049394
-155.236124,19.377425,1033.6,978688.31,978282.1556582308,406.1543417692883,293.4733369692883,308.84739443879585
-155.278468,19.32576,891.8,978687.06,978322.999782983,364.06021701707505,266.83796461707504,284.7442039495815
-155.2783,19.276597,287.1,978790.44,978506.871264703,283.5687352969544,252.2696674969544,273.6587587936103
-155.2588,19.275597,321.0,978771.38,978496.3505341305,275.02946586953476,240.03468786953476,272.96452555744736
-155.253292,19.269763,1.8,978844.25,978594.5623680858,249.68763191415928,249.49139951415927,269.4823720976439
-155.232967,19.26443,1.5,978839.38,978594.3553131038,245.0246868962422,244.8611598962422,262.27580595643445
-155.218959,19.258929,5.8,978834.06,978592.7187265784,241.34127342165448,240.70896902165447,259.4471763067901
-155.192792,19.256596,0.6,978834.63,978594.1930872049,240.4369127950631,240.3715019950631,259.3573922049814
-155.2373,19.277763,106.7,978815.69,978562.626890343,253.06310965691227,241.43088905691226,260.89494144723596
-155.723458,19.143611,1371.6,978577.0,978164.7271763241,412.27282367588487,262.7437348758849,286.66421705773797
-155.73362,19.143111,1396.6,978565.38,978156.9859405106,408.39405948936474,256.13952068936476,283.19383392788075
-155.734459,19.149444,1432.6,978562.06,978146.2329814491,415.8270185509464,259.64783175094635,284.6337709689541
-155.745125,19.15611,1508.8,978545.31,978123.0965783711,422.2134216289269,257.7270632289269,286.2820748903323
-155.752464,19.166609,1570.9,978530.75,978104.5254741494,426.22452585061546,254.96814965061546,281.7871364285701
-155.755287,19.173609,1663.3,978506.63,978076.4120160263,430.2179839736782,248.8883445736782,279.93896252074023
-155.760963,19.175276,1595.6,978523.13,978097.3904870368,425.7395129632205,251.79039216322047,279.58755637712596
-155.765617,19.181611,1608.7,978520.94,978093.7037797936,427.23622020636685,251.85896360636684,280.05706551034234
-155.771461,19.188775,1592.9,978526.75,978098.9792460988,427.770753901219,254.11598170121897,282.1210746990778
-155.772285,19.192775,1601.7,978525.06,978096.4884885125,428.57151148759294,253.95738088759293,281.02841327599424
-155.773796,19.202442,1618.5,978521.94,978091.8473404446,430.0926595553756,253.64702655537556,283.8811221618123
-155.287133,19.428255,1219.2,978656.75,978227.7590232498,428.9909767501522,296.0762311501522,310.83758034053625
-155.30613,19.438589,1216.5,978657.13,978229.1771062412,427.95289375877474,295.3324967587747,311.03772701725234
-155.312126,19.439254,1246.6,978644.44,978219.9273352881,424.51266471180134,288.6108259118013,303.47685750863377
-155.318794,19.444087,1316.4,978625.63,978198.6645771649,426.9654228350846,283.4541276350846,299.13763490500037
-155.326621,19.44942,1384.7,978606.75,978177.8937053488,428.85629465116654,277.8990700511665,293.23782218996075
-155.336463,19.457421,1461.5,978587.94,978154.6523500618,433.2876499381382,273.9578429381382,289.77505617385725
-155.351295,19.46492,1566.1,978563.0,978122.807099972,440.19290002796333,269.4598102279633,286.63314916819434
-155.356787,19.471421,1642.6,978547.5,978099.5755736475,447.9244263524888,268.8514595524888,287.4654403166736
-155.363455,19.47692,1723.3,978529.38,978074.99255279,454.38744721002877,266.5167278100288,285.9361638523658
-155.369788,19.480919,1803.2,978513.88,978050.5722367959,463.30776320409495,266.72650560409494,285.96527859428744
-155.374792,19.486085,1886.4,978496.63,978025.201194769,471.4288052310003,265.7772500310003,287.22636217020647
-155.378455,19.491752,1976.0,978478.56,977997.8856157726,480.6743842274882,265.25481622748816,285.9508445864041
-155.381796,19.495752,2031.2,978467.31,977981.086766787,486.2232332130661,264.7858716130661,287.33265549210785
-155.977108,19.715415,509.1,978746.39,978463.2518808122,283.1381191877881,227.6370553877881,248.8149366361546
-155.977276,19.718082,520.3,978743.66,978459.947758188,283.71224181202706,226.99017641202707,248.03315941166053
-155.977611,19.720916,521.4,978742.81,978459.7706401511,283.03935984894633,226.19737464894632,248.11595451807926
-155.978619,19.723415,527.9,978740.5,978457.9076127701,282.59238722990267,225.04178502990266,247.27107305169662
-155.978954,19.726081,530.9,978739.34,978457.1344626999,282.20553730009124,224.32788110009125,245.87990271993087
-155.978619,19.729081,539.3,978737.39,978454.7137591948,282.67624080518726,223.88283340518726,245.41441810778673
-155.978451,19.732246,553.9,978733.41,978450.3889203097,283.02107969031204,222.63600949031203,244.95441381226863
-155.977611,19.735746,563.2,978730.57,978447.7191792558,282.8508207441773,221.45188314417732,242.1913910209464
-155.976787,19.739246,565.3,978730.16,978447.2717396843,282.88826031575445,221.26038491575446,240.42419223517743
-155.977611,19.717082,505.5,978746.83,978464.4585563976,282.3714436023729,227.2628446023729,249.24667605718426
-155.981121,19.717748,455.2,978756.45,978480.0223163165,276.4276836834615,226.8026900834615,247.29860071559273
-155.984783,19.718248,411.0,978764.08,978493.6940422503,270.3859577496769,225.5795597496769,244.1281581808263
-155.987942,19.718581,363.0,978773.45,978508.5294545752,264.92054542480037,225.34701142480037,243.72971311275867
-155.990948,19.719249,335.1,978778.8,978517.1798786742,261.62012132583186,225.08818952583187,245.5604729865966
-155.993954,19.719915,294.2,978787.59,978529.8432212466,257.7467787533533,225.6736831533533,244.63248943375362
-155.996944,19.719249,259.7,978794.16,978540.4548460086,253.70515399146825,225.39317939146827,242.50306427261242
-156.000118,19.719249,230.0,978799.47,978549.6230638362,249.84693616372533,224.77279616372533,242.76369247379841
-156.004619,19.720082,187.5,978807.15,978562.7905240094,244.35947599064093,223.91860099064093,240.73463878668073
-156.008282,19.720748,159.2,978812.14,978571.5650289074,240.57497109263204,223.21930549263203,240.5053832528613
-155.96661,19.699415,605.3,978729.84,978432.6434500853,297.19654991466086,231.20795451466086,252.03495541472915
-155.961452,19.705916,715.3,978708.22,978399.0659906319,309.1540093680378,231.1734339680378,254.28929407563152
-155.954281,19.698582,769.8,978699.39,978381.8261188101,317.5638811899116,233.64182478991162,255.71196488426992
-155.950451,19.706914,889.2,978671.82,978345.4552928794,326.3647071205778,229.42590152057778,251.70038602221405
-155.94328,19.701082,948.7,978662.97,978326.759815493,336.21018450695556,232.78480790695556,259.05483930977135
-155.947277,19.715249,1008.5,978643.34,978309.1177458026,334.22225419734605,224.27760119734603,248.93551340533165
-155.936612,19.703082,1106.7,978627.44,978278.1186072452,349.3213927547913,228.6711721547913,256.51022348517097
-155.932781,19.713582,1278.2,978585.85,978225.8025855029,360.0474144971231,220.7006068971231,247.88445079394393
-155.925443,19.708581,1348.2,978573.2,978203.918348655,369.2816513449652,222.3035837449652,252.07509229777958
-155.92062,19.718081,1556.5,978521.41,978140.1981505805,381.2118494195165,211.5253324195165,242.59262224648674
-155.976452,19.702915,467.2,978755.24,978475.4686977584,279.7713022415992,228.8380926415992,248.67419060314796
-156.018275,19.722749,101.8,978821.23,978589.3997024896,231.83029751037247,220.73226511037248,237.60771423789518
-156.02978,19.725415,49.6,978827.59,978605.6676193606,221.92238063935656,216.51508783935657,234.03611170740712
-156.034449,19.71575,34.6,978827.03,978609.7446211242,217.28537887579296,213.51335607579296,232.53531848550946
-156.04745,19.714417,2.9,978824.65,978619.4548994162,205.19510058383457,204.87894838383457,226.94660692791584
-156.058284,19.724749,6.7,978818.7,978618.873777189,199.82622281101067,199.09580221101066,224.91015319673295
-155.978619,19.726081,533.0,978738.94,978456.4862925055,282.4537074944237,224.34711349442372,246.08870619848244
-155.979275,19.691417,362.7,978775.12,978507.0664142558,268.0535857442301,228.51275714423008,247.4823931506684
-155.988109,19.69775,277.5,978790.62,978533.7287590951,256.8912409049226,226.6387459049226,245.60590917438097
-156.009273,19.688585,106.9,978819.16,978585.8687216557,233.2912783443462,221.6372541443462,240.68676782737987
-156.021618,19.692416,37.4,978826.86,978607.5439766512,219.31602334883064,215.23875014883063,234.37169643846994
-156.024775,19.733415,79.8,978825.38,978596.8028788549,228.57712114509195,219.87748474509195,237.3860181286889
-155.975277,19.68875,399.1,978768.34,978495.6780208624,272.6619791375706,229.15289533757058,248.66761546015397
-155.942611,19.571256,349.1,978782.81,978504.4046077828,278.405392217217,240.34720841721702,263.1058778637108
-155.927276,19.577256,604.9,978741.54,978425.7907731511,315.7492268489441,249.80423864894408,271.42814422542415
-155.92662,19.575755,607.3,978741.09,978424.9645405378,316.1254594621714,249.91882806217143,271.0253886211002
-155.928618,19.577256,589.1,978743.85,978430.667344436,313.18265556392726,248.96015176392726,272.59709739777304
-155.929778,19.576088,563.5,978748.49,978438.5021767627,309.98782323731575,248.55618023731574,271.6393299925657
-155.928954,19.574091,558.6,978749.11,978439.9008233006,309.2091766993981,248.3117218993981,271.20604587308065
-155.930617,19.573089,541.0,978752.54,978445.2760119558,307.26398804422934,248.28525004422934,269.2033304520612
-155.931609,19.574091,526.8,978755.02,978449.7159458617,305.30405413836706,247.87337173836707,269.48080253945056
-155.933288,19.57509,509.3,978757.82,978455.1743061696,302.64569383033086,247.12282643033086,271.1775683526747
-155.936111,19.57509,447.5,978766.89,978474.2495550576,292.6404449424008,243.8548899424008,266.73872701362245
-155.938781,19.57559,418.2,978772.52,978483.3219917422,289.1980082577793,243.6066806577793,265.0044134498093
-155.941619,19.57509,381.8,978777.16,978494.5291899614,282.63081003865227,241.00773763865226,264.94498777271025
-155.943618,19.574922,351.3,978782.28,978503.9342776175,278.34572238253895,240.04769898253895,261.2746770256139
-155.946288,19.573923,302.4,978791.63,978518.9719836472,272.65801635279786,239.69097315279785,263.16056665916113
-155.933776,19.582589,514.4,978754.59,978454.0273113997,300.56268860027194,244.48382940027193,266.22257963714003
-155.938949,19.580588,437.1,978767.77,978477.7728405691,289.9971594308736,242.34539163087356,263.9382049988172
-155.938109,19.568256,409.3,978772.42,978485.6515329782,286.7684670218732,242.1473996218732,265.3389018244897
-155.920288,19.515925,478.8,978758.69,978461.2231307854,297.46686921454966,245.26905081454964,268.6251548749434
-155.921112,19.514926,478.2,978758.31,978461.3515786948,296.95842130528763,244.82601370528764,268.5999432577946
-155.920456,19.509593,454.7,978762.49,978468.3022570175,294.1877429825254,244.6172583825254,267.81649859220227
-155.919617,19.508259,451.8,978762.86,978469.1216280953,293.7383719047066,244.48403950470657,267.4766789832286
-155.918457,19.508759,467.6,978760.48,978464.2731308496,296.2068691503955,245.2300523503955,268.61188552374085
-155.915787,19.509759,510.4,978755.11,978451.1192834753,303.990716524655,248.347929324655,272.1847028408431
-155.913452,19.509759,529.2,978751.98,978445.3165640716,306.6634359284071,248.97111032840712,270.98993577011015
-155.912445,19.51026,556.3,978746.89,978436.9805491894,309.90945081063546,249.26273741063545,272.72659707986736
-155.910614,19.511092,584.0,978741.64,978428.4782533238,313.16174667619634,249.49523467619633,273.8297210959362
-155.908615,19.512093,611.8,978736.68,978419.9548054048,316.7251945952885,250.02798219528847,272.95393090763787
-155.906784,19.512425,630.2,978733.24,978414.2946758026,318.94532419741154,250.24218059741153,274.6847354290304
-155.904282,19.513259,654.1,978728.68,978406.9656106407,321.71438935934566,250.40571555934565,271.511375429601
-155.904617,19.513259,668.0,978726.24,978402.6755874099,323.56441259011626,250.74038859011625,273.5447826501617
-155.868124,19.206276,517.5,978720.82,978431.805669037,289.01433096290566,232.59751596290567,259.4253447959735
-155.865958,19.205443,547.1,978715.1,978422.6227986777,292.47720132232644,232.83345352232644,258.96499491653844
-155.864127,19.205777,571.4,978710.57,978415.1412973835,295.42870261648204,233.13581741648204,260.35583761799967
-155.861288,19.204943,610.7,978702.64,978402.9647540515,299.6752459484851,233.09795334848508,258.650871450895
-155.860297,19.203276,623.8,978700.34,978398.8281176244,301.51188237557653,233.50645397557653,260.5349784513506
-155.868123,19.209277,523.6,978718.88,978430.0910648849,288.7889351150952,231.70711031509524,257.8612228589936
-155.87029,19.213276,527.5,978715.99,978429.1114792399,286.87852076010313,229.3715257601031,257.1672951440113
-155.871618,19.21311,501.9,978720.47,978437.0038037621,283.46619623783045,228.75006203783045,257.66066255238763
-155.874624,19.21361,471.7,978725.85,978446.3534121142,279.49658788577653,228.07279728577652,256.4053948426963
-155.877294,19.214444,422.8,978734.76,978461.4939972531,273.266002746881,227.17319234688097,254.90766566589065
-155.879461,19.214776,388.7,978741.39,978472.0383691302,269.3516308697872,226.97633426978717,257.52008978235443
-155.882619,19.215109,337.0,978750.66,978488.0157687662,262.64423123386223,225.90516523386222,255.1020842809313
-155.883626,19.215277,316.9,978754.39,978494.2297504101,260.1602495899424,225.6124453899424,257.057311663597
-155.948622,19.598422,322.8,978789.01,978514.0707157741,274.9392842259258,239.7482738259258,261.03229972042243
-155.94911,19.601421,314.1,978788.52,978516.9272456439,271.59275435609743,237.35020055609743,260.377672614379
-155.94879,19.603254,330.0,978787.73,978512.1236904629,275.6063095370773,239.6303695370773,261.2715793549043
-155.950117,19.603921,310.1,978790.92,978518.3045317497,272.61546825035475,238.80898645035475,262.0210763064122
-155.953108,19.602922,276.2,978795.82,978528.7120833201,267.1079166798154,236.9971450798154,258.1452928088577
-155.954786,19.601921,248.5,978800.69,978537.2057833808,263.48421661916655,236.39324361916655,259.80918703752917
-155.957289,19.602922,207.9,978807.97,978549.7959636361,258.17403636383824,235.50919416383823,256.4108678941576
-155.957441,19.604421,207.8,978808.28,978549.9123072112,258.36769278883,235.71375238883002,256.6606311786936
-155.905458,19.486093,469.7,978761.68,978462.3383840382,299.3416159618646,248.13586136186458,274.24310944442175
-155.907791,19.487594,460.7,978763.29,978465.2015139171,298.0884860829683,247.8638934829683,271.36750113718733
-155.905289,19.488928,491.8,978757.61,978455.6778243445,301.93217565550003,248.31712325550004,272.6066359396977
-155.902451,19.490926,551.8,978745.6,978437.2718918476,308.3281081523746,248.17197575237464,273.06994603977006
-155.900787,19.492094,591.1,978737.66,978425.2083112688,312.45168873120565,248.01114893120564,271.85107948280546
-155.92012,19.511426,460.1,978761.68,978466.7395719825,294.9404280175222,244.7812462175222,266.8307724447052
-155.922119,19.510592,432.1,978766.13,978475.3348528228,290.7951471771812,243.6884693771812,265.85155192909644
-155.923615,19.510426,421.7,978767.53,978478.5355804017,288.99441959836986,243.02152899836986,267.756131324089
-155.924454,19.511092,403.3,978770.92,978484.2529490254,286.6670509746764,242.70009157467638,264.99624820220305
-155.925949,19.51126,378.9,978775.18,978491.7941354521,283.3858645479195,242.07894434791947,265.7019152197733
-155.927124,19.51076,364.1,978777.53,978496.3341552004,281.1958447996294,241.50239099962943,265.71447494103603
-155.92778,19.509926,355.8,978779.27,978498.8488217413,280.42117825872265,241.63257385872265,266.1111174049609
-155.928787,19.508425,331.1,978784.5,978506.3879987053,278.1120012947358,242.01614149473582,264.1064162975167
-155.930115,19.509259,319.6,978785.61,978509.9852211319,275.62477886804845,240.78262606804844,263.30676848618214
-155.931458,19.511092,312.7,978789.08,978512.2192463765,276.86075362341944,242.77082502341943,267.41327673176085
-155.932114,19.51026,289.2,978793.34,978519.4261405108,273.91385948914103,242.38585388914103,267.0677086159679
-155.932617,19.509259,279.5,978795.15,978522.3635808865,272.7864191135159,242.31588811351588,266.12182792717635
-155.933289,19.507426,258.7,978799.29,978528.6802772469,270.6097227531718,242.40676615317182,264.196562002561
-155.935455,19.509093,226.9,978805.79,978538.5914586686,267.1985413314542,242.46235713145418,267.23581999516864
-155.937454,19.51076,218.2,978806.88,978541.3718056934,265.5081943066325,241.7204667066325,265.2645290655434
-155.880956,19.214943,358.7,978746.87,978481.3080695715,265.5619304284919,226.4571738284919,255.38937691356065
-155.903946,19.490093,516.8,978752.88,978448.0274880778,304.8525119222468,248.51200952224679,272.2491041403213
-155.96661,19.699583,607.3,978729.79,978432.0357854958,297.754214504268,231.54758310426803,251.7917248052512
-155.962276,19.698082,664.5,978718.4,978414.2957801156,304.10421988437884,231.66175888437883,253.39600487745128
-155.964947,19.704916,658.4,978718.01,978416.5697713015,301.44022869854234,229.66277749854234,253.0239762601724
-155.954281,19.69875,769.8,978698.9,978381.8357376765,317.06426232354715,233.14220592354715,255.22182505941896
-155.952283,19.698416,800.1,978691.55,978372.4655535007,319.084446499357,231.859144699357,256.58166841286004
-155.950954,19.707248,887.0,978671.87,978346.1533450302,325.71665496984497,229.01768896984498,251.1631300321804
-155.95628,19.711082,817.2,978685.17,978367.9136648356,317.2563351644203,228.1668255644203,252.4295777934003
-155.943112,19.701416,954.0,978660.56,978325.1434050607,335.4165949393064,231.41342293930637,257.45189641632095
-155.949779,19.715749,961.6,978652.44,978323.619112668,328.82088733196724,223.98917853196724,248.7500838824527
-155.943615,19.710248,1040.9,978637.1,978298.833210601,338.266789398971,224.789953198971,251.89621088258917
-155.940945,19.715081,1130.8,978615.12,978271.3694628734,343.7505371265579,220.47298272655792,247.77158822094566
-155.935788,19.707248,1170.4,978610.27,978258.7016461107,351.5683538892772,223.9736866892772,253.6126060121713
-155.929287,19.716747,1388.1,978557.25,978192.0758034451,365.17419655492995,213.84631075492996,243.95142498641013
-155.923108,19.711581,1402.1,978558.59,978187.4604313229,371.12956867704634,218.27543087704635,249.27896827175988
-155.933943,19.607921,595.5,978741.72,978430.4397765675,311.28022343246266,246.36000443246266,269.3006463616587
-155.934446,19.606588,585.4,978743.28,978433.4810642747,309.79893572535366,245.97979852535366,267.9622025925889
-155.935453,19.606254,569.3,978745.47,978438.4312247015,307.0387752985116,244.97482789851162,265.24736603291313
-155.935942,19.607755,561.9,978747.34,978440.8008235834,306.53917641658336,245.28196221658337,266.14834499315856
-155.936445,19.607755,556.9,978748.34,978442.3440688914,305.9959311085986,245.2838069085986,266.745679170313
-155.938276,19.607755,533.0,978751.75,978449.7208316976,302.0291683024261,243.9225743024261,267.2955001498113
-155.939787,19.607088,510.3,978756.32,978456.6892501985,299.63074980140664,243.99886440140665,265.19258145858873
-155.941114,19.606754,486.1,978760.74,978464.1397247995,296.6002752004424,243.6066254004424,265.64595053486244
-155.942945,19.606588,453.9,978766.16,978474.0691760563,292.0908239437267,242.60755374372673,264.85488128986435
-155.94412,19.606254,435.2,978769.28,978479.8221780818,289.4578219181858,242.0131883181858,262.28394069183366
-155.945784,19.605754,401.1,978775.13,978490.3192973615,284.8107026384678,241.08358283846778,264.657209698634
-155.947111,19.605255,382.1,978778.27,978496.1556369234,282.114363076631,240.45858527663097,263.2722251656317
-155.948622,19.605089,347.0,978784.99,978506.9807465695,278.0092534305295,240.18000743052949,260.968698692372
-155.970775,19.692415,422.8,978765.13,978488.5722980045,276.5577019954799,230.46489159547986,257.1200313710356
-155.961286,19.652919,386.8,978775.91,978497.425689,278.48431099997833,236.31614859997833,258.9217765731503
-155.965115,19.65142,310.9,978790.47,978520.7688050597,269.7011949402513,235.8074987402513,256.51580270683917
-155.982282,19.67925,276.8,978791.96,978532.8861254345,259.07387456542347,228.89769216542345,248.45252738355754
-155.977612,19.680249,329.5,978782.51,978516.6755265701,265.83447342994623,229.91304242994624,250.78246765233015
-155.981442,19.659252,175.3,978813.2,978563.0753891837,250.12461081624497,231.01375541624498,250.5923608150172
-155.970776,19.63892,178.0,978815.57,978561.0802952104,254.48970478959382,235.08450078959382,254.59874242788356
-155.974286,19.639754,133.8,978823.96,978574.7727946044,249.18720539554488,234.6005969955449,254.16799487523218
-155.989621,19.649419,94.5,978826.06,978587.4573011325,238.6026988675585,228.3004978675585,249.48421679069065
-155.972609,19.613088,32.0,978840.69,978604.6783323261,236.0116676738253,232.5230916738253,252.93420635702466
-155.971449,19.610753,42.4,978838.21,978601.3344058072,236.87559419276658,232.2532309927666,253.14242181780995
-155.953948,19.571756,143.3,978819.77,978567.9624527043,251.8075472956989,236.1852678956989,259.6720702421412
-155.956954,19.56559,86.6,978830.55,978585.1154681831,245.43453181697987,235.99357301697987,257.4389965075575
-155.959945,19.567922,43.9,978837.84,978598.4306153564,239.40938464354258,234.62349444354257,254.9091974370072
-155.958448,19.577089,87.8,978827.87,978585.3997679433,242.47023205668665,232.89845165668666,255.38320382637426
-155.950788,19.607088,334.4,978786.19,978510.984121905,275.20587809488643,238.75025889488643,262.53715917246853
-155.933455,19.550423,414.8,978771.28,978482.9389164596,288.34108354046475,243.12041714046475,266.60758100710893
-155.922943,19.518426,442.6,978766.22,978472.5388429662,293.68115703377407,245.42979023377407,268.3945867679914
-155.923615,19.526258,457.5,978764.11,978468.384762602,295.7252373979427,245.8495023979427,269.9333008311355
-155.938613,19.561924,368.4,978780.43,978497.9158402154,282.5141597846523,242.35192858465228,263.0034982986028
-155.942611,19.571256,349.1,978782.73,978504.4046077828,278.3253922171425,240.2672084171425,263.0258778636363
-155.947782,19.612754,430.7,978770.15,978481.5819138273,288.5680861726869,241.61403357268688,265.69482368304773
-155.95178,19.639753,452.2,978765.08,978476.4866070488,288.59339295118116,239.29545335118115,261.75012058560037
-155.956616,19.659251,488.9,978758.02,978466.2727124712,291.7472875288222,238.4483873288222,259.80847633160636
-155.949278,19.615755,400.2,978774.22,978491.1675457027,283.0524542973144,239.4234506973144,260.7103922082885
-155.918121,19.492927,396.9,978772.61,978485.1971844615,287.41281553846784,244.14357133846784,267.6660359495246
-155.914291,19.483762,344.4,978785.37,978500.882719438,284.48728056193795,246.94148136193795,273.56180841211346
-155.904954,19.478595,285.9,978801.1,978518.6477238471,282.45227615290787,251.28402995290787,280.1977861062858
-155.900788,19.473761,245.7,978810.9,978530.7830276618,280.1169723381754,253.33124973817542,278.24132077653275
-155.909623,19.468428,89.6,978841.94,978578.6697739528,263.2702260471415,253.50221324714147,277.783860938943
-155.880617,19.429931,332.5,978787.77,978501.505903224,286.2640967760235,250.0156117760235,275.6782982502689
-155.890946,19.458095,227.1,978814.4,978535.6367889495,278.7632110505365,254.0052232505365,279.2430662851412
-155.910446,19.487926,405.7,978773.16,978482.1970891568,290.9629108431982,246.7343082431982,270.6392008420449
-155.90979,19.488428,444.3,978765.86,978470.3109423533,295.54905764665455,247.11236024665453,271.6469448185514
-156.011608,19.719916,140.5,978814.87,978577.2901907004,237.57980929955374,222.26278029955375,240.36560199269726
-155.99728,19.719081,256.5,978794.62,978541.4330344951,253.18696550489403,225.22384850489402,242.66783350177846
-155.991787,19.715915,315.5,978783.12,978523.0390211137,260.08097888634074,225.68579988634076,244.53188835543898
-155.98428,19.717248,417.6,978763.19,978491.5995229982,271.5904770017369,226.06456020173687,244.5357015026388
-155.982113,19.717082,446.5,978757.76,978482.6695343824,275.09046561759897,226.41392861759897,247.83240527105994
-155.982113,19.717748,446.5,978757.34,978482.707695681,274.6323043189477,225.95576731894772,247.33419765910702
-155.987285,19.718415,382.8,978770.01,978502.4081654993,267.60183450067416,225.86974410067415,246.3517423792653
-155.988949,19.719249,347.5,978775.85,978513.3522442707,262.4977557292441,224.61400072924408,243.39615669578447
-155.997112,19.720248,256.6,978794.57,978541.4690387817,253.1009612182388,225.1269424182388,243.16059452391224
-156.01144,19.720916,141.1,978814.82,978577.1622701914,237.65772980859037,222.2752900085904,240.25955037119212
-155.993787,19.646585,43.0,978832.88,978603.1944866609,229.68551333912183,224.99773933912184,243.6784707506224
-155.982449,19.627087,38.7,978837.54,978603.408652593,234.1313474070048,229.9123508070048,248.62975632146524
-155.983121,19.626419,33.8,978837.2,978604.8832780916,232.3167219083989,228.6319135083989,247.87711407178628
-155.985776,19.630419,29.6,978838.31,978606.408245746,231.90175425400957,228.6748214540096,247.35821370747882
-155.961943,19.602922,123.8,978823.33,978575.7581584669,247.57184153306298,234.07541313306297,255.27398455122525
-155.949949,19.583088,252.2,978800.52,978534.9902610355,265.52973896451294,238.03539936451295,261.65918037781734
-155.899613,19.463929,181.1,978823.44,978550.1676695542,273.2723304457031,253.52917064570312,276.9263028501467
-155.878787,19.374599,263.7,978790.19,978519.6158907595,270.57410924043506,241.82606264043505,272.0038977518178
-155.879947,19.381599,261.9,978792.78,978520.566809714,272.21319028607104,243.66137608607104,271.596636731371
-155.878451,19.386932,271.3,978793.3,978517.9663198232,275.3336801768746,245.75709677687462,273.28472784242257
-155.87778,19.3551,266.7,978781.57,978517.5893916659,263.98060833406635,234.90550773406636,266.24320900216264
-155.874623,19.312269,326.8,978759.17,978496.6233376537,262.5466623463435,226.9195799463435,261.0486670831319
-155.876119,19.259107,406.9,978738.76,978468.9083478916,269.85165210836567,225.49222790836566,258.2661603818967
-155.871785,19.216775,510.8,978718.57,978434.4622238424,284.10777615755796,228.42138175755795,258.1064787637586
-155.906958,19.184279,3.3,978815.98,978589.3041746302,226.67582536977716,226.31606596977716,254.96863070014373
-155.838798,19.126946,525.3,978722.99,978424.9599060358,298.0300939641893,240.76293856418928,261.63382755964693
-155.868124,19.206276,517.5,978720.67,978431.805669037,288.8643309629988,232.4475159629988,259.27534479606663
-155.872625,19.221609,499.1,978720.83,978438.3446063105,282.4853936894797,228.07450988947966,256.20636497152174
-155.875127,19.227109,478.9,978723.36,978444.8880520007,278.47194799932186,226.26322779932184,256.49710512961155
-156.004453,19.640919,4.9,978834.5,978614.6333446515,219.86665534845088,219.3324671484509,239.24038271471616
-156.014279,19.646254,1.8,978828.64,978615.8951254744,212.74487452558242,212.5486421255824,233.64130229723824
-155.996945,19.639754,2.4,978839.68,978615.3386366875,224.34136331256013,224.07972011256012,243.0239604125649
-155.989118,19.631754,10.1,978840.4,978612.5046387671,227.89536123292055,226.79427943292055,246.22742722497892
-155.971617,19.587922,6.7,978842.42,978611.0543816697,231.3656183303101,230.6351977303101,251.274191949307
-155.962111,19.564925,20.1,978842.42,978605.6076763313,236.81232366873883,234.62106186873882,256.40749638150123
-155.920288,19.515925,478.8,978758.78,978461.2231307854,297.5568692146335,245.35905081463346,268.7151548750272
-155.929778,19.543091,437.0,978768.03,978475.6694103207,292.3605896793306,244.71972367933057,266.57784501846294
-155.948942,19.606588,354.2,978783.02,978504.8437374659,278.1762625341071,239.56208693410707,260.98478681546413
-155.951612,19.61292,342.7,978784.9,978508.7547054605,276.145294539514,238.784825939514,261.92649900018176
-155.958448,19.622588,258.2,978800.49,978535.3903351998,265.0996648002183,236.9512172002183,259.82282293391205
-155.965284,19.627753,178.0,978815.71,978560.4427404203,255.26725957961753,235.86205557961753,255.23700155619937
-155.994275,19.64242,24.4,978836.06,978608.6988739964,227.3611260036705,224.7010868036705,243.49469027594435
-155.974774,19.682584,361.2,978775.93,978507.0239648292,268.9060351708904,229.52873357089038,249.08609488417613
-155.979611,19.670418,260.0,978796.29,978537.5669921219,258.7230078781722,230.3783278781722,250.30086215810667
-155.967786,19.674417,453.2,978762.48,978478.1590628684,284.32093713153154,234.91397953153154,256.10711884908335
-155.948454,19.633253,461.8,978765.42,978473.1522726485,292.2677273515146,241.9232149515146,262.583916451254
-155.88495,19.465762,410.6,978778.81,978479.4276629485,299.38233705156017,254.61954625156017,283.97923001096416
-155.879945,19.449928,349.3,978790.36,978497.4522763847,292.90772361529525,254.82773621529526,281.1586145903068
-155.880114,19.396266,282.5,978793.22,978515.0363555822,278.18364441778976,247.38605941778977,274.94995658739884
-155.974773,19.696917,438.3,978760.58,978484.0456651532,276.53433484677225,228.75174544677225,249.15963294710562
-155.880953,19.409765,273.7,978796.83,978518.5159160055,278.31408399448264,248.47585739448266,272.77833176106276
-155.881289,19.403598,275.3,978795.1,978517.6733419789,277.4266580210533,247.4140026210533,271.90592507550906
-155.880953,19.400765,273.0,978795.63,978518.2231925017,277.4068074983079,247.6448934983079,272.71852623503275
-155.878618,19.393931,290.2,978790.88,978512.5274954959,278.35250450414605,246.71548090414606,273.99043190332577
-155.886783,19.371434,135.6,978813.72,978558.981994905,254.73800509492867,239.95516429492866,268.5652310887636
-155.877628,19.359767,264.3,978783.58,978518.5935502689,264.9864497310482,236.1729923310482,266.96908171074773
-155.873447,19.342268,324.9,978767.02,978498.9000543517,268.11994564835913,232.69999744835914,265.0826892101941
-155.872623,19.328769,320.4,978765.44,978499.5282950858,265.9117049141787,230.9823377141787,263.610280315519
-155.875126,19.308438,344.7,978753.28,978490.882224121,262.39777587901335,224.81927127901335,260.16105553377133
-155.873951,19.298105,372.6,978746.28,978481.6884842488,264.5915157512063,223.9714089512063,258.46252072533014
-155.87595,19.272772,382.5,978743.97,978477.2078655823,266.7621344176587,225.06274941765867,257.18668258587917
-155.87479,19.278605,378.5,978745.71,978478.7704771223,266.9395228776848,225.67620987768478,257.27514760628355
-155.914781,19.43443,42.7,978840.28,978591.222938336,249.05706166406162,244.40199306406163,268.8807087388893
-155.915788,19.44193,25.3,978846.09,978597.0193784432,249.07062155671883,246.31246615671884,269.4994245996104
-155.917787,19.454929,21.0,978850.94,978599.0831585849,251.85684141505044,249.56746341505044,271.8851569772114
-155.919282,19.465429,11.6,978853.44,978602.5802205227,250.85977947723586,249.59517067723587,271.74856270821687
-155.880617,19.416597,292.2,978794.11,978513.1915230219,280.9184769780841,249.06341737808407,274.6347310245228
-155.884615,19.421265,268.6,978802.74,978520.7406771487,281.9993228513049,252.7170880513049,279.8872784243956
-155.888781,19.431264,207.3,978813.29,978540.229579772,273.06042022805195,250.46098882805194,274.75864122520835
-155.914445,19.430597,37.8,978840.94,978592.5187444435,248.42125555640087,244.30037515640086,269.11366282413263
-155.911454,19.425932,24.0,978844.8,978596.5151824515,248.28481754858512,245.66838554858512,269.278301379812
-155.904955,19.424765,48.3,978844.11,978588.9471105149,255.16288948513102,249.897320085131,274.3208185844144
-155.900118,19.422764,87.7,978836.84,978576.6702766786,260.16972332133446,250.60884472133446,273.6623051032709
-155.898455,19.420931,99.9,978833.59,978572.8002219204,260.78977807960473,249.89887987960472,274.4946404775505
-155.894457,19.429431,144.3,978825.76,978559.5742950598,266.1857049402315,250.4544075402315,273.36583900272785
-156.017284,19.674418,17.1,978831.15,978612.7813711346,218.36862886545714,216.50442106545714,236.09012389124433
-156.020946,19.683085,16.5,978828.24,978613.462384875,214.7776151249418,212.9788181249418,232.97442934654538
-156.025783,19.694417,28.6,978827.89,978610.3752921644,217.514707835624,214.396793035624,233.76632514621613
-156.028118,19.698417,34.2,978828.82,978608.8754145548,219.94458544510417,216.21616984510416,236.21878938849267
-156.03294,19.706584,29.0,978825.31,978610.9484353837,214.36156461632345,211.20004261632346,230.6187929440286
-156.030452,19.732749,50.0,978828.75,978605.9645573976,222.78544260235503,217.33454260235504,234.48847676705927
-156.028941,19.741582,47.8,978833.79,978607.1502793229,226.63972067716531,221.4286602771653,238.384249451336
-156.02711,19.752581,40.8,978838.51,978609.9423496692,228.56765033083502,224.119715930835,239.2835236233799
-156.024943,19.762412,53.9,978836.76,978606.4623320069,230.2976679931162,224.4215977931162,239.05580261464593
-156.016444,19.778246,71.2,978831.55,978602.0307559638,229.519244036288,221.757162436288,235.3445948952037
-155.948622,19.598422,322.8,978789.83,978514.0707157741,275.7592842258746,240.56827382587457,261.8522997203712
-155.913452,19.509759,529.2,978752.03,978445.3165640716,306.7134359284537,249.0211103284537,271.0399357701567
-155.905458,19.486093,469.7,978761.5,978462.3383840382,299.16161596181337,247.95586136181336,274.0631094443705
-155.876958,19.253774,410.3,978736.64,978467.559316308,269.0806836920092,224.35059829200918,257.1374621551725
-155.877126,19.243107,437.6,978731.16,978458.5336773786,272.62632262147963,224.92004582147962,256.2584997803401
-155.876958,19.236275,440.6,978729.55,978457.2242135102,272.3257864898769,224.29245568987693,254.82133138957954
-155.867285,19.196944,521.3,978721.58,978430.1098716863,291.47012831363827,234.63904491363826,261.5075347815631
-155.863623,19.168778,501.8,978723.28,978434.5517811101,288.72821888991166,234.02298648991166,258.2585674674031
-155.853462,19.148113,516.0,978721.95,978429.0131125558,292.9368874441134,236.68359944411338,259.9979373026922
-155.947782,19.612754,430.7,978769.71,978481.5819138273,288.12808617262635,241.17403357262634,265.2548236829872
-155.947111,19.605255,382.1,978778.13,978496.1556369234,281.974363076617,240.318585276617,263.13222516561774
-155.934112,19.556424,434.7,978767.68,978477.1378534752,290.5421465248801,243.15202192488007,265.11788050826624
-155.925612,19.541924,472.7,978760.18,978464.5837159602,295.59628403990064,244.06347543990063,265.0292569207358
-155.916123,19.517926,532.5,978748.9,978444.7619089711,304.1380910289008,246.0860060289008,269.416208987302
-155.902619,19.48776,527.3,978750.54,978444.6542335079,305.8857664921088,248.40057509210882,273.94381719910376
-155.89145,19.476594,480.4,978763.14,978458.4968988998,304.6431011002278,252.2708539002278,277.0741586777217
-155.880448,19.461928,410.5,978778.84,978479.2412236863,299.5987763137091,254.8468873137091,283.843615794275
-155.884446,19.45743,317.6,978796.56,978507.662529522,288.89747047808487,254.27335367808487,280.8741314027243
-155.88495,19.443596,269.4,978803.9,978521.7576788191,282.1423211809015,252.7728719809015,276.40072598811884
-155.887623,19.313936,10.1,978821.52,978594.48479002,227.0352099799784,225.9341281799784,259.35549874020086
-155.881459,19.314938,132.3,978798.41,978556.815459873,241.59454012708738,227.17145872708738,263.08074211055356
-155.955275,19.580423,176.0,978813.56,978558.3613338298,255.19866617023945,236.01149817023946,259.0182802750181
-155.954618,19.58159,177.1,978812.86,978558.088236491,254.771763509023,235.464675709023,258.47341879920236
-155.936111,19.57509,447.5,978766.83,978474.2495550576,292.5804449423449,243.79488994234492,266.6787270135666
-155.927276,19.577256,604.9,978741.5,978425.7907731511,315.70922684890684,249.76423864890683,271.3881442253869
-155.853118,19.600754,1335.4,978586.7,978201.7052356815,384.9947643184569,239.41212711845685,257.7744021566388
-155.891784,19.589088,1036.7,978657.54,978293.2065505177,364.3334494823357,251.3144888823357,270.57894018459126
-155.90512,19.580922,890.5,978686.78,978337.8571947637,348.92280523630325,251.84227623630323,271.71683020836196
-155.939787,19.607088,510.3,978756.17,978456.6892501985,299.48074980149977,243.84886440149978,265.04258145868187
-155.94412,19.606254,435.2,978769.14,978479.8221780818,289.31782191817183,241.87318831817183,262.1439406918197
-155.933943,19.607921,595.5,978741.56,978430.4397765675,311.1202234325465,246.20000443254648,269.14064636174254
-155.882948,19.623418,1246.6,978615.65,978230.3967348706,385.2532651294023,249.35142632940227,270.4202821782166
-155.873289,19.628419,1344.2,978593.08,978200.5684802122,392.5115197877167,245.96952418771667,265.99325306209107
-155.897947,19.61492,1058.3,978657.95,978288.0142111368,369.9357888631057,254.5620394631057,274.1975883478187
-155.901122,19.609921,1015.6,978666.68,978300.9053928386,365.7746071614092,255.0559263614092,276.7383315447308
-155.910444,19.605255,896.2,978690.46,978337.4850991097,352.97490089025814,255.27296929025812,276.74585247953314
-155.919783,19.604921,759.9,978715.06,978379.5296049322,335.530395067879,252.687616867879,273.83243731645894
-155.89029,19.495094,738.6,978709.88,978379.8550102086,330.0249897914473,249.5042949914473,273.72566124699466
-155.880784,19.50076,871.4,978684.37,978339.1927060059,345.17729399411473,250.17900879411474,273.28374791615505
-155.807786,19.51009,1462.4,978549.62,978157.3627374754,392.2572625245666,232.8293393245666,252.92129572803
-155.799958,19.50709,1521.8,978537.13,978138.8666155635,398.26338443649,232.35979203649,253.43824129344205
-155.814454,19.51709,1427.8,978560.16,978168.4352028745,391.7247971255565,236.0688967255565,255.53094242722864
-155.821778,19.514924,1380.8,978568.49,978182.8129114243,385.6770885756705,235.1450341756705,255.73683158250523
-155.829789,19.512092,1342.3,978579.46,978194.5305624623,384.9294375376776,238.5945761376776,259.76680734063973
-155.836946,19.509758,1250.2,978600.86,978222.8147647885,378.0452352114953,241.7509316114953,261.87374815101623
-155.843446,19.505926,1189.6,978616.06,978241.295494938,374.76450506201945,245.07669226201946,266.4915754626473
-155.851945,19.509426,1110.6,978632.93,978265.8707991139,367.0592008861713,245.98381008617133,265.81231815830034
-155.859956,19.504925,1071.9,978642.04,978277.5569440861,364.4830559139373,247.62666171393727,269.50840952274007
-155.87462,19.502259,945.8,978672.96,978316.3180530034,356.6419469965622,253.53272259656217,275.81293402918857
-155.866944,19.50376,1010.0,978653.77,978296.5918745212,357.17812547879294,247.06994547879293,268.36824524448235
-155.885957,19.495427,827.7,978692.64,978352.3761249633,340.2638750367332,250.0296764367332,276.8386617417109
-155.895616,19.491094,638.2,978729.47,978410.614543893,318.8554561069468,249.28016850694678,273.8542314090042
-156.018108,19.692584,60.3,978823.91,978600.483840329,223.42615967104211,216.85237427104212,235.74235141363852
-156.015453,19.69225,91.6,978820.38,978590.8018228969,229.57817710307427,219.59212830307428,240.1274564740167
-156.012783,19.690917,97.0,978819.62,978589.058461742,230.56153825798538,219.98679225798537,239.11913333632273
-156.010784,19.689416,106.7,978819.34,978585.9780212453,233.36197875463404,221.72975815463403,241.13616187684798
-156.006954,19.688916,134.0,978817.26,978577.5215574956,239.73844250442926,225.13003050442927,246.15139052308007
-156.00378,19.690084,151.0,978815.84,978572.3403451992,243.49965480074752,227.03793680074753,247.9333764682095
-156.002117,19.691751,164.4,978813.84,978568.2990792743,245.54092072567437,227.61836152567437,246.6991221415915
-156.006954,19.688916,120.7,978818.31,978581.627419337,236.68258066300768,223.52410806300767,243.372554838833
-156.000454,19.693418,173.6,978809.29,978565.5544047317,243.73559526831377,224.81007046831377,244.49639019721957
-155.998943,19.695417,182.7,978808.11,978562.8596247205,245.25037527945824,225.33278667945825,244.48281885242886
-155.996441,19.697583,195.0,978806.85,978559.1865816622,247.66341833781917,226.40490833781917,244.6131502857074
-155.993618,19.698582,222.8,978804.77,978550.6619285407,254.10807145934086,229.81886105934086,247.82518900604276
-155.976116,19.690751,389.7,978766.6,978498.6940638699,267.9059361300897,225.42162153008968,246.2918098961793
-155.978954,19.690917,348.0,978775.15,978511.5753677491,263.5746322509367,225.6363682509367,245.31010827174222
-155.981441,19.692584,310.8,978781.39,978523.1537528222,258.23624717781786,224.35345277781786,246.3403160913122
-155.985607,19.696249,286.7,978786.17,978530.802890917,255.36710908298846,224.11164848298847,245.60640934703176
-155.905458,19.486093,469.7,978761.72,978462.3383840382,299.3816159617854,248.17586136178542,274.2831094443426
-155.942611,19.571256,349.1,978782.75,978504.4046077828,278.34539221716113,240.28720841716114,263.04587786365494
-155.947111,19.605255,382.1,978778.24,978496.1556369234,282.08436307660304,240.42858527660303,263.24222516560377
-156.021618,19.692416,37.4,978826.99,978607.5439766512,219.4460233488353,215.3687501488353,234.5016964384746
-155.994779,19.639754,0.8,978841.32,978615.8326045467,225.4873954532668,225.4001810532668,244.4403319174225
-155.989774,19.633587,2.9,978841.96,978614.8321357949,227.12786420504563,226.81171200504562,245.89535716620665
-155.978621,19.608589,1.4,978844.56,978613.8687956125,230.69120438757818,230.5385791875782,249.94813029377298
-155.97328,19.596423,1.8,978843.78,978613.0516403813,230.72835961868986,230.53212721868985,249.78231939380896
-155.966444,19.580423,1.8,978844.78,978612.1399268928,232.64007310720626,232.44384070720625,254.39739736427327
-155.924785,19.751745,969.1,978637.29,978323.3687586824,313.92124131764285,208.27189751764286,230.0180934375167
-155.924953,19.751745,967.4,978637.7,978323.893359968,313.80664003198035,208.34262683198034,230.2450769325335
-155.925106,19.751579,966.4,978637.9,978324.1924232402,313.70757675985806,208.35258155985804,230.37191561075497
-155.925274,19.751579,964.3,978638.41,978324.840461015,313.5695389850298,208.44348158502982,230.65570851986024
-155.925609,19.751579,963.2,978638.59,978325.1799096597,313.4100903403014,208.4039527403014,230.71895970321947
-155.925609,19.751411,964.3,978638.32,978324.8308203648,313.4891796351876,208.36312223518763,230.61350348403568
-155.925777,19.751411,962.4,978638.82,978325.4171408443,313.40285915567074,208.48393595567074,230.90730995195167
-155.925945,19.751411,963.0,978638.73,978325.2319869617,313.49801303830463,208.51367903830464,230.88181194190793
-155.926281,19.751245,966.0,978637.95,978324.2966924665,313.6533075334737,208.34191953347369,230.4728359501589
-155.926449,19.751245,964.1,978638.36,978324.8830124876,313.47698751243297,208.37273371243296,230.6684820213574
-155.926617,19.75108,964.2,978638.46,978324.8426851438,313.6173148561502,208.50215925615018,230.82263706231322
-155.926617,19.750912,967.8,978637.64,978323.7221231195,313.91787688049953,208.41025648049953,230.45853238667974
-155.926784,19.750746,969.5,978637.35,978323.1879962892,314.16200371074956,208.46905271074957,230.4094242186614
-155.926952,19.750413,971.7,978636.94,978322.4899928193,314.4500071806833,208.5172165806833,230.40322876275565
-155.926952,19.750247,972.4,978636.79,978322.2644554726,314.52554452745244,208.51644132745244,230.45911194516893
-155.924618,19.751745,969.0,978637.3,978323.3996175557,313.9003824443789,208.26194044437892,230.0136730502287
-155.924282,19.751745,967.9,978637.5,978323.739065417,313.76093458302785,208.24241238302784,230.09153176147566
-155.924114,19.751745,967.8,978637.44,978323.769924336,313.6700756639475,208.1624552639475,230.02357558446846
-155.923946,19.751911,968.8,978637.08,978323.4708613416,313.60913865838666,207.99250025838666,229.75155655675832
-155.923778,19.751911,969.3,978636.87,978323.3165669164,313.5534330835799,207.88228568357988,229.61133986069694
-155.923611,19.752079,968.6,978636.91,978323.5422200055,313.36777999449987,207.77294519449987,229.59042120994394
-155.923443,19.752079,967.1,978637.22,978324.0051036099,313.21489639009815,207.78358859009813,229.81284237992492
-155.923275,19.752079,967.2,978637.05,978323.9742446776,313.07575532246847,207.63354572246845,229.769225384491
-155.923107,19.752079,966.6,978637.13,978324.1593982212,312.9706017788267,207.59380297882666,229.8604551472668
-155.922939,19.752245,965.9,978637.24,978324.3849368569,312.85506314306986,207.55457694306986,229.90454858911534
-155.922787,19.752245,963.0,978637.85,978325.2798465629,312.5701534370892,207.58581943708919,230.18794236103702
-155.922619,19.752245,961.7,978638.09,978325.6810133752,312.40898662479594,207.56637602479594,230.28491131423175
-155.922115,19.752413,960.3,978638.44,978326.1226804293,312.3173195706913,207.6273341706913,230.4391785650031
-155.921947,19.752413,959.3,978638.7,978326.4312706726,312.26872932736296,207.68776192736297,230.5776553719748
-155.92178,19.752413,957.8,978639.05,978326.8941562907,312.15584370936267,207.73840330936267,230.74615026565925
-155.921612,19.752413,958.9,978638.68,978326.5547067985,312.1252932015341,207.58793300153408,230.50381849411667
-155.92445,19.749913,991.4,978633.09,978316.3821364478,316.7078635521466,208.6274183521466,229.1698073649543
-155.924785,19.749913,991.7,978633.03,978316.2895607454,316.74043925467413,208.62728865467412,229.19523219853596
-155.924953,19.749745,992.2,978632.93,978316.1256279821,316.8043720179703,208.6367124179703,229.55874683048467
-155.925106,19.749745,989.5,978633.55,978316.958809455,316.5911905450048,208.7178795450048,229.57886561011617
-155.925274,19.749745,989.3,978633.64,978317.0205266721,316.6194733278826,208.76796592788259,229.649041389383
-155.925442,19.749745,990.5,978633.24,978316.6502236151,316.58977638487704,208.60744738487705,229.3622371386952
-155.925609,19.749745,989.9,978633.37,978316.8353751061,316.53462489391677,208.61770669391677,229.41464377705302
-155.925945,19.749579,990.5,978633.24,978316.6406984215,316.599301578477,208.61697257847703,229.8539688809121
-155.926113,19.749579,989.3,978633.47,978317.011001481,316.45899851899594,208.60749111899594,229.96100970829033
-155.926281,19.749414,988.8,978633.61,978317.1558267713,316.45417322870344,208.65717482870343,231.01411511671114
-155.926449,19.749414,988.4,978633.77,978317.2792612122,316.49073878780473,208.73734758780472,231.11429762046956
-155.926281,19.749414,988.4,978633.8,978317.2792612122,316.52073878783267,208.76734758783266,231.17673729197566
-155.924282,19.749912,991.1,978633.11,978316.4746547629,316.6353452370968,208.58760543709678,229.10570924811304
-155.924114,19.749912,990.4,978633.26,978316.6906647758,316.5693352242233,208.59790802422333,229.05337838544477
-155.923946,19.750078,989.5,978633.51,978316.9779173636,316.532082636375,208.65877163637498,229.00030922139058
-155.923778,19.750078,989.5,978633.52,978316.9779173636,316.5420826363843,208.6687716363843,229.01630816567382
-155.923611,19.750078,989.9,978633.45,978316.8544829957,316.595517004258,208.678598804258,228.98839156751126
-155.923443,19.750078,990.4,978633.39,978316.7001900829,316.68980991712306,208.71838271712306,228.99841131896238
-155.923275,19.750246,989.7,978633.55,978316.9258402811,316.6241597189801,208.72904511898008,229.36376145070074
-155.923107,19.750246,989.6,978633.42,978316.9566988944,316.4633011056576,208.5790883056576,229.30767633337268
-155.922787,19.750246,990.1,978633.32,978316.8024059307,316.5175940692425,208.57887226924248,229.2725526514896
-155.922619,19.750246,990.9,978633.06,978316.5555373083,316.50446269172244,208.47852649172245,229.08785944215708
-155.922451,19.750412,989.1,978633.32,978317.1205172678,316.1994827321032,208.3697789321032,229.04953796989506
-155.922283,19.750412,989.0,978633.3,978317.1513758939,316.1486241061939,208.3298221061939,229.0206415599339
-155.922115,19.750412,989.1,978633.25,978317.1205172678,316.12948273215443,208.29977893215442,228.9798320789751
-155.921947,19.750412,987.5,978633.66,978317.6142550722,316.04574492783286,208.39046992783284,229.24255868221928
-155.92178,19.750412,986.0,978633.88,978318.0771345316,315.80286546843126,208.31111746843126,229.32489130757935
-155.921612,19.750412,986.6,978633.69,978317.8919826833,315.7980173166143,208.24085851661425,229.18999590323511
-155.921276,19.750412,986.9,978633.6,978317.7994068083,315.8005931916414,208.21072899164136,229.1271302141461
-155.921108,19.750412,987.5,978633.41,978317.6142550722,315.79574492783286,208.14046992783284,228.99150820393098
-155.92094,19.750578,988.1,978633.27,978317.4386288138,315.8313711861847,208.11068538618468,228.78755839519437
-155.920772,19.750578,986.4,978633.6,978317.9632254606,315.63677453936543,208.10141933936544,228.9571849780536
-155.92062,19.750578,986.9,978633.51,978317.8089322917,315.70106770831626,208.11120350831624,228.91290792287276
-155.924282,19.753578,935.8,978643.71,978333.7500402327,309.9599597672932,207.9409153672932,229.96317219546614
-155.924114,19.753578,936.1,978643.47,978333.6574621231,309.8125378768891,207.7607880768891,229.80601487475838
-155.923946,19.753578,934.6,978643.79,978334.1203527957,309.66964720434044,207.78142440434044,229.78322790253668
-155.923778,19.753578,935.2,978643.33,978333.9351965076,309.39480349235237,207.44116989235238,229.4793617420927
-155.923611,19.753746,934.6,978643.42,978334.1299943249,309.2900056751678,207.40178287516778,228.7389336046731
-155.923443,19.753746,933.7,978643.62,978334.4077288425,309.2122711575357,207.42216455753572,228.61661828973862
-155.923275,19.753912,932.8,978643.91,978334.6949903124,309.2150096875848,207.52301928758482,227.95828191703822
-155.923107,19.753912,932.3,978643.98,978334.8492874082,309.13071259181015,207.49323119181014,227.83250505504986
-155.922939,19.753912,931.2,978644.12,978335.18874114,308.9312588600442,207.41369726004416,227.64645362682973
-155.922787,19.754078,928.4,978644.76,978336.0623327985,308.6976672015153,207.4853560015153,227.15248294205094
-155.922619,19.754078,929.6,978644.4,978335.6920191984,308.7079808015842,207.3648480015842,227.1488837337174
-155.922451,19.754078,930.4,978644.13,978335.445143507,308.684856493026,207.25450929302602,227.115412997398
-155.922283,19.754246,930.2,978644.32,978335.5165041448,308.80349585518707,207.39495225518706,227.0308356842654
-155.921947,19.754412,929.9,978644.15,978335.6186094763,308.5313905237708,207.15555232377082,226.61298263442967
-155.92178,19.754412,929.2,978644.29,978335.8346257383,308.4553742617136,207.15584866171358,226.5354837699365
-155.92178,19.75458,929.3,978644.27,978335.813408114,308.45659188600257,207.1461644860026,226.4315329058653
-155.924618,19.753412,924.1,978646.42,978337.351069907,309.0689300930826,208.32539629308258,231.40473643283173
-155.924618,19.753412,925.6,978646.5,978336.8881769668,309.6118230331922,208.70476223319218,231.73451033451022
-155.924953,19.753412,937.7,978643.29,978333.1541857999,310.13581420015544,207.9096356001554,230.71338343063036
-155.925274,19.753246,936.7,978643.76,978333.453252694,310.30674730602186,208.18958670602186,231.58254375806501
-155.925442,19.753246,935.4,978644.14,978333.8544244794,310.28557552059647,208.31013832059648,231.7464989412834
-155.925609,19.753246,936.7,978643.88,978333.453252694,310.4267473060172,208.3095867060172,231.693038668174
-155.925777,19.753246,938.0,978643.61,978333.052081176,310.55791882402264,208.2990348240226,231.63251025199384
-155.925945,19.753078,938.1,978643.47,978333.0115805388,310.4584194611525,208.1886336611525,231.84870791926159
-155.926113,19.753078,940.0,978643.04,978332.42525337,310.6147466300754,208.13782663007538,231.70006674243558
-155.926449,19.753078,939.2,978643.39,978332.6721278938,310.71787210623734,208.32816650623732,231.9151055631769
-155.926617,19.753078,938.9,978643.44,978332.7647058746,310.6752941253362,208.3182939253362,231.90604238516477
-155.926784,19.752913,937.4,978643.86,978333.2181268705,310.6418731295271,208.44839992952708,232.27857979708668
-155.926952,19.752913,937.4,978643.86,978333.2181268705,310.6418731295271,208.44839992952708,232.23490879648773
-155.92712,19.752913,936.9,978644.2,978333.3724236194,310.8275763805723,208.68861218057228,232.4300424052579
-155.927273,19.752913,935.4,978644.61,978333.8353140934,310.77468590659555,208.79924870659556,232.51248489815777
-155.927441,19.752745,933.9,978644.91,978334.2885637229,310.6214362771716,208.8095260771716,232.5272923398449
-155.927776,19.752745,932.0,978645.33,978334.8748925719,310.4551074280171,208.85033142801706,232.183621049629
-155.927944,19.752579,932.1,978645.23,978334.8345068496,310.39549315033946,208.77981535033945,231.9772414387345
-155.928112,19.752413,931.5,978645.3,978335.0101371603,310.2898628397379,208.7395958397379,231.90758931101044
-156.021618,19.692416,37.4,978827.6,978607.5439766512,220.05602334882133,215.97875014882132,235.11169643846063
-156.02978,19.725415,49.6,978827.99,978605.6676193606,222.32238063937984,216.91508783937985,234.4361117074304
-156.020442,19.775247,42.4,978840.22,978610.7496593734,229.4703406265471,224.84797742654712,239.93814776364232
-156.006449,19.792077,83.2,978825.68,978599.1208999956,226.55910000449512,217.48880240449512,229.9926869556899
-155.990946,19.806578,63.8,978826.17,978605.9438047286,220.22619527147617,213.27084687147618,224.79576442866863
-155.975275,19.813244,79.1,978821.29,978601.6038504373,219.68614956270903,211.06282576270902,223.12187448769058
-155.951608,19.824242,90.5,978817.56,978598.7173473187,218.84265268140007,208.97652368140007,219.6503780785621
-155.935449,19.833908,84.8,978819.62,978601.033495638,218.58650436194148,209.3417779619415,219.34714810354387
-155.923273,19.841073,85.8,978819.33,978601.1374088839,218.19259111606516,208.83884671606515,219.03523304508127
-155.913782,19.851241,36.6,978831.72,978616.9122300838,214.80776991613675,210.81771111613673,220.48047253088407
-156.021618,19.692416,37.4,978827.58,978607.5439766512,220.0360233488027,215.9587501488027,235.091696438442
-155.908106,19.862405,23.3,978836.3,978621.6617214143,214.63827858574223,212.09815918574222,221.14501700171695
-155.901438,19.878405,27.2,978837.77,978621.3804012814,216.38959871861152,213.42430911861152,222.8480431065799
-155.889612,19.89907,33.7,978840.74,978620.566347706,220.17365229397546,216.49974569397546,225.09197002152237
-155.873606,19.912902,22.3,978848.25,978624.8846859683,223.3653140317183,220.9342126317183,229.06638763136613
-156.041452,19.780414,3.5,978846.25,978623.0559212356,223.19407876441255,222.81251576441255,237.30864279737733
-155.887113,19.693582,2077.1,978412.8,977978.2074623349,434.5925376651576,208.15124986515758,248.46342780847436
-155.881787,19.690248,2189.2,978388.08,977943.4426960729,444.6373039270984,205.9750983270984,247.38686211139992
-155.875607,19.688415,2282.1,978366.17,977914.6869145548,451.4830854452448,202.6931076452448,248.9664176841559
-155.873609,19.693248,2340.3,978351.03,977897.0150163479,454.0149836521596,198.88015825215953,243.39751044534052
-155.868955,19.694915,2377.0,978340.28,977885.7926322864,454.4873677135911,195.3515817135911,239.54456720541242
-155.864622,19.688748,2521.0,978302.15,977841.033672809,461.11632719100453,186.28194919100451,247.81688670617615
-155.863782,19.694249,2356.7,978348.36,977892.0147446337,456.3452553662937,199.42253476629372,243.0671043468738
-155.852278,19.693248,2312.4,978356.81,977905.6191594094,451.1908405906288,199.09761739062878,237.27718730949658
-155.835783,19.680749,2130.2,978401.92,977961.0956404193,440.824359580758,208.59421598075804,238.31575931777587
-155.834455,19.686248,2157.5,978393.74,977952.9904877851,440.7495122149121,205.5431772149121,236.18086497133862
-155.823942,19.680581,2094.6,978403.92,977972.0658980168,431.85410198324826,203.50499918324826,231.8571085812182
-156.021618,19.692416,37.4,978826.92,978607.5439766512,219.37602334888652,215.2987501488865,234.43169643852582
-155.873609,19.693248,2340.3,978351.0,977897.0150163479,453.98498365213163,198.8501582521316,243.36751044531258
-155.852278,19.693248,2312.4,978356.87,977905.6191594094,451.25084059056826,199.15761739056825,237.33718730943605
-155.856276,19.692582,2333.4,978353.0,977899.1047845599,453.89521544007584,199.51261424007583,238.51137736763127
-155.856123,19.685414,2271.7,978371.83,977917.7225100923,454.1074899076484,206.4512993076484,245.15628159027563
-155.846449,19.697414,2165.7,978387.36,977951.1006754522,436.2593245478347,200.1590419478347,236.54398477392576
-155.841948,19.705414,1914.0,978442.5,978029.1915924962,413.3084075037623,204.64795550376226,237.45244017569135
-155.875287,19.695249,2339.5,978349.38,977897.3762897238,452.0037102762144,196.9560992762144,242.4270129124867
-155.877774,19.694581,2330.3,978350.39,977900.175241329,450.21475867100526,196.17011327100522,243.7458459259272
-155.873944,19.686416,2309.7,978360.23,977906.0607535862,454.169246413745,202.370371813745,246.94715243709157
-155.868116,19.685582,2381.5,978342.9,977883.8706584715,459.0293415285414,199.4029745285414,245.40164249164437
-155.875287,19.695249,2339.5,978349.39,977897.3762897238,452.0137102762237,196.9660992762237,242.43701291249602
-155.88078,19.699582,2240.9,978370.66,977928.032383216,442.6276167840697,198.32918058406966,242.8669974662247
-155.883283,19.704247,2188.6,978380.22,977944.429305765,435.79069423500914,197.19389943500914,239.24068747362915
-155.881452,19.706247,2131.5,978392.06,977962.1544316335,429.90556836652104,197.53370136652103,238.37523578331567
-155.886777,19.702249,2112.8,978402.45,977967.6929324459,434.75706755404826,204.42383715404824,245.27570256938915
-155.894116,19.698915,1957.5,978439.0,978015.4018746719,423.598125328077,210.195390328077,248.14439813252068
-155.901441,19.699748,1814.6,978472.16,978059.5279458449,412.6320541551104,214.80799135511037,252.61659418888527
-155.903775,19.704749,1847.0,978460.31,978049.820112342,410.48988765804097,209.13364165804097,246.1416425548049
-155.907453,19.71258,1834.1,978458.72,978054.2478766545,404.4721233454766,204.52220954547658,241.3876243350551
-155.906949,19.717081,1835.6,978454.32,978054.0430874812,400.27691251877695,200.16347171877695,238.62470388104794
-155.905454,19.718247,1816.8,978458.93,978059.9090425598,399.0209574402543,200.9570550402543,236.77013941809133
-155.915952,19.71858,1682.8,978488.45,978101.2638755159,387.18612448405474,203.73063408405474,239.57544261015946
-156.021618,19.692416,37.4,978826.95,978607.5439766512,219.40602334879804,215.32875014879804,234.46169643843734
-155.906613,19.702415,1749.1,978485.06,978079.885536053,405.17446394707076,214.49108014707076,250.68345225403422
-155.918621,19.721914,1630.5,978499.14,978117.5889415462,381.55105845385697,203.79720945385696,239.75305834334048
-155.922619,19.728747,1448.3,978541.52,978174.1904720524,367.32952794758603,209.43875854758602,241.68144335650908
-155.900449,19.718247,1859.5,978449.63,978046.737675738,402.8923242619494,200.1733532619494,235.86256668699258
-155.894116,19.718081,1872.1,978447.8,978042.8415803483,404.9584196517244,200.8658218517244,236.07413801979777
-155.893277,19.711914,1989.2,978422.39,978006.3687689989,416.0212310011266,199.16262540112658,237.67757638249643
-155.868955,19.694915,2377.0,978340.39,977885.7926322864,454.5973677135771,195.46158171357712,239.65456720539845
-155.86662,19.701748,2243.1,978370.08,977927.4779340976,442.60206590231974,198.06379010231973,237.67446624853991
-155.86694,19.707081,2167.8,978385.06,977951.0066384873,434.0533615127206,197.72414111272056,235.21130210405855
-155.845945,19.691081,2274.6,978363.74,977917.1525122788,446.58748772123363,198.61514492123362,234.16035959813556
-155.838621,19.693415,2154.8,978390.4,977954.2334547129,436.1665452871239,201.25455888712386,234.7655239304061
-155.835783,19.680749,2130.2,978401.93,977961.0956404193,440.83435958076734,208.60421598076735,238.32575931778518
-155.830946,19.673749,2064.2,978418.13,977981.0512609988,437.07873900118284,212.04378340118285,240.09027575963293
-155.827955,19.662417,1975.5,978438.35,978007.7615676435,430.5884323564824,215.22337335648237,240.95982276610215
-155.824615,19.651918,1830.0,978472.23,978052.0414866315,420.18851336848456,220.68557336848457,242.0754620640149
-155.825622,19.643251,1778.7,978483.47,978067.3707108251,416.09928917489015,222.18897257489013,242.62578967312504
-155.825957,19.630585,1624.1,978518.4,978114.338866087,404.0611339129973,227.00500011299732,246.17120066291147
-155.814116,19.631251,1668.1,978506.63,978100.8032772824,405.8267227176111,223.9737969176111,243.73963947073105
-155.81912,19.673082,2002.5,978428.09,978000.0435373345,428.0464626654284,209.7379176654284,233.7903527525906
-155.809111,19.668582,1874.3,978454.66,978039.3292811069,415.3307188930921,210.99828149309212,232.49006554291577
-155.803451,19.659249,1785.5,978474.59,978066.1872998959,408.4027001040522,213.75106110405218,233.22805486782522
-155.811614,19.650749,1790.5,978477.51,978064.1591427571,413.35085724294186,218.15412824294185,237.84765298006582
-155.851622,19.687915,2289.4,978366.08,977912.4069897536,453.67301024636254,204.0872010463625,241.03741850344747
-155.835783,19.680749,2130.2,978401.96,977961.0956404193,440.86435958067887,208.63421598067887,238.3557593176967
-155.84712,19.679748,2130.2,978405.7,977961.0383664153,444.66163358464837,212.43148998464838,242.21568689121764
-155.855284,19.673248,2076.9,978420.45,977977.1055500712,443.34444992872886,216.92496572872884,248.43340755769574
-155.838622,19.643417,1745.9,978493.45,978077.4981503569,415.9518496430246,225.6173234430246,249.8940097847473
-156.021618,19.692416,37.4,978827.06,978607.5439766512,219.5160233489005,215.43875014890048,234.5716964385398
-155.850109,19.773243,853.5,978656.65,978360.2768261689,296.37317383114714,203.32631083114714,218.52555275843366
-155.846447,19.762578,1010.1,978625.64,978311.3385379753,314.30146202468313,204.18238022468313,220.83085957260806
-155.835614,19.764744,1073.1,978606.7,978292.022465574,314.6775344259804,197.6903186259804,212.03250828320398
-155.839444,19.752744,1131.3,978604.83,978273.3748814802,331.4551185197197,208.1230551197197,223.83164967279822
-155.861783,19.735413,1297.4,978574.47,978221.1299307736,353.3400692263385,211.9001160263385,234.3769119146956
-155.860776,19.739912,1229.8,978587.56,978242.2456833416,345.31431665841956,211.24398025841955,231.13769606303924
-155.866788,19.74408,1143.2,978606.22,978269.205839837,337.0141601630021,212.3847825630021,232.88183317090653
-155.864941,19.762244,927.4,978646.85,978336.8396630869,310.010336913052,208.90704371305202,225.3195529865307
-155.783785,19.489591,1666.2,978506.67,978093.3258973936,413.34410260641016,231.69831100641014,254.4397624462838
-155.777117,19.498258,1750.7,978489.12,978067.7510272992,421.3689727007877,230.5111601007877,253.32969823772873
-155.759615,19.500258,1843.2,978469.57,978039.3311005635,430.2388994364301,229.29692183643007,252.6078479413863
-155.74695,19.497592,1950.0,978447.78,978006.236698452,441.5433015479939,228.9582015479939,255.17287136006016
-155.732287,19.500258,2164.6,978405.16,977940.19850644,464.9614935599966,228.9811307599966,253.94395174977498
-155.705446,19.503589,2516.4,978336.89,977831.895657485,504.99434251501225,230.66144731501225,263.7048164584795
-155.691287,19.497257,2656.6,978311.32,977788.3047020086,523.01529799134,233.39807919134006,263.4880074169982
-155.71895,19.501092,2305.3,978377.73,977896.853076922,480.8769230779726,229.55772767797257,255.90697810093224
-155.918621,19.721914,1630.5,978499.84,978117.5889415462,382.2510584538104,204.4972094538104,240.45305834329392
-155.919613,19.725247,1550.9,978517.96,978142.3364932644,375.62350673554465,206.54749053554463,240.80572403836624
-155.911281,19.727915,1520.0,978526.09,978152.022301668,374.0676983320154,208.36033833201543,241.3455620563936
-155.924282,19.73758,1243.4,978586.83,978237.9156497279,348.9143502720399,213.36136907203988,241.27398123587625
-155.911617,19.739579,1260.6,978583.95,978232.7232782834,351.22672171657905,213.79863091657904,237.73920088244404
-155.918117,19.73858,1264.4,978582.06,978231.4935034527,350.56649654731154,212.72413734731154,239.164623776884
-155.982446,19.82891,9.6,978838.21,978623.9616587595,214.24834124045447,213.20176844045446,223.46241333980507
-156.014108,19.802411,37.5,978835.34,978613.8235517793,221.51644822070375,217.42827322070374,231.89473612300787
-156.007608,19.808243,15.8,978839.35,978620.8583000167,218.49169998324942,216.7692155832494,228.84120519186632
-155.891784,19.589088,1036.7,978657.5,978293.2065505177,364.29344948229846,251.27448888229844,270.538940184554
-155.831786,19.606252,1448.2,978558.39,978167.2167765364,391.1732234635856,233.2933558635856,250.45556213127875
-155.825957,19.630585,1625.7,978519.29,978113.8452752014,405.4447247986682,228.21416219866816,247.55804728247966
-155.821776,19.621084,1542.8,978537.28,978138.8776139645,398.40238603553735,230.20941563553734,249.1826868375471
-155.871276,19.596253,1229.3,978611.99,978234.1851555463,377.804844453698,243.78901705369802,262.8471151116746
-155.853118,19.600754,1335.4,978586.67,978201.7052356815,384.96476431854535,239.38212711854533,257.7444021567273
-155.953946,19.646585,445.3,978766.99,978479.0066260749,287.98337392508984,239.43765852508983,261.7552002547319
-155.953946,19.647586,450.2,978766.11,978477.551351944,288.5586480560014,239.4787444560014,261.45302808327176
-155.954282,19.647586,463.7,978763.62,978473.3843913607,290.235608639312,239.68396203931198,260.5419080451906
-155.952954,19.647086,484.1,978759.2,978467.059136879,292.1408631209051,239.36524932090512,261.03848399582034
-155.951444,19.647418,506.1,978755.44,978460.2876228399,295.1523771600332,239.9783673600332,263.51162551317765
-155.94978,19.647586,520.5,978753.81,978455.852580363,297.95741963700857,241.21355063700855,262.46703365092947
-155.948117,19.648086,542.5,978750.26,978449.0907810202,301.1692189797759,242.0269539797759,263.256449245202
-155.946454,19.64842,567.5,978746.24,978441.3936251148,304.8463748851791,242.9786598851791,265.44090534054004
-155.944608,19.648919,589.8,978742.58,978434.5393266485,308.0406733514974,243.7418569514974,263.9598067408261
-155.942944,19.649419,616.7,978737.75,978426.265410225,311.4845897749765,244.25318917497648,267.2952948457264
-155.941281,19.649752,645.7,978732.69,978417.3339213994,315.35607860051095,244.96315600051093,265.5596292760497
-155.939618,19.650252,673.0,978727.97,978408.9367716357,319.03322836430743,245.66411436430744,268.4088014404135
-155.938107,19.650751,695.6,978724.23,978401.990228769,322.2397712309612,246.40685043096119,269.9102196736239
-155.967618,19.642419,223.9,978807.22,978547.1107518133,260.10924818669446,235.70011798669447,257.10047955703385
-155.967114,19.642585,233.1,978805.56,978544.2802210436,261.2797789564356,235.86768315643562,256.53384640344893
-155.965619,19.643085,244.6,978803.46,978540.7587815485,262.7012184514897,236.0354156514897,255.62436711874932
-155.964108,19.643419,262.7,978800.12,978535.1905101399,264.9294898600783,236.29046126007833,257.55193750879937
-155.962949,19.643752,285.4,978795.76,978528.2022600409,267.5577399590984,236.4440027590984,258.0298389551586
-155.961453,19.644252,314.3,978790.46,978519.309777599,271.15022240101825,236.88586500101826,257.4076785340463
-155.959943,19.644586,341.7,978785.49,978510.8709556413,274.61904435872566,237.36759375872566,260.5925312551683
-155.958447,19.645252,371.8,978779.96,978501.6177816623,278.342218337697,237.80932593769697,258.30900268757335
-155.956952,19.645753,396.3,978775.84,978494.0838790552,281.7561209447449,238.5522875447449,260.34191314939744
-155.955945,19.646085,413.5,978772.96,978488.7936978377,284.16630216222256,239.08735916222255,261.8849388814348
-155.95445,19.646585,437.7,978768.42,978481.3524876565,287.06751234352123,239.35033374352122,262.3406882264808
-155.943448,19.660418,663.6,978725.4,978412.4188974358,312.9811025642557,240.63675776425572,262.1224146724573
-155.944943,19.659584,650.0,978727.1,978416.568657321,310.5313426789362,239.6696426789362,260.7352630994755
-155.946286,19.658251,618.1,978733.34,978426.3380179175,307.0019820824964,239.61795628249638,261.4617105797976
-155.946774,19.657751,603.7,978736.06,978430.753875727,305.3061242731055,239.4919576731055,262.4826553017199
-155.948453,19.657585,572.8,978741.75,978440.2815073127,301.4684926873306,239.0229822873306,259.3422161356711
-155.950116,19.657252,555.1,978744.66,978445.7255476774,298.93445232266095,238.41856052266093,260.27300583037476
-155.951947,19.656752,530.2,978748.69,978453.3823878663,295.30761213367805,237.50626853367805,259.2512225838463
-155.952786,19.656418,518.0,978750.7,978457.1288775752,293.57112242479343,237.09979842479342,257.44724150910696
-155.95445,19.656584,491.1,978755.48,978465.441232381,290.0387676189421,236.50002781894207,258.8889853512371
-155.956448,19.655918,454.5,978762.17,978476.7001777672,285.4698222328443,235.92114123284432,256.6715226091187
-155.956281,19.655251,454.2,978762.06,978476.7546589741,285.30534102593083,235.78936542593084,256.6047859115707
-155.957608,19.654585,424.2,978767.77,978485.9765879577,281.79341204231605,235.54797644231604,257.54651155929474
-155.958951,19.653752,401.1,978772.04,978493.059266804,278.98073319601826,235.25361339601827,257.7228328674119
-155.960111,19.653419,390.0,978773.99,978496.4665043431,277.52349565690383,235.00647565690383,257.93522711773403
-155.961453,19.652919,354.4,978780.2,978507.4267998782,272.7732001217082,234.1372209217082,254.12177595665952
-155.962949,19.652252,325.5,978785.56,978516.3095597959,269.2504402041668,233.7650812041668,256.4664091068479
-155.964612,19.651586,296.8,978790.7,978525.1307620076,265.5692379924003,233.2126955924003,253.108028251394
-155.966275,19.650752,274.6,978794.92,978531.9359967728,262.9840032272041,233.04766042720408,254.67614674398465
-155.967618,19.650085,253.8,978798.91,978538.3186756768,260.5913243232062,232.9225559232062,255.03553983752352
-155.969113,19.649419,231.9,978802.69,978545.0410417678,257.6489582321374,232.36768403213736,252.1647623753346
-155.976284,19.690583,404.0,978766.63,978494.2704351752,272.3595648248447,228.3162928248447,247.70589125796505
-155.978115,19.690583,376.0,978771.89,978502.9132865161,268.9767134839203,227.98594548392032,249.9752855376435
-155.97961,19.691417,354.7,978776.15,978509.535836721,266.6141632790677,227.94547867906772,247.48659159948022
-155.980953,19.692416,330.4,978780.72,978517.0939435898,263.6260564101394,227.60650921013942,249.35252217585997
-155.982281,19.693418,323.7,978781.49,978519.2194690254,262.27053097460885,226.98140437460884,247.77019260157448
-155.983608,19.694417,312.9,978783.35,978522.6104365997,260.7395634002751,226.62783120027507,246.15949185878455
-155.970775,19.692583,493.8,978749.97,978466.6668173583,283.30318264162634,229.47009424162633,249.1035020692156
-155.972286,19.69225,470.0,978754.46,978473.9938627582,280.466137241805,229.22767724180497,251.08419836347318
-155.973781,19.692085,439.7,978760.4,978483.3369327821,277.06306721793953,229.12785261793954,250.0539539036069
-155.975613,19.691417,410.3,978765.66,978492.373543044,273.28645695606247,228.55637155606246,249.24895345442113
-155.985119,19.695585,298.8,978786.05,978527.029762493,259.02023750706576,226.44565910706575,247.32186171119048
-155.986278,19.696583,286.8,978788.63,978530.7911426661,257.83885733387433,226.57249493387434,246.83017370225951
-155.987285,19.697249,275.9,978790.94,978534.1939803852,256.746019614744,226.667953414744,245.55836944694846
-155.988949,19.697916,259.1,978794.26,978539.4181752115,254.8418247884838,226.5952609884838,245.7560384202415
-155.990444,19.698416,245.9,978796.66,978543.5215510579,253.13844894210342,226.3309227421034,246.68464409747088
-155.991787,19.698582,230.2,978799.74,978548.3775709722,251.36242902779486,226.26648542779486,245.03473086759504
-155.99345,19.698416,213.9,978802.58,978553.3998382498,249.18016175017692,225.86121155017693,244.52567933855937
-155.994945,19.698083,198.2,978805.3,978558.2273625664,247.07263743365183,225.46526983365183,244.16478476249068
-155.996609,19.69725,186.3,978807.16,978561.8532266325,245.3067733675707,224.9967199675707,242.8729845416763
-155.997784,19.696416,178.0,978808.33,978564.3677203346,243.96227966540027,224.55707566540028,243.26952356428833
-155.998943,19.695417,171.7,978809.16,978566.2553702801,242.90462971990928,224.1862391199093,242.2331645957211
-156.000118,19.694083,163.2,978810.16,978568.8030058984,241.35699410166126,223.56525650166125,242.09619143210372
-156.00111,19.692916,154.7,978811.38,978571.3602151732,240.01978482678533,223.15470022678534,240.83454232045364
-156.002285,19.691583,142.6,978813.36,978575.0192895092,238.3407104908256,222.79474369082558,241.6874768857252
-156.003277,19.690418,132.9,978815.19,978577.9470986711,237.2429013288347,222.7544091288347,241.7224791075757
-156.004619,19.689584,124.4,978816.17,978580.5234135215,235.6465864785714,222.0847472785714,240.3619323346633
-156.006283,19.689084,114.9,978817.15,978583.4275679435,233.72243205655832,221.19626385655832,239.647717355524
-156.007778,19.689084,106.7,978818.31,978585.9590212597,232.35097874037456,220.71875814037455,239.59096096105358
-156.009777,19.689918,97.0,978819.25,978589.0012872628,230.24871273722965,219.67396673722965,237.79647517792634
-156.011288,19.690751,94.4,978819.29,978589.8516227348,229.43837726523634,219.14707806523634,237.95031413953566
-156.013286,19.691917,90.2,978819.56,978591.2149667613,228.34503323875833,218.51160963875833,236.80199761348044
-156.01495,19.692584,83.0,978820.13,978593.4759079245,226.65409207553603,217.60559807553602,236.57507428877784
-156.016613,19.69275,71.4,978821.68,978597.0665459838,224.61345401627477,216.82956881627476,235.96654695482556
-156.018444,19.692584,56.7,978824.06,978601.5952373296,222.46476267045364,216.28344207045365,235.5792950501373
-156.020275,19.691751,45.4,978825.27,978605.0361239882,220.23387601180002,215.28445881180002,234.60639758739396
-156.022777,19.690751,26.3,978827.98,978610.8755321793,217.1044678207254,214.2372944207254,234.73686010625295
-155.721783,19.876901,774.2,978707.81,978390.716552711,317.09344728908036,232.69171168908036,243.89101178399477
-155.723781,19.876901,757.9,978710.51,978395.747021996,314.7629780040588,232.1382358040588,243.2529928402154
-155.724773,19.876901,748.6,978712.23,978398.6171843477,313.61281565227546,232.00194085227545,242.47586662457508
-155.726452,19.877903,736.4,978714.43,978402.4401677052,311.98983229487203,231.708977094872,243.29734671950104
-155.727611,19.879735,725.1,978717.07,978406.033300006,311.03669999400154,231.98774819400154,242.3561647009737
-155.727779,19.881403,716.2,978719.59,978408.8762956669,310.71370433305856,232.63501273305855,243.4237756903234
-155.728954,19.883401,697.1,978724.0,978414.8863469692,309.1136530308286,233.11720523082857,244.61053624014082
-155.730785,19.884069,681.1,978726.96,978419.862956075,307.09704392496496,232.84488412496495,244.44708709547615
-155.732784,19.884569,667.1,978729.61,978424.2126440613,305.39735593867954,232.67144813867952,243.50983280184033
-155.733944,19.885236,655.9,978731.88,978427.7078233896,304.1721766104456,232.6672704104456,243.09776041425417
-155.734615,19.885902,648.2,978733.37,978430.1227414657,303.24725853430573,232.58179093430573,243.76903235628384
-155.73611,19.887569,631.2,978736.97,978435.4657600232,301.50423997675534,232.69207837675532,243.1493655976396
-155.736781,19.889236,613.5,978741.06,978441.02487486,300.0351251401007,233.15258214010072,243.49284731431143
-155.737284,19.890901,601.9,978744.07,978444.7012102653,299.3687897346681,233.75085553466812,244.3675067118777
-155.737773,19.892568,591.3,978746.86,978448.0690441079,298.79095589206554,234.32861249206553,244.2739537634954
-155.738276,19.894068,585.3,978748.52,978450.0074964102,298.5125035898527,234.7042681898527,245.17056185164984
-155.738948,19.895735,582.3,978749.53,978451.0296671449,298.50033285515383,235.01915145515383,245.7040642591101
-155.739451,19.897568,577.8,978750.88,978452.5243976305,298.35560236952733,235.36500196952733,246.0953175839802
-155.740107,19.899235,568.7,978752.83,978455.4293253308,297.40067466918845,235.40213806918842,245.43307030257867
-155.740611,19.900734,564.3,978754.2,978456.8739282488,297.32607175118756,235.80721435118755,246.71243752647547
-155.741114,19.902401,559.3,978756.0,978458.5134297828,297.486570217181,236.512802817181,246.89430681960698
-155.741938,19.903735,546.4,978758.78,978462.5720364092,296.20796359085944,236.64052839085943,246.42308068221445
-155.743281,19.904902,533.3,978761.74,978466.6827564493,295.05724355066195,236.91794415066195,246.67057330889972
-155.744777,19.905234,522.6,978763.33,978470.004509708,293.3254902919289,236.35268349192887,246.89489489859506
-155.74644,19.905402,510.9,978765.67,978473.6254623404,292.0445376596181,236.3472414596181,245.6178607500906
-155.748118,19.905568,498.7,978767.91,978477.4006475527,290.50935244734865,236.14207584734865,246.538243173111
-155.749949,19.905734,488.8,978769.34,978480.4659409607,288.8740590392845,235.58606063928448,244.85384022527677
-155.75178,19.905901,482.3,978770.27,978482.4818655979,287.7881344021298,235.2087530021298,244.8486984766294
-155.753611,19.906067,475.6,978771.22,978484.5594706697,286.6605293302564,234.81156853025638,244.66358978477615
-155.755275,19.906401,465.7,978772.94,978487.6345008969,285.3054991030367,234.5358165030367,243.721786914463
-155.756953,19.905901,459.3,978774.1,978489.5810565826,284.5189434173517,234.4469760173517,244.3583489010424
-155.759608,19.905234,450.3,978775.5,978492.3204980332,283.17950196680613,234.08869656680614,243.01762869754066
-155.761287,19.905402,440.4,978776.9,978495.3859763858,281.5140236142324,233.50249641423244,243.04717257821613
-155.763118,19.905734,435.8,978777.82,978496.8250116255,280.99498837441206,233.48494397441206,242.47696696211688
-155.764781,19.906067,432.6,978778.36,978497.8319753858,280.5280246142065,233.36683781420652,242.41185512037111
-155.766444,19.906401,425.2,978779.49,978500.1353991448,279.35460085514933,233.00014725514933,242.69403207948602
-155.768275,19.906735,413.2,978781.5,978503.8587062398,277.64129376015626,232.59505616015628,241.67165627670147
-155.769938,19.907235,408.0,978782.3,978505.4926661005,276.8073338995455,232.32798989954549,242.3934771273387
-155.770778,19.907568,405.5,978783.17,978506.2835748941,276.8864251059713,232.6796261059713,242.4860184858317
-155.772441,19.909068,397.7,978784.76,978508.7778495594,275.98215044056997,232.62569184056997,241.38105120172304
-155.773616,19.910235,391.2,978786.18,978510.8516278833,275.3283721167827,232.6805305167827,242.1194188534908
-155.774775,19.911734,383.8,978787.83,978513.222401241,274.6075987590011,232.76649035900112,242.21073479336144
-155.775279,19.912901,380.2,978789.08,978514.4010459965,274.67895400349516,233.23031040349517,242.5135071546361
-155.776118,19.914235,369.4,978791.42,978517.8118020829,273.608197917114,233.336948717114,242.20847976627098
-155.777613,19.915068,360.8,978793.29,978520.514543126,272.77545687404927,233.44176247404926,243.15298541816924
-155.985288,19.678252,247.3,978796.79,978541.9354468524,254.85455314768478,227.89440174768478,247.67969070126367
-155.984281,19.678584,256.0,978795.58,978539.2688056041,256.3111943958793,228.40258639587927,247.54383216404378
-155.982953,19.67875,273.7,978792.38,978533.8144620091,258.5655379908858,228.7273113908858,248.039986226059
-155.98161,19.678916,285.5,978790.14,978530.1814235812,259.95857641880866,228.83393741880866,249.35892134515123
-155.979947,19.67925,294.7,978788.82,978527.360602046,261.45939795393497,229.33179335393498,249.27684291310243
-155.978955,19.680084,307.0,978786.61,978523.6114712333,262.99852876667865,229.53000276667865,248.27940095494768
-155.977277,19.680084,331.3,978782.06,978516.1104597421,265.9495402579196,229.83187685791958,250.90401264375006
-155.967618,19.642419,223.9,978807.27,978547.1107518133,260.159248186741,235.75011798674103,257.1504795570804
-155.966947,19.640086,218.9,978808.27,978548.5209987083,259.7490012916969,235.8849610916969,255.9631420685117
-155.968778,19.639419,197.7,978811.92,978555.0273450909,256.89265490917023,235.33979630917023,255.7459974721611
-155.970288,19.63892,180.2,978815.15,978560.4011460958,254.74885390419513,235.10381030419512,254.3921539546482
-155.971784,19.63842,158.5,978819.35,978567.0715038449,252.27849615504965,234.99914315504964,256.22926937450615
-155.973111,19.637921,147.6,978821.09,978570.4079251573,250.6820748426253,234.5910180426253,254.0709301981156
-155.974286,19.637753,138.2,978822.6,978573.3002001592,249.2997998407809,234.2335122407809,253.24006317475948
-155.975949,19.637587,122.3,978825.03,978578.1992298114,246.8307701885933,233.4978687885933,253.78068300602126
-155.977277,19.637419,110.7,978826.83,978581.7707101527,245.0592898472678,232.99099724726779,252.57782479253285
-155.97862,19.636919,96.3,978829.22,978586.187657158,243.03234284196515,232.53390944196514,251.63089096207486
-155.980283,19.636086,89.7,978829.45,978588.1776227185,241.27237728144974,231.49346268144973,251.49620477206085
-155.981946,19.635754,74.8,978831.63,978592.7585675193,238.87143248075154,230.71688608075155,250.2458187644151
-155.982785,19.63492,63.5,978833.2,978596.1994859674,237.00051403255202,230.07787103255203,248.78375052155494
-155.966273,19.756414,602.4,978718.11,978436.8060136549,281.30398634506855,215.63154314506855,235.75505864298867
-155.967112,19.757413,582.8,978722.06,978442.9127654142,279.14723458583467,215.61154418583467,234.21313512671844
-155.967616,19.758081,571.1,978724.29,978446.562263046,277.7277369539952,215.4675571539952,232.47203965496126
-155.968272,19.758746,553.9,978727.82,978451.9091774616,275.91082253830973,215.52575233830973,233.97584939361198
-155.969111,19.75958,532.7,978732.02,978458.5004443419,273.51955565810204,215.44566705810203,235.54485153273998
-155.970118,19.760079,522.7,978734.06,978461.6156176993,272.4443823007168,215.46067370071682,233.51578366644662
-155.971278,19.760747,503.9,978737.91,978467.456678131,270.4533218690194,215.51915166901944,233.71508193556565
-155.972773,19.761079,479.6,978742.82,978474.9761296181,267.8438703818247,215.55883758182466,233.2021154130694
-155.973277,19.761746,471.0,978744.56,978477.6689003397,266.8910996603081,215.5436216603081,233.23572945213814
-155.974116,19.76308,456.4,978747.15,978482.2519521603,264.89804783975706,215.14223263975705,233.5522440659625
-155.97462,19.764412,437.7,978750.94,978488.1004534588,262.8395465411013,215.1223679411013,231.7056471359629
-155.975108,19.765745,418.5,978754.67,978494.1034014368,260.5665985632222,214.94256556322222,231.3528331473748
-155.976283,19.766745,406.4,978757.0,978497.8957220379,259.10427796212025,214.79936276212027,230.25727500170103
-155.977275,19.767578,388.5,978760.93,978503.468778386,257.46122161403764,215.10772861403763,232.18728816218365
-155.978114,19.768246,377.2,978763.41,978506.9951515661,256.4148484339239,215.29325883392391,233.10781218997948
-155.979274,19.769079,367.1,978765.67,978510.1606078309,255.50939216918778,215.48888436918776,231.39539609339076
-155.980449,19.770079,351.0,978769.01,978515.1877393634,253.82226063660346,215.55694263660345,230.18344378981374
-155.980952,19.770412,349.9,978769.12,978515.5464091772,253.5735908227507,215.42819262275071,230.10905677067217
-155.98228,19.771412,337.1,978771.59,978519.5549373981,252.03506260190625,215.28509480190624,231.14636857781477
-155.923951,19.462595,3.5,978851.04,978604.9203094805,246.11969051952474,245.73812751952474,268.3531262685737
-155.943617,19.615919,486.0,978759.86,978464.6933667479,295.16663325205445,242.18388525205444,263.4724888984975
-155.948286,19.627253,454.9,978766.63,978474.9395321888,291.6904678111896,242.0981796111896,263.0046423172392
-155.931456,19.626088,700.7,978723.65,978399.0077749084,324.64222509157844,248.2533124915784,268.97237940682567
-155.916121,19.628419,896.5,978689.34,978338.7141622633,350.62583773664664,252.89120073664662,275.12680639921155
-155.903288,19.638252,1086.8,978652.25,978280.5516431133,371.69835688674357,253.21759448674356,274.9320375113698
-155.885282,19.642252,1323.3,978602.3,978207.8068026756,394.4931973244529,250.22967792445291,272.5932645475512
-155.871778,19.651084,1544.7,978550.74,978140.0046352268,410.7353647731943,242.33526017319429,268.36081249389974
-155.864119,19.65875,1690.5,978517.07,978095.4641610584,421.6058389415266,237.3109099415266,262.73996535474953
-155.876951,19.67125,1911.1,978464.78,978028.1307121717,436.6492878283607,228.3049880283607,266.3640386793146
-155.885786,19.678915,1940.7,978453.72,978019.439042683,434.28095731697977,222.70972471697976,262.03964564867056
-155.881619,19.690416,2189.2,978389.67,977943.4523127017,446.2176872983109,207.55548169831093,248.83945737828765
-155.892622,19.640251,1229.4,978622.02,978236.6648694534,385.35513054660987,251.32840134660987,274.12110343905283
-155.90811,19.632919,1008.2,978667.81,978304.5013516822,363.30864831781946,253.39670071781944,275.70864065790596
-155.92462,19.62742,797.3,978706.41,978369.2709732584,337.13902674161363,250.21897534161366,272.4040897319843
-155.942611,19.571256,349.1,978782.72,978504.4046077828,278.3153922171332,240.2572084171332,263.015877863627
-155.131124,19.71407,248.1,978804.05,978543.7389452383,260.31105476175435,233.26368896175435,246.01041028315606
-155.603291,19.474256,3986.9,978077.96,977376.9359590497,701.0240409502294,266.38017675022934,322.9525090489773
-155.599781,19.472757,3988.7,978081.36,977376.2962618456,705.0637381543638,270.22364155436384,321.17465454520766
-155.596287,19.471424,3990.0,978083.96,977375.8200612814,708.1399387185229,273.15811871852287,323.0690162112553
-155.592457,19.47059,3987.8,978085.7,977376.450697183,709.2493028169265,274.50732241692646,324.06002506408356
-155.589115,19.46909,3982.8,978087.61,977377.9063951885,709.7036048114533,275.50671441145323,325.2539157045961
-155.585453,19.467757,3983.3,978085.58,977377.6767279409,707.9032720590476,273.65187265904757,323.14832623696816
-155.583119,19.467257,3984.2,978083.26,977377.3710377445,705.888962255558,271.539446655558,322.98915558258943
-155.758966,19.078782,611.1,978720.13,978395.7907030756,324.339296924416,257.71839712441596,276.8514245766962
-155.838294,19.12728,531.6,978720.07,978423.0340276158,297.03597238415387,239.08200358415385,260.24251306584995
-155.80996,19.094949,559.3,978715.54,978412.679958506,302.8600414940156,241.88627409401562,262.487144020423
-155.775124,19.084283,604.1,978716.7,978398.2578198047,318.44218019524124,252.58440639524122,272.1115684378229
-155.770957,19.16661,1489.0,978542.74,978129.7925233019,412.94747669808567,250.61967469808565,280.28052637117696
-155.745125,19.154611,1488.9,978548.28,978129.1521950072,419.1278049928369,256.8109047928369,283.6936536563574
-155.740288,19.152444,1463.1,978555.08,978136.9907883352,418.08921166474465,258.58497586474465,285.4405511525422
-155.735451,19.150278,1439.1,978561.43,978144.2742037259,417.15579627419356,260.26799247419353,284.56888950730433
-155.730629,19.147943,1422.6,978565.31,978149.2343181189,416.0756818811642,260.9866750811642,286.539086984569
-155.758966,19.078782,611.1,978719.85,978395.7907030756,324.05929692438804,257.438397124388,276.5714245766683
-155.838294,19.12728,531.6,978719.67,978423.0340276158,296.635972384247,238.68200358424698,259.8425130659431
-155.80996,19.094949,559.3,978715.07,978412.679958506,302.39004149392713,241.41627409392714,262.0171440203345
-155.775124,19.084283,604.1,978716.18,978398.2578198047,317.922180195339,252.064406395339,271.59156843792067
-155.770957,19.16661,1489.0,978542.25,978129.7925233019,412.457476698095,250.12967469809496,279.7905263711863
-155.745125,19.154611,1488.9,978547.85,978129.1521950072,418.6978049927857,256.38090479278566,283.2636536563062
-155.740288,19.152444,1463.1,978554.66,978136.9907883352,417.66921166481916,258.16497586481916,285.0205511526167
-155.735451,19.150278,1439.1,978561.01,978144.2742037259,416.73579627415165,259.8479924741516,284.1488895072624
-155.730629,19.147943,1422.6,978564.95,978149.2343181189,415.71568188106176,260.62667508106176,286.17908698446655
-155.768288,19.120613,991.0,978642.03,978280.8807493912,361.1492506088689,253.1124126088689,275.65957836350884
-155.775628,19.118281,917.7,978654.45,978303.3704945131,351.0795054868795,251.03368688687948,273.20860056511464
-155.782631,19.116114,862.8,978663.0,978320.1918453159,342.8081546841422,248.7474242841422,269.99697542498313
-155.78962,19.113614,795.7,978674.56,978340.7601774636,333.79982253641356,247.05419993641357,269.21117157476044
-155.784966,19.122781,939.2,978645.99,978296.9868961411,349.0031038589077,246.6133982589077,271.3289572919201
-155.777962,19.124946,985.3,978639.45,978282.8816632547,356.5683367452584,249.15290134525844,271.6653877286376
-155.773125,19.111613,864.0,978665.42,978319.5702817878,345.84971821226645,251.65816621226645,273.14595752096676
-155.765786,19.113948,923.9,978655.33,978301.2152982673,354.1147017326439,253.39297153264388,275.8636690442196
-155.758629,19.11628,986.8,978645.2,978281.9349142096,363.26508579030633,255.68612339030634,278.5359291439447
-155.75129,19.118446,1050.9,978634.14,978262.2755554144,371.86444458563346,257.29742838563345,279.81398515187254
-155.749123,19.111781,985.4,978648.4,978282.1158118397,366.28418816032354,258.8578509603235,281.75499017227565
-155.741951,19.114113,1049.2,978636.65,978262.5582545238,374.09174547623843,259.7100598762384,281.8485081984239
-155.735131,19.116279,1093.8,978629.54,978248.9166269297,380.6233730703825,261.3794846703825,284.0150709798206
-155.739464,19.107114,975.3,978652.89,978284.9721222424,367.91787775757257,261.59262235757257,285.2417424800553
-155.746788,19.104781,925.6,978661.03,978300.1791010969,360.8508989030961,259.9438381030961,281.5675870762162
-155.75396,19.10228,871.4,978669.37,978316.765806867,352.6041931329528,257.6059079329528,280.07196054494057
-155.756295,19.109114,913.9,978660.43,978304.0314953909,356.39850460912567,256.7669544091257,278.1042777903595
-155.763619,19.107114,862.4,978668.25,978319.81298056,348.4370194399962,254.4198962399962,277.6210595104549
-155.770623,19.115946,931.0,978653.66,978299.1357819301,354.52421806997154,253.02846006997152,274.62565761621954
-155.777626,19.11378,860.6,978666.12,978320.7404974847,345.37950251530856,251.55861171530856,274.2033821383881
-155.780129,19.10928,804.2,978675.72,978337.8950510757,337.8249489242444,250.15267332424438,270.8200446167753
-155.787285,19.106948,729.2,978688.81,978360.9115209124,327.8984790876275,248.40255348762747,270.5471419826646
-155.794289,19.104614,698.7,978692.34,978370.1944766328,322.1455233672168,245.9746467672168,268.1503713705572
-155.801293,19.102281,630.1,978705.9,978391.2367625593,314.66323744074907,245.97099564074907,267.7467041580365
-155.798958,19.095447,598.2,978711.65,978400.7012970475,310.9487029524753,245.73413535247528,265.261122578157
-155.791787,19.097948,634.9,978706.28,978389.5135813009,316.7664186991751,247.55089049917513,268.4923002652113
-155.796456,19.11028,733.6,978685.4,978359.7395030188,325.6604969812324,245.68489218123244,267.886411332555
-155.78463,19.100115,691.6,978696.87,978372.1347709843,324.7352290156996,249.3383802156996,269.99945395720886
-155.777626,19.102447,751.3,978686.71,978353.8397737803,332.8702262196457,250.9650028196457,273.1447581217457
-155.770455,19.104613,803.1,978678.39,978337.9741095299,340.41589047014713,252.86353467014715,273.3630351471281
-155.760964,19.10028,802.5,978681.61,978337.9175456658,343.692454334232,256.20550933423203,276.42439551408233
-155.76812,19.097948,742.4,978691.71,978356.3355616123,335.37443838769104,254.43947518769104,274.9506090020881
-155.775124,19.095615,701.9,978697.24,978368.7048689419,328.5351310580736,252.0153968580736,272.7608778809566
-155.782128,19.093281,654.1,978704.37,978383.3274249099,321.04257509007584,249.73390129007583,271.16058281724645
-155.789299,19.090948,594.0,978714.99,978401.7467241792,313.2432758207433,248.4865838207433,268.3296736163016
-155.779961,19.086949,603.3,978715.84,978398.6533554762,317.1866445237538,251.4160851237538,271.90412585831086
-155.772622,19.088781,645.2,978709.8,978385.8233873815,323.9766126185423,253.63819901854225,274.04974018762636
-155.765618,19.091114,686.4,978703.21,978373.2376619851,329.97233801486436,255.14238281486436,275.7671597958833
-155.758629,19.093448,746.7,978693.25,978354.757501961,338.4924980390351,257.08875743903513,277.61982626889863
-155.751459,19.095781,824.5,978678.79,978330.8770786972,347.91292130283546,258.0275803028355,279.85999469498245
-155.744287,19.098113,852.4,978676.75,978322.3969003578,354.35309964220505,261.42615644220507,283.4823913143715
-155.749124,19.088781,725.6,978700.81,978361.0092735145,339.80072648555506,260.69726568555507,280.8936699283945
-155.756128,19.086448,686.4,978706.35,978372.9775114388,333.3724885612028,258.5425333612028,279.65337147558694
-155.763132,19.084282,636.4,978714.0,978388.2886036471,325.7113963528536,256.33234115285364,275.84266378600296
-155.750131,19.080948,636.3,978718.08,978388.1336339075,329.946366092423,260.578212692423,279.6406163336024
-155.732964,19.162276,1616.4,978521.4,978090.2462604741,431.15373952593654,254.93704432593654,284.13163800917357
-155.66413,19.293602,2470.4,978367.77,977834.2104416456,533.5595583544346,264.2414911544345,294.1305068733135
-155.638297,19.248436,2042.2,978461.25,977963.7303006073,497.51969939272385,274.8831397927238,301.9401416681418
-155.717629,19.171109,1676.7,978516.42,978072.1383351118,444.2816648882581,261.49118428825807,289.03831684353514
-155.74195,19.213608,2095.5,978424.89,977945.336573836,479.55342616396956,251.10620716396954,288.960155789232
-155.666784,19.336265,2845.3,978290.82,977721.0144531097,569.8055468902458,259.6166314902457,293.2467249576584
-155.68395,19.361931,2904.7,978270.38,977704.1483608665,566.2316391335335,249.56705453353345,285.033576876277
-155.684957,19.3316,2804.2,978296.18,977733.4235042165,562.7564957835712,257.0482201835712,293.5065230629042
-155.6988,19.137777,1304.8,978593.55,978185.011490641,408.5385093590012,266.2918229590012,289.0340726522788
-155.713952,19.13961,1338.9,978584.82,978174.5926855333,410.22731446661055,264.2631142666105,288.8196246707372
-155.706963,19.137112,1306.6,978592.27,978184.4189543299,407.8510456701042,265.4081268701042,288.5512247869446
-155.682291,19.137777,1271.8,978602.68,978195.1934922192,407.48650778084993,268.83741538084996,291.3721953475063
-155.689125,19.137777,1300.3,978595.28,978186.3999360962,408.88006390386727,267.12395850386724,289.9311370186884
-155.772621,19.181777,1554.5,978531.46,978110.4339218711,421.026078128838,251.55759712883798,278.41884222995634
-155.774131,19.192609,1589.8,978525.43,978100.1503472212,425.27965277887415,251.96283637887416,280.66241306098465
-155.776819,19.202556,1615.3,978521.37,978092.8409210766,428.52907892339863,252.43230352339862,279.4628388816832
-155.762892,19.17442,1589.8,978525.15,978099.1318816508,426.0181183492532,252.7013019492532,280.3504024785792
-155.752351,19.176206,1687.4,978504.25,978069.1227881595,435.12721184047405,251.17023864047403,282.5773755383541
-155.752784,19.166943,1570.6,978531.22,978104.6367134386,426.5832865614211,255.3596157614211,282.95077891009794
-155.749655,19.164458,1569.4,978532.57,978104.8678847648,427.7021152351517,256.6092660351517,284.75470822269955
-155.726128,19.145778,1394.8,978571.5,978157.690368503,413.8096314970171,261.7513250970171,286.00237083090497
-155.721291,19.143444,1378.8,978576.05,978162.4964055325,413.5535944675794,263.2395760675794,288.0433164182499
-155.741296,19.072615,597.0,978729.64,978399.7989639252,329.84103607479483,264.7572900747948,284.29539856200455
-155.741295,19.133113,1261.3,978595.32,978198.1726618817,397.14733811828773,259.64293471828773,283.36243224735915
-155.739953,19.129944,1233.5,978601.47,978206.5733623971,394.89663760282565,260.42293460282565,284.4505499848667
-155.736626,19.130778,1244.1,978599.63,978203.3492909527,396.28070904733613,260.6514152473361,285.1116289492707
-155.737618,19.134446,1287.5,978590.81,978190.1631895195,400.6468104805099,260.28613548050987,285.051259270171
-155.728295,19.129778,1216.9,978608.12,978211.6860978174,396.4339021826163,263.76989798261627,286.5856480568973
-155.72712,19.126612,1187.4,978612.49,978220.611724503,391.8782754970016,262.4303022970016,285.465873958092
-155.730629,19.125446,1162.0,978617.62,978228.3840803317,389.2359196683392,262.5570036683392,285.9856291087748
-155.731789,19.128611,1208.9,978607.53,978214.0893643633,393.4406356366817,261.6487754366817,285.6276996185619
-155.735299,19.127447,1199.9,978608.24,978216.8013695407,391.4386304592481,260.62793225924804,284.9196849640391
-155.734124,19.123947,1158.9,978616.59,978229.2569162621,387.3330837378744,260.99212353787436,285.01537074206726
-155.729119,19.121946,1137.7,978622.57,978235.6867745098,386.88322549010627,262.8534468901063,284.7123587606007
-155.737465,19.122945,1158.6,978615.81,978229.2935311582,386.51646884181537,260.2082140418154,284.0493214935241
-155.738793,19.126445,1189.0,978610.3,978220.108701292,390.19129870808683,260.56889670808687,283.71679079124357
-155.742287,19.12528,1169.1,978614.13,978226.1840096638,387.945990336244,260.493046536244,283.5394810668553
-155.74096,19.12178,1137.8,978619.48,978235.646648595,383.8333514049882,259.7926710049882,282.4499786874121
-155.744454,19.120947,1107.8,978625.04,978244.8572241012,380.18277589883655,259.41263549883655,282.0154369064421
-155.745964,19.124113,1143.4,978618.34,978234.0489512525,384.29104874748737,259.63986754748737,283.8387749052903
-155.747124,19.127279,1180.8,978610.13,978222.6854778868,387.44452211319003,258.71606771319,283.73075339619305
-155.743462,19.12878,1215.0,978604.13,978212.2166086108,391.91339138918556,259.4565213891856,283.16984050936276
-155.744957,19.132111,1250.1,978596.38,978201.5724472046,394.80755279539153,258.52415099539155,282.8058320729546
-155.745964,19.135445,1274.9,978590.8,978194.1066919236,396.693308076472,257.706259876472,283.06396362841133
-155.747292,19.138779,1306.9,978585.17,978184.4195423484,400.75045765168034,258.2748334516803,282.9773221686063
-155.751793,19.140944,1303.3,978585.5,978185.6512863357,399.848713664338,257.765554264338,282.8995423822769
-155.754296,19.147778,1370.8,978569.46,978165.2069335182,404.2530664817896,254.81119208178959,282.2268379081361
-155.75663,19.154611,1438.2,978555.39,978144.7941584099,410.5958415900823,253.80615399008227,280.1495054606813
-155.749794,19.156944,1496.6,978544.92,978126.9070953233,418.01290467672516,254.85656587672517,280.9241694169508
-155.75463,19.159444,1516.1,978540.54,978121.0309030687,419.5090969313169,254.2269071313169,283.5236800934079
-155.764121,19.152444,1375.1,978565.88,978164.1411159118,401.73888408823404,251.82823228823406,279.17964942190173
-155.771125,19.150279,1305.0,978577.75,978185.6485735966,392.10142640338745,249.83293640338744,275.42094693676484
-155.773796,19.156944,1355.8,978567.51,978170.3474713789,397.16252862114925,249.35592422114925,275.6621585799943
-155.766288,19.159277,1422.4,978556.44,978149.929805548,406.5101944518974,251.44299125189738,278.139869874473
-155.761452,19.145278,1310.7,978580.18,978183.610306373,396.5696936270688,253.67980102706878,278.93825372811256
-155.618632,19.068448,375.2,978776.94,978468.0281217042,308.91187829570845,268.00832469570844,292.0460160474677
-155.662791,19.059614,592.4,978733.86,978400.4946104377,333.36538956232835,268.78312636232835,288.35968407060955
-155.639796,19.062614,545.7,978739.45,978415.0756344707,324.3743655292783,264.8832429292783,284.3686655477834
-155.628472,19.061341,456.3,978755.56,978442.5989629815,312.9610370185692,263.2161236185692,282.6921335353999
-155.649419,19.061041,570.5,978736.58,978407.3334724786,329.24652752140537,267.05175852140536,285.17245864857625
-155.67512,19.058116,618.9,978729.83,978392.232109991,337.59789000893943,270.1266498089394,288.70996786352265
-155.688646,19.058855,634.2,978728.03,978387.5510350581,340.47896494192537,271.33974934192537,289.8511834914338
-155.691738,19.059548,625.0,978731.13,978390.4291236949,340.7008763051126,272.5646263051126,291.5187008609273
-155.697409,19.063009,624.6,978731.94,978390.7453097159,341.1946902840864,273.10204748408637,292.1081272335628
-155.702625,19.065955,638.7,978728.79,978386.557543559,342.23245644103736,272.60265984103734,290.94307300509234
-155.713335,19.063895,605.6,978734.0,978396.6588803256,337.34111967438366,271.31981887438366,289.5976646614837
-155.728296,19.068282,606.3,978732.28,978396.6871752483,335.59282475174405,269.49521135174405,288.57798343613797
-155.775795,19.140778,1181.7,978601.63,978223.1619489553,378.46805104473606,249.64148044473606,273.6222635401923
-155.777793,19.146111,1213.6,978594.06,978213.6170028546,380.4429971454665,248.13875234546651,274.2780385085263
-155.768456,19.143111,1251.2,978590.73,978201.8477016797,388.882298320299,252.47897672029902,278.79346911571633
-155.766121,19.136445,1184.1,978605.13,978222.1792732935,382.9507267065346,253.86251290653462,277.4530605143407
-155.758797,19.138611,1237.2,978597.33,978205.9159399745,391.4140600254759,256.5369904254759,281.0697462755317
-155.756295,19.13178,1177.4,978608.18,978223.9860028661,384.1939971339889,255.83620393398888,280.4038835869983
-155.749459,19.134112,1247.2,978595.33,978202.5790358931,392.7509641068755,256.78371450687547,281.20993588843373
-155.754128,19.124946,1121.2,978620.4,978240.9456845659,379.4543154340936,257.2233338340936,279.9749610771811
-155.7613,19.122614,1046.5,978633.68,978263.8660290753,369.81397092470434,255.72663392470434,280.3118713119577
-155.763619,19.129779,1099.5,978622.41,978247.9116170916,374.49838290840853,254.63309190840852,278.15950062748993
-155.771126,19.127279,1041.0,978631.07,978265.8237459147,365.2462540852139,251.75851608521387,276.33667416378375
-155.773293,19.134279,1127.5,978613.86,978239.5230187128,374.3369812872261,251.41918628722607,277.4836201039356
-155.780297,19.13178,1059.5,978624.92,978260.3664276836,364.5535723164212,249.0490013164212,272.9888628070106
-155.57729,19.493422,3968.3,978075.03,977383.7551955937,691.2748044063337,258.6586750063337,307.91041819772965
-155.571125,19.494755,3660.7,978137.27,977478.6262502774,658.6437497226289,259.56155712262887,327.04039194329636
-155.519795,19.516421,3475.1,978174.85,977537.0611567546,637.7888432453619,258.9403914453619,297.33403640087363
-155.495625,19.528419,3299.1,978207.85,977591.9931922434,615.8568077565869,256.19552395658695,291.625839088914
-155.470951,19.529585,3095.4,978250.13,977654.8534157227,595.2765842772787,257.8222670772787,290.8757496440984
-155.445119,19.525252,2842.5,978300.17,977732.5761272158,567.5938727842877,257.71020778428766,288.02129564970227
-155.424962,19.513918,2593.2,978351.55,977808.8002905857,542.7497094143182,260.0442318143182,286.52571125776507
-155.680461,19.068449,692.2,978716.1,978370.1844218493,345.9155781506561,270.45331855065604,288.9981501717539
-155.678461,19.091281,912.0,978665.87,978303.6230414101,362.2469585898798,262.8225425898798,287.63479594945863
-155.678628,19.091281,780.7,978698.55,978344.1435182844,354.4064817156177,269.2961291156177,296.6267831574175
-155.69201,19.095643,867.8,978680.14,978317.5065741168,362.6334258832503,268.02760548325034,289.7315890429794
-155.67225,19.10611,988.3,978650.51,978280.9044271046,369.60557289537974,261.8630834953797,282.79955555607125
-155.67872,19.111022,1042.4,978641.97,978264.4840793479,377.48592065204866,263.84555745204864,284.27794882227937
-155.687178,19.110842,1054.9,978640.38,978260.6167781226,379.76322187739424,264.76013367739426,286.37173530024927
-155.69613,19.110778,1026.0,978645.91,978269.5312146847,376.37878531531896,264.526317315319,286.41806347809677
-155.697122,19.125445,1183.8,978616.21,978221.6573661064,394.5526338935597,265.4971254935597,287.91714876241883
-155.683129,19.155276,1422.8,978571.75,978149.5826282004,422.1673717995873,267.0565613995873,289.3075091672822
-155.698588,19.14786,1412.1,978575.05,978152.4692086176,422.5807913824683,268.6364735824683,293.1661877529465
-155.695458,19.161442,1520.2,978552.21,978119.8777639114,432.3322360885795,266.6030724885795,291.09730707074914
-155.685296,19.169942,1551.8,978548.63,978110.6044337561,438.0255662439158,268.85143384391586,293.7460607088526
-155.787328,19.254176,1840.4,978470.24,978026.2979264056,443.94207359442953,243.3053463944295,274.5346940788651
-155.743796,19.260772,2257.0,978401.37,977898.1746268347,503.1953731653048,257.14174716530476,288.7189120349764
-155.748332,19.26362,2231.6,978405.25,977906.1681765146,499.0818234854378,255.7972546854378,286.7787061691601
-155.752509,19.265112,2198.9,978409.69,977916.3370415708,493.3529584291391,253.63327822913908,284.7910344713586
-155.761808,19.263659,2124.5,978420.45,977939.201700517,481.248299482977,249.639558482977,281.176526169151
-155.774128,19.261367,1977.4,978447.09,977984.4435883714,462.6464116285788,247.07421842857877,277.7598771152815
-155.804963,19.252256,1600.2,978515.57,978100.2875262676,415.2824737323681,240.83187013236807,274.06509003664996
-155.816283,19.233051,1333.8,978567.34,978181.3988546872,385.94114531273954,240.53293691273953,269.4809633529188
-155.83473,19.229555,1088.1,978610.48,978257.0149739087,353.4650260913186,234.84254029131858,263.57017705521554
-155.852788,19.225442,819.9,978660.35,978339.5490417705,320.8009582294617,231.41710002946166,258.99630830506203
-155.869473,19.227527,559.3,978709.16,978420.0954981035,289.0645018965006,228.0907344965006,255.7911789650935
-155.863623,19.168778,503.5,978723.41,978434.0270601042,289.3829398958478,234.49237689584783,258.9168006879153
-155.086461,19.726735,2.1,978859.37,978620.4077633884,238.96223661163822,238.7332988116382,251.09849775340905
-155.768288,19.120613,991.0,978642.31,978280.8807493912,361.42925060889684,253.39241260889685,275.9395783635368
-155.775628,19.118281,917.7,978654.73,978303.3704945131,351.35950548690744,251.31368688690742,273.4886005651426
-155.782631,19.116114,862.8,978663.28,978320.1918453159,343.08815468417015,249.02742428417014,270.2769754250111
-155.78962,19.113614,795.7,978674.83,978340.7601774636,334.06982253631577,247.32419993631578,269.48117157466265
-155.784966,19.122781,939.2,978646.27,978296.9868961411,349.28310385893565,246.89339825893563,271.60895729194806
-155.777962,19.124946,985.3,978639.72,978282.8816632547,356.83833674527705,249.42290134527707,271.9353877286562
-155.773125,19.111613,864.0,978665.7,978319.5702817878,346.129718212178,251.93816621217798,273.4259575208783
-155.765786,19.113948,923.9,978655.61,978301.2152982673,354.3947017326718,253.67297153267182,276.14366904424753
-155.758629,19.11628,986.8,978645.47,978281.9349142096,363.53508579032496,255.95612339032496,278.80592914396334
-155.75129,19.118446,1050.9,978634.42,978262.2755554144,372.1444445856614,257.5774283856614,280.0939851519005
-155.749123,19.111781,985.4,978648.68,978282.1158118397,366.5641881603515,259.13785096035144,282.0349901723036
-155.741951,19.114113,1049.2,978636.93,978262.5582545238,374.37174547626637,259.99005987626634,282.1285081984518
-155.735131,19.116279,1093.8,978629.81,978248.9166269297,380.89337307040114,261.64948467040114,284.28507097983925
-155.739464,19.107114,975.3,978653.16,978284.9721222424,368.1878777575912,261.8626223575912,285.5117424800739
-155.746788,19.104781,925.6,978661.3,978300.1791010969,361.1208989031147,260.2138381031147,281.83758707623485
-155.75396,19.10228,871.4,978669.65,978316.765806867,352.8841931329807,257.88590793298073,280.3519605449685
-155.756295,19.109114,913.9,978660.71,978304.0314953909,356.6785046090372,257.0469544090372,278.384277790271
-155.763619,19.107114,862.4,978668.53,978319.81298056,348.71701944002416,254.69989624002415,277.90105951048287
-155.770623,19.115946,931.0,978653.94,978299.1357819301,354.80421806988306,253.30846006988304,274.90565761613107
-155.777626,19.11378,860.6,978666.4,978320.7404974847,345.6595025153365,251.8386117153365,274.48338213841606
-155.780129,19.10928,804.2,978676.0,978337.8950510757,338.1049489242723,250.43267332427232,271.10004461680325
-155.787285,19.106948,729.2,978689.09,978360.9115209124,328.178479087539,248.682553487539,270.8271419825761
-155.794289,19.104614,698.7,978692.62,978370.1944766328,322.42552336724475,246.25464676724474,268.43037137058514
-155.801293,19.102281,630.1,978706.17,978391.2367625593,314.9332374407677,246.2409956407677,268.0167041580551
-155.798958,19.095447,598.2,978711.93,978400.7012970475,311.2287029525032,246.01413535250322,265.54112257818497
-155.791787,19.097948,634.9,978706.56,978389.5135813009,317.04641869920306,247.83089049920306,268.77230026523927
-155.796456,19.11028,733.6,978685.68,978359.7395030188,325.94049698126037,245.96489218126038,268.1664113325829
-155.78463,19.100115,691.6,978697.15,978372.1347709843,325.0152290157275,249.61838021572754,270.2794539572368
-155.777626,19.102447,751.3,978686.98,978353.8397737803,333.1402262196643,251.23500281966432,273.41475812176435
-155.770455,19.104613,803.1,978678.67,978337.9741095299,340.6958904701751,253.1435346701751,273.643035147156
-155.760964,19.10028,802.5,978681.89,978337.9175456658,343.97245433425996,256.48550933426,276.7043955141103
-155.76812,19.097948,742.4,978691.99,978356.3355616123,335.654438387719,254.71947518771898,275.230609002116
-155.775124,19.095615,701.9,978697.52,978368.7048689419,328.81513105810154,252.29539685810153,273.04087788098457
-155.782128,19.093281,654.1,978704.65,978383.3274249099,321.3225750901038,250.01390129010377,271.4405828172744
-155.789299,19.090948,594.0,978715.27,978401.7467241792,313.52327582077123,248.76658382077125,268.60967361632953
-155.779961,19.086949,603.3,978716.12,978398.6533554762,317.4666445237817,251.69608512378173,272.1841258583388
-155.772622,19.088781,645.2,978710.08,978385.8233873815,324.2566126184538,253.91819901845378,274.3297401875379
-155.765618,19.091114,686.4,978703.49,978373.2376619851,330.2523380148923,255.4223828148923,276.0471597959112
-155.758629,19.093448,746.7,978693.53,978354.757501961,338.77249803906307,257.3687574390631,277.8998262689266
-155.751459,19.095781,824.5,978679.07,978330.8770786972,348.192921302747,258.307580302747,280.13999469489397
-155.744287,19.098113,852.4,978677.02,978322.3969003578,354.6230996422237,261.6961564422237,283.75239131439014
-155.749124,19.088781,725.6,978701.08,978361.0092735145,340.07072648545727,260.9672656854573,281.1636699282967
-155.756128,19.086448,686.4,978706.62,978372.9775114388,333.6424885612214,258.8125333612214,279.92337147560556
-155.763132,19.084282,636.4,978714.28,978388.2886036471,325.99139635288157,256.6123411528816,276.1226637860309
-155.750131,19.080948,636.3,978718.36,978388.1336339075,330.2263660924509,260.85821269245093,279.92061633363033
-155.054616,19.722735,7.0,978862.06,978618.6657311692,243.3942688308889,242.6311428308889,254.14810256773976
-155.110952,19.706402,137.9,978826.96,978577.3186539634,249.64134603657294,234.60776383657293,247.70137105200774
-155.141454,19.685571,342.3,978783.27,978513.0289036685,270.2410963315051,232.9242349315051,244.9906842681209
-155.18012,19.681573,584.6,978736.12,978438.0111957487,298.10880425130017,234.37688145130016,247.38287619899793
-155.214955,19.694905,768.9,978700.69,978381.8933653358,318.79663466417696,234.97269446417698,247.352568904672
-155.250782,19.694239,1003.0,978658.21,978309.6116912954,348.5983087045606,239.25325470456062,252.25844923932743
-155.282292,19.687572,1211.3,978622.78,978244.9551349863,377.8248650137102,245.7713616137102,259.23420584385383
-155.313113,19.677407,1380.2,978598.76,978192.2608009428,406.4991990572307,256.0325554572307,271.6560466400192
-155.352954,19.671076,1617.6,978558.75,978118.6578385932,440.0921614067629,263.7446446067629,278.9395837878043
-155.403612,19.681907,1837.2,978522.68,978051.5354017722,471.1445982278092,270.85672862780916,286.89619490022864
-155.462617,19.700575,2041.3,978489.68,977989.6496923543,500.0303076457931,277.49186424579307,294.0771684936254
-155.054616,19.722735,7.0,978862.07,978618.6657311692,243.4042688307818,242.6411428307818,254.15810256763265
-155.110952,19.706402,137.9,978826.94,978577.3186539634,249.6213460365543,234.5877638365543,247.68137105198912
-155.141454,19.685571,342.3,978783.24,978513.0289036685,270.21109633147717,232.89423493147717,244.96068426809296
-155.18012,19.681573,584.6,978736.1,978438.0111957487,298.08880425128154,234.35688145128154,247.3628761989793
-155.214955,19.694905,768.9,978700.66,978381.8933653358,318.76663466426544,234.94269446426546,247.3225689047605
-155.250782,19.694239,1003.0,978658.21,978309.6116912954,348.5983087045606,239.25325470456062,252.25844923932743
-155.282292,19.687572,1211.3,978622.77,978244.9551349863,377.8148650137009,245.7613616137009,259.2242058438445
-155.313113,19.677407,1380.2,978598.75,978192.2608009428,406.4891990572214,256.0225554572214,271.6460466400099
-155.352954,19.671076,1617.6,978558.78,978118.6578385932,440.12216140679084,263.77464460679084,278.9695837878322
-155.403612,19.681907,1837.2,978522.7,978051.5354017722,471.1645982277114,270.8767286277114,286.91619490013085
-155.462617,19.700575,2041.3,978489.7,977989.6496923543,500.0503076456953,277.5118642456953,294.0971684935276
-155.054616,19.722735,7.0,978862.07,978618.6657311692,243.4042688307818,242.6411428307818,254.15810256763265
-155.110952,19.706402,137.9,978826.96,978577.3186539634,249.64134603657294,234.60776383657293,247.70137105200774
-155.141454,19.685571,342.3,978783.27,978513.0289036685,270.2410963315051,232.9242349315051,244.9906842681209
-155.18012,19.681573,584.6,978736.1,978438.0111957487,298.08880425128154,234.35688145128154,247.3628761989793
-155.214955,19.694905,768.9,978700.64,978381.8933653358,318.7466346642468,234.92269446424683,247.30256890474186
-155.250782,19.694239,1003.0,978658.17,978309.6116912954,348.5583087046398,239.21325470463978,252.2184492394066
-155.282292,19.687572,1211.3,978622.76,978244.9551349863,377.8048650136916,245.75136161369159,259.2142058438352
-155.313113,19.677407,1380.2,978598.75,978192.2608009428,406.4891990572214,256.0225554572214,271.6460466400099
-155.352954,19.671076,1617.6,978558.77,978118.6578385932,440.1121614067815,263.76464460678153,278.9595837878229
-155.403612,19.681907,1837.2,978522.7,978051.5354017722,471.1645982277114,270.8767286277114,286.91619490013085
-155.462617,19.700575,2041.3,978489.68,977989.6496923543,500.0303076457931,277.49186424579307,294.0771684936254
-155.054616,19.722735,7.0,978862.07,978618.6657311692,243.4042688307818,242.6411428307818,254.15810256763265
-155.110952,19.706402,137.9,978826.92,978577.3186539634,249.6013460366521,234.5677638366521,247.6613710520869
-155.141454,19.685571,342.3,978783.24,978513.0289036685,270.21109633147717,232.89423493147717,244.96068426809296
-155.18012,19.681573,584.6,978736.08,978438.0111957487,298.0688042512629,234.3368814512629,247.34287619896068
-155.214955,19.694905,768.9,978700.66,978381.8933653358,318.76663466426544,234.94269446426546,247.3225689047605
-155.250782,19.694239,1003.0,978658.18,978309.6116912954,348.5683087046491,239.2232547046491,252.2284492394159
-155.282292,19.687572,1211.3,978622.76,978244.9551349863,377.8048650136916,245.75136161369159,259.2142058438352
-155.313113,19.677407,1380.2,978598.75,978192.2608009428,406.4891990572214,256.0225554572214,271.6460466400099
-155.352954,19.671076,1617.6,978558.77,978118.6578385932,440.1121614067815,263.76464460678153,278.9595837878229
-155.403612,19.681907,1837.2,978522.69,978051.5354017722,471.1545982277021,270.86672862770206,286.90619490012153
-155.462617,19.700575,2041.3,978489.68,977989.6496923543,500.0303076457931,277.49186424579307,294.0771684936254
-155.481447,19.636911,2149.1,978444.12,977952.7605333598,491.3594666401623,257.06888284016225,274.852010501982
-155.453449,19.583749,2529.8,978358.6,977832.3234518765,526.2765481234528,250.48281172345276,274.55365887656217
-155.463795,19.579415,2586.5,978347.52,977814.5925467979,532.927453202079,250.95239620207906,276.67289252567997
-155.469286,19.663745,2037.3,978475.34,977988.7759783977,486.564021602273,264.46165020227295,280.6893533065729
-155.335284,19.676241,1535.9,978571.06,978144.15780365,426.9021963500418,259.46145015004174,274.30819106924037
-155.318958,19.677407,1435.6,978589.66,978175.1684852479,414.4915147521533,257.9852739521533,272.4261409800106
-155.307789,19.677407,1362.7,978600.53,978197.6600907192,402.8699092807947,254.31108068079467,268.56121061976285
-155.293461,19.684573,1262.1,978616.05,978229.1091540026,386.940845997422,249.349228197422,264.0778305018095
-155.278126,19.687238,1178.3,978627.3,978255.1183825898,372.18161741027143,243.72570801027143,257.2197592493081
-155.481447,19.636911,2149.1,978444.23,977952.7605333598,491.4694666401483,257.1788828401483,274.96201050196805
-155.459782,19.571583,2672.0,978331.1,977787.7825831947,543.3174168053083,252.02132080530828,278.0627250348774
-155.467793,19.551084,2903.3,978285.91,977715.2997947619,570.6102052381029,254.0982458381029,283.0815737912824
-155.474781,19.535252,3112.1,978243.1,977650.0273604734,593.0726395265665,253.79772172656646,287.71745490788777
-155.478962,19.530751,3175.9,978231.84,977630.1035175694,601.7364824305987,255.50621623059868,290.5536779549223
-155.464619,19.530419,3058.8,978249.46,977666.1840317043,583.2759682956384,249.81170989563844,282.0620434800006
-155.454122,19.526251,2927.0,978282.68,977706.5805441538,576.0994558462407,257.00376984624074,288.6519071494551
-155.481447,19.636911,2149.1,978444.21,977952.7605333598,491.4494666401297,257.15888284012965,274.9420105019494
-155.581622,19.535086,3412.1,978174.61,977557.5407289678,617.0692710322328,245.08895323223277,283.8093394765218
-155.559787,19.54442,3234.1,978212.53,977612.9398597677,599.5901402323507,247.01502643235068,283.4571084627335
-155.540622,19.552252,3115.5,978236.5,977649.9463047811,586.5536952188704,246.90811621887042,279.3367266032685
-155.531116,19.558749,3009.2,978259.09,977683.0869092133,576.0030907866312,247.9461251866312,277.31199512657855
-155.50928,19.575249,2769.1,978306.79,977758.0520029312,548.7379970687907,246.85625326879074,273.63644901602163
-155.507953,19.569417,2838.6,978293.34,977736.2913463577,557.0486536422977,247.59015884229774,275.09220443566494
-155.492114,19.56475,2835.3,978296.57,977737.0430426775,559.5269573224941,250.42822192249412,277.5458227879343
-155.486621,19.603081,2450.0,978372.93,977858.0333437759,514.8966562241549,247.80255622415484,269.9623782807264
-155.476628,19.568083,2750.7,978313.32,977763.3171383501,550.0028616498457,250.1270490498457,276.5508197118459
-155.484623,19.553085,2950.0,978275.2,977701.0157827735,574.1842172264587,252.58111722645873,282.2024526626801
-155.486286,19.540585,3097.4,978246.41,977654.8623840155,591.5476159845712,253.87526278457113,286.28976668224755
-155.48946,19.528753,3258.1,978215.14,977604.6506333586,610.4893666413845,255.29782084138452,290.68817966915657
-155.478962,19.530751,3175.9,978231.6,977630.1035175694,601.496482430608,255.266216230608,290.3136779549316
-155.474781,19.540751,3048.1,978255.14,977670.0702631852,585.0697368148249,252.77197101482489,283.3234901795837
-155.472782,19.552751,2897.5,978286.63,977717.1828542945,569.4471457054606,253.56749070546056,282.2885537911945
-155.473118,19.565916,2762.6,978311.68,977759.5246107808,552.1553892192896,250.98226241928967,278.41979647745643
-155.454122,19.526251,2927.0,978282.71,977706.5805441538,576.1294558461523,257.03376984615227,288.6819071493666
-155.436452,19.519585,2743.2,978319.67,977762.8707612882,556.7992387118284,257.7410611118284,286.7886904365492
-155.421789,19.511587,2556.4,978359.41,977820.0154082885,539.394591711578,260.70097651157795,286.85413192311387
-155.410283,19.503085,2383.1,978395.66,977872.9734577716,522.6865422284463,262.88574642844634,286.8951954058442
-155.393957,19.497753,2189.5,978435.78,977932.376759657,503.40324034297373,264.7083293429737,290.15106220709447
-155.416297,19.418091,1580.7,978546.13,978115.6510583671,430.4789416329004,258.1541890329004,278.6084254622902
-155.457954,19.37326,1542.0,978553.92,978125.0564848128,428.8635151872877,260.75775918728766,283.6735722234595
-155.538962,19.403261,2992.1,978265.44,977679.5374164793,585.9025835206266,259.70982572062667,298.6475815830895
-155.567952,19.42826,3800.3,978095.01,977431.8334245132,663.1765754867811,248.87547008678104,306.9317338099935
-155.625127,19.383596,3384.2,978182.72,977557.5538096915,625.1661903085187,256.22747470851874,300.7792008590566
-155.674794,19.357931,2931.7,978271.69,977695.5983035966,576.0916964033386,256.48362580333855,291.1290968264974
-155.516286,19.442757,3136.3,978229.23,977637.3176243352,591.9123756648041,249.99922226480408,291.2731689178364
-155.453954,19.480087,2599.1,978344.93,977805.0603935187,539.8696064813994,256.5209226813994,284.3594251118637
-155.574454,19.366262,2811.6,978310.54,977733.0971091777,577.4428908223053,270.92788202230537,305.9606528616669
-155.599126,19.403761,3613.6,978136.0,977487.9870508554,648.0129491445841,254.0655043445841,302.7871877386035
-155.638128,19.398761,3516.9,978155.7,977517.5086447964,638.1913552035112,254.78595100351117,301.58338945335476
-155.656621,19.346099,2935.8,978272.32,977693.6667372151,578.653262784821,258.59821838482094,295.19930363735176
-155.51862,19.487754,3404.3,978179.16,977557.2560440946,621.9039559054654,250.77397850546538,289.0920459748829
-155.467963,19.454923,2550.8,978349.78,977818.5272964922,531.2527035077801,253.16958910778004,283.50109359226406
-155.632113,19.581917,2565.4,978330.57,977821.2414232764,509.3285767235793,229.65379952357932,255.05537058323307
-155.709611,19.561921,2165.6,978403.57,977943.3957645221,460.1742354778107,224.08485467781074,248.4312763532662
-155.643786,19.541087,2897.3,978270.52,977716.5808990774,553.9391009226674,238.0812495226674,269.17455058365846
-155.740952,19.593753,1751.8,978481.88,978072.8440978326,409.0359021674376,218.0581697674376,235.00263117416975
-155.708789,19.441593,2559.7,978326.0,977815.0277353683,510.97226463165134,231.91889003165136,262.6825294067147
-155.659626,19.454425,3332.4,978181.06,977577.5285455534,603.5314544466091,240.23987124660908,281.9913936363028
-155.624287,19.447925,3894.8,978078.97,977403.8247523129,675.14524768712,250.54194128711998,302.4418483983685
-155.596791,19.439758,3947.5,978083.32,977387.121970811,696.1980291889049,265.8494741889049,317.4823415491034
-155.608279,19.503254,3833.2,978084.51,977425.9465397794,658.5634602205828,240.67566262058278,291.43932572870386
-155.558294,19.45459,3847.8,978090.41,977418.6863837566,671.7236162434565,252.24415584345644,303.10778124461586
-155.293461,19.684573,1262.1,978616.18,978229.1091540026,387.07084599742666,249.47922819742666,264.20783050181416
-155.28896,19.67624,1267.5,978615.39,978226.966248276,388.423751724069,250.243436724069,264.06054079821075
-155.278294,19.664074,1202.8,978628.87,978246.2337291882,382.6362708117813,251.5094204117813,265.00538817027524
-155.269947,19.654909,1168.9,978635.5,978256.169955485,379.33004451496527,251.89890431496525,266.36006821383023
-155.265782,19.650074,1163.4,978636.48,978257.5907467933,378.8892532066675,252.0577120066675,266.163124976546
-155.255117,19.638575,1111.8,978646.98,978272.8558261819,374.1241738180397,252.9179614180397,265.99486253751706
-155.247793,19.630576,1070.4,978655.19,978285.1739517308,370.0160482691135,253.3231810691135,266.42629807792235
-155.242956,19.629742,1052.7,978657.67,978290.5881354052,367.08186459483113,252.31861599483113,266.21379608752096
-155.240957,19.623242,1043.2,978660.48,978293.1486052081,367.3313947918359,253.6038171918359,268.44816606669093
-155.233281,19.61491,999.5,978670.04,978306.1581955603,363.88180443970487,254.91831343970486,269.34671132151766
-155.229284,19.610742,996.2,978670.33,978306.9387571284,363.39124287152663,254.78751127152663,268.02062109087876
-155.224783,19.605743,967.5,978676.67,978315.5101054132,361.15989458689,255.68497958689,269.2335998773373
-155.224783,19.605743,967.5,978676.65,978315.5101054132,361.1398945868714,255.66497958687137,269.2135998773187
-155.223288,19.603577,960.9,978678.32,978317.4232821165,360.89671788341366,256.14132168341365,270.4381414016082
-155.220618,19.601076,956.3,978679.62,978318.7001924649,360.91980753513053,256.66589413513054,269.7010715679795
-155.217291,19.598077,943.5,978682.05,978322.4791903972,359.57080960285384,256.71232660285386,269.4178094974372
-155.214789,19.594745,916.9,978687.84,978330.4978805179,357.34211948211305,257.3835152821131,272.42939913452005
-155.21163,19.591578,895.1,978692.36,978337.0448217962,355.31517820374575,257.7331664037457,271.45294674253176
-155.209463,19.589244,889.6,978693.79,978338.6091085925,355.1808914075373,258.19847860753725,271.1684300169563
-155.207617,19.587077,886.2,978694.77,978339.5348654883,355.2351345117204,258.6233829117204,272.221721345368
-155.203955,19.582744,875.6,978697.18,978342.5591673116,354.620832688408,259.16467188840795,273.35921023790524
-155.200629,19.579411,868.8,978698.57,978344.4677975249,354.10220247507095,259.38736407507093,272.55803915865056
-155.373296,19.540083,2173.1,978436.66,977939.8400434239,496.8199565761024,259.9129407761024,280.57883447851805
-155.378286,19.563748,2144.8,978438.35,977949.9148631905,488.43513680947945,254.61333040947943,274.8443601266946
-155.412281,19.573081,2352.2,978395.13,977886.4833068196,508.6466931804316,252.21455358043164,274.88904897546536
-155.433293,19.55675,2635.7,978339.04,977798.1309944768,540.9090055231936,253.57026292319364,279.6634415718242
-155.418294,19.53775,2608.7,978345.91,977805.3754597103,540.5345402897801,256.13928368978014,282.4607422793858
-155.405294,19.542251,2495.9,978367.56,977840.4144881068,527.1455118932063,255.04748569320628,280.5186392097821
-155.395284,19.514418,2295.9,978412.3,977900.5088657192,511.7911342808511,261.4967080808511,285.58479110424764
-155.366293,19.503418,1987.3,978477.25,977995.062476651,482.18752334895544,265.53605194895545,286.1440429519953
-155.405295,19.463754,1959.1,978476.71,978001.5102837954,475.19971620454453,261.62255240454454,284.8802830096587
-155.473288,19.418092,2217.4,978416.29,977919.2574728072,497.032527192845,255.296013992845,285.96245481624123
-155.474294,19.504588,2924.9,978282.23,977705.997151255,576.2328487449558,257.3661005449558,288.981814847907
-155.425283,19.488421,2378.5,978396.01,977873.5596052114,522.4503947886406,263.15108178864057,287.9704063280345
-155.69613,19.110778,1026.0,978645.19,978269.5312146847,375.6587853152305,263.8063173152305,285.6980634780083
-155.6988,19.137777,1304.8,978593.66,978185.011490641,408.6485093589872,266.4018229589872,289.1440726522648
-155.694619,19.160443,1512.3,978555.76,978122.2591298379,433.5008701621555,268.6329487621555,293.2987009153178
-155.684792,19.170608,1558.0,978547.02,978108.7289622091,438.29103779094294,268.4409937909429,292.01966696941895
-155.664788,19.189108,1655.8,978529.5,978079.5934672037,449.9065327963326,269.3945283963326,292.8162207108008
-155.629952,19.233438,1895.9,978490.27,978008.0140373084,482.25596269161906,275.568736491619,300.07414864439704
-155.647117,19.25577,1991.6,978472.99,977979.7492404949,493.2407595050754,276.1205107050754,311.639245489569
-155.586463,19.284101,2076.0,978460.6,977955.3096455942,505.2903544057626,278.9689864057626,307.20751723920307
-155.573295,19.305767,2205.5,978435.74,977916.5882936412,519.1517063587671,278.7125073587671,307.1979741480983
-155.567298,19.314933,2233.5,978431.21,977908.468961213,522.7410387869459,279.24933578694584,307.8664538342683
-155.553459,19.313931,2117.7,978453.5,977944.1270919337,509.3729080662597,278.50548946625975,306.3068985660234
-155.535285,19.328098,2092.0,978458.22,977952.8517493217,505.3682506782934,277.3025946782934,306.2758749313462
-155.131124,19.71407,248.1,978803.41,978543.7389452383,259.6710547617404,232.62368896174038,245.3704102831421
-155.370456,19.667909,1719.0,978537.85,978087.1960598698,450.65394013014156,263.25199813014154,278.5132645016029
-155.368625,19.659743,1704.1,978541.28,978091.3255467517,449.9544532482978,264.17687944829777,279.84360465394957
-155.364125,19.640743,1746.7,978529.92,978077.0986255558,452.821374444291,262.399633844291,277.70324566098805
-155.362126,19.632911,1748.5,978526.55,978076.0960910451,450.45390895497985,259.83593595497985,274.9949196927304
-155.357624,19.617245,1776.9,978516.59,978066.4412009905,450.1487990095047,256.4347148095047,272.24752103732817
-155.391957,19.591746,2068.3,978453.27,977975.1042885417,478.16571145830676,252.68378205830672,273.32499995035505
-155.379627,19.592914,1979.9,978472.8,978002.4366578298,470.3633421702543,254.5186039702543,274.1517239631281
-155.353627,19.596414,1828.7,978504.31,978049.2744143723,455.0355856277747,255.6743690277747,272.55004511244584
-155.136785,19.700404,290.4,978793.67,978529.898627318,263.7713726820657,232.1125454820657,245.03037610523364
-155.141622,19.672572,372.5,978778.02,978502.9632148339,275.05678516614717,234.44758016614716,246.54919837912146
-155.395287,19.338261,822.5,978714.86,978345.0907739095,369.7692260905169,280.1019210905169,296.6303663149284
-155.405632,19.353594,993.7,978672.95,978293.1231515368,379.82684846315533,271.4956618631553,289.24862247229214
-155.418786,19.356095,1106.3,978644.71,978258.5182406702,386.19175932975486,265.58514592975484,284.8058671595248
-155.427619,19.367594,1256.6,978612.77,978212.7905893297,399.97941067034844,262.98739187034846,284.10803352471595
-155.439292,19.369926,1368.5,978589.06,978178.3965045449,410.66349545517005,261.47236245517,282.5116534001937
-155.453117,19.371593,1475.0,978568.86,978145.6326996529,423.2273003470618,262.4257503470618,285.5419215853939
-155.457954,19.37326,1542.0,978554.05,978125.0564848128,428.99351518729236,260.8877591872923,283.80357222346413
-155.470786,19.369427,1625.0,978539.36,978099.2344566297,440.12554337026086,262.9712933702608,286.5996424925502
-155.479957,19.368928,1718.9,978522.14,978070.2391958477,451.900804152363,264.50976395236296,289.00247768321856
-155.420631,19.368261,1256.6,978611.67,978212.8282395018,398.8417604982387,261.84974169823874,280.2997513353743
-155.392632,19.334094,810.7,978719.69,978348.4975275012,371.1924724987475,282.8115798987475,298.68970178790397
-155.383629,19.331427,805.6,978723.04,978349.921152773,373.1188472270733,285.29394642707325,300.7112675614869
-155.381128,19.325596,797.6,978723.58,978352.0615108937,371.518489106209,284.56573230620904,299.549606883132
-155.375619,19.319595,795.6,978723.2,978352.3406875225,370.8593124774052,284.1245916774052,298.8685944640242
-155.370965,19.324097,808.1,978722.76,978348.7366007738,374.02339922625106,285.92595342625106,300.6588728509232
-155.353632,19.319095,804.6,978718.37,978349.5349853971,368.8350146028679,281.11913180286786,295.68098161288714
-155.364954,19.322929,816.7,978720.38,978346.0167230617,374.3632769383257,285.32827633832574,300.1145870091521
-155.642628,19.419094,3550.8,978144.26,977508.210047553,636.0499524470652,248.94883804706512,295.6152954237828
-155.751956,19.461259,1984.9,978442.44,977993.4109854036,449.0290145963663,232.6391863963663,256.66135845957183
-155.71262,19.409096,2577.8,978325.18,977807.6072955237,517.5727044763044,236.54610407630435,267.1114438402917
-155.724629,19.373764,2466.6,978346.57,977839.9008697754,506.6691302245017,237.7653314245017,268.87716681892914
-155.762791,19.383764,2044.4,978423.06,977970.6738312092,452.38616879086476,229.50976959086475,256.80186954992143
-155.783955,19.335433,1890.4,978456.78,978015.4471855034,441.3328144965926,235.2451872965926,265.59760395284883
-155.732793,19.343433,2453.2,978352.77,977842.3215146362,510.4484853638569,243.0055277638569,273.93163526863066
-155.738118,19.300435,2406.0,978367.86,977854.4545262409,513.4054737590486,251.10816575904863,284.4068066886779
-155.791463,19.300103,1798.4,978477.13,978041.8358613496,435.2941386504099,239.23616745040985,269.80390385974846
-155.779456,19.22694,1740.9,978493.71,978055.461995962,438.2480040380033,248.45856783800326,279.08067242181903
-155.70063,19.200941,1817.8,978495.69,978030.2825999052,465.4074000947876,267.2344796947876,292.4983592247814
-155.671119,19.221939,1931.5,978476.45,977996.387920488,480.0620795119321,269.4938125119321,295.02206289645346
-155.701788,19.256105,2228.3,978415.05,977906.7636916775,508.2863083225675,265.3614989225675,294.3548661563437
-155.691962,19.306768,2627.1,978332.84,977786.6312031966,546.2087968033738,259.80760900337384,293.6021184028349
-155.663961,19.345599,2917.2,978276.6,977699.3730445758,577.2269554241793,259.19964582417936,294.2396643044756
-155.634284,19.279936,2252.5,978421.04,977900.6396805412,520.4003194588004,274.8372744588004,302.7888619505414
-155.602789,19.313267,2432.9,978386.71,977846.8815572488,539.8284427511971,274.59855055119715,304.68596318897823
-155.608618,19.340931,2744.9,978323.21,977752.2334580476,570.9765419523465,271.73303375234644,303.9066628956613
-155.534461,19.348763,2300.7,978413.05,977889.6510695558,523.3989304442657,272.5812178442657,303.9110733544452
-155.248954,19.518749,1223.2,978631.64,978231.656393459,399.98360654106364,266.6327889410636,280.253681243523
-155.018626,19.487913,348.8,978808.1,978499.7600213491,308.3399786509108,270.3145002509108,283.95708571521635
-155.027125,19.454916,450.4,978793.24,978466.5280112636,326.7119887364097,277.6102815364097,292.92497497982316
-155.048792,19.433085,548.3,978777.03,978435.0740371197,341.95596288028173,282.1813934802817,298.07550763081775
-155.091288,19.419252,678.2,978753.66,978394.1986547521,359.4613452479243,285.5253376479243,301.12170658014145
-155.730781,20.082891,1520.0,978618.13,978172.5261278186,445.60387218138203,279.89651218138204,306.4303620892605
-155.751944,20.160721,752.3,978754.78,978413.9459458075,340.83405419252813,258.8198127925281,272.28945874494707
-155.672783,20.139053,842.8,978753.55,978384.7522762293,368.7977237707237,276.9173533707237,296.32003746582996
-155.523452,19.801735,3145.8,978253.85,977654.8793515024,598.9706484975759,256.02182409757586,299.14423813714643
-155.518782,19.844567,3258.5,978224.68,977622.6037720108,602.0762279892806,246.84107498928057,295.7564247356388
-155.481276,19.881231,3168.3,978224.07,977652.5233654173,571.5466345826862,226.14490518268622,281.32952194153034
-155.418624,19.864065,3246.1,978209.98,977627.550143297,582.4298567030346,228.5465269030346,281.4045275956982
-155.416946,19.807069,3342.3,978206.58,977594.6133700269,611.9666299730306,247.59576857303063,295.4887655491818
-155.50061,19.761071,2417.2,978407.5,977877.1887061663,530.3112938336562,266.7929842336562,297.74273598117765
-155.580784,19.484256,3980.0,978080.65,977379.6295528694,701.0204471306643,267.12880713066426,316.3544171801705
-155.584461,19.480257,3981.0,978085.0,977379.0944916154,705.9055083845742,271.9048503845742,321.24353582845714
-155.587956,19.475589,3981.0,978086.97,977378.8296735928,708.140326407156,274.13966840715597,323.3509349881652
-155.593281,19.471756,3987.0,978083.35,977376.7633476504,706.5866523495642,271.93188634956425,321.8850782812679
-155.592289,19.467925,3985.0,978086.32,977377.162394459,709.1576055409387,274.72087554093866,324.4228614644666
-155.592961,19.464425,3991.0,978084.42,977375.1150239287,709.3049760713475,274.21413807134746,324.6254888364909
-155.595448,19.463091,3996.0,978082.97,977373.4986334592,709.4713665407617,273.83543854076163,324.0419554216563
-155.595127,19.45909,3996.0,978082.14,977373.2718198056,708.868180194404,273.23225219440394,323.88324235951023
-155.59145,19.457257,3994.7,978079.8,977373.5685183924,706.2314816076541,270.73727700765414,321.4629717658372
-155.440278,19.754239,2637.9,978353.9,977808.7408440528,545.1591559472727,257.58057374727264,288.3996204817043
-155.420289,19.763404,2741.8,978325.9,977777.2305746692,548.6694253308233,249.76387293082325,284.84046427677873
-155.407457,19.785069,2847.0,978304.4,977746.0395293789,558.3604706211481,247.9862246211481,287.60837816328194
-155.394944,19.800401,2734.2,978327.46,977781.7000226711,545.7599773288239,247.6829617288239,286.84348665279236
-155.385956,19.822734,2739.5,978325.07,977781.3508950784,543.7191049215617,245.06429392156167,281.0099401936685
-155.388947,19.844399,2801.9,978309.53,977763.3590422086,546.1709577913862,240.71342359138617,280.9732936765167
-155.390944,19.868564,2741.9,978319.0,977783.2517377606,535.7482622393873,236.83180803938723,276.93065701341004
-155.401778,19.884564,2709.4,978322.16,977794.1957335487,527.9642664513085,232.5908972513085,276.40610273057325
-155.421111,19.894064,2508.8,978371.79,977856.5992104486,515.1907895514742,241.68643115147415,279.9335831190986
-155.438444,19.90323,2163.4,978450.71,977963.6463790298,487.0636209701188,251.2140797701188,289.6618914916055
-155.936274,19.798744,294.4,978772.34,978534.3063156818,238.03368431818672,205.93878511818673,218.06629148814267
-155.878778,19.874737,75.6,978825.58,978606.22669292,219.35330707998946,211.11154627998945,220.7756353657653
-155.841609,19.853238,463.2,978743.94,978485.338953185,258.6010468149325,208.1039092149325,220.0510214898155
-155.798443,19.793741,943.8,978641.63,978333.5882042543,308.0417957457248,205.1506073457248,217.5877001842167
-155.77612,19.757244,1183.6,978592.97,978257.4953878929,335.4746121070348,206.4409073070348,218.72890787755352
-155.750608,19.708078,1435.7,978539.21,978176.8933605772,362.3166394227883,205.79949682278829,218.92165365153488
-155.704453,19.614417,1875.5,978456.23,978035.8651768557,420.3648231442785,215.9015641442785,232.56537111189508
-155.623781,19.541586,3100.2,978233.14,977654.0561354187,579.0838645813055,241.10626098130552,277.13707917027443
-155.634447,19.560752,2779.1,978294.49,977754.1431847698,540.3468152302084,237.37489143020844,267.4422564823281
-155.759958,19.057951,414.1,978756.09,978455.4360667018,300.653933298192,255.50957949819198,274.4521223080843
-155.776788,19.033119,180.5,978796.11,978526.1642233063,269.94577669363935,250.26802769363934,268.39777355379385
-155.79696,19.042451,192.4,978790.44,978523.0097202379,267.4302797620185,246.45521656201848,264.81723631786855
-155.789621,19.062116,392.6,978753.24,978462.3044800613,290.9355199387064,248.1350531387064,266.8766916994683
-155.152285,19.854061,365.2,978809.0,978515.635940319,293.3640596809564,253.5506860809564,269.0764014531107
-155.896946,20.187887,39.7,978848.37,978635.4908406773,212.87915932270698,208.551144722707,216.3194961577233
-155.892109,20.157556,47.9,978851.6,978631.1880001847,220.41199981526006,215.19003761526005,223.80657337876946
-155.883611,20.127892,66.0,978854.69,978623.8699444172,230.82005558279343,223.62486758279343,232.9171743830114
-155.87261,20.100392,54.9,978864.85,978625.6946055352,239.15539446473122,233.1703062647312,241.0227398306119
-155.855445,20.073393,38.1,978870.41,978629.3099646976,241.1000353024574,236.9464495024574,245.45096963870793
-155.837272,20.049394,26.8,978876.37,978631.4034393093,244.96656069066375,242.04487829066375,250.44973447198416
-155.820611,19.974065,66.9,978861.17,978614.6537449479,246.51625505217817,239.22295085217817,246.99837293541816
-155.833108,19.946567,39.4,978856.15,978621.551782145,234.5982178549748,230.3029086549748,239.12893094311102
-155.857111,19.924736,43.2,978848.38,978619.116202106,229.2637978940038,224.5542202940038,232.5424643689945
-155.844278,19.918069,98.1,978836.38,978601.7822484905,234.59775150951464,223.90308570951464,231.8713231184145
-155.814615,19.909402,238.8,978808.05,978557.8468101948,250.20318980526645,224.16969140526643,232.65780889443215
-155.788111,19.923567,302.4,978805.26,978539.0326439,266.22735609998927,233.26031289998926,241.74384887530363
-155.791284,19.952065,241.1,978825.62,978559.6034453217,266.0165546783246,239.73231487832462,248.87317658716609
-155.842953,19.821074,658.0,978699.87,978423.3620039483,276.5079960516887,204.77415205168867,216.9844284908457
-155.83511,19.811241,721.2,978686.1,978403.2908433384,282.80915666162036,204.18537506162036,216.06370687651446
-155.881954,19.790243,561.7,978716.81,978451.3108695474,265.49913045263384,204.2637198526338,218.26237132614955
-155.912777,19.779078,586.8,978712.9,978442.9222723003,269.9777276996756,206.0059652996756,221.37994042251563
-155.936275,19.759079,773.7,978679.23,978384.0907210781,295.13927892188076,210.79205232188076,229.76531189896178
-155.987286,19.670252,202.3,978804.19,978555.3692836446,248.8207163553452,226.7663749553452,246.4378056921567
-155.998287,19.675085,121.3,978816.76,978580.6509024347,236.10909756529145,222.88521416529144,242.28680325757162
-155.468125,19.714741,2111.1,978475.49,977968.9328637649,506.55713623506017,276.40923643506017,295.9286505466074
-155.475785,19.715574,2094.1,978479.93,977974.2238138999,505.7061861001421,277.41159230014205,295.63845892260485
-155.435456,19.719241,2141.1,978462.33,977959.9381078333,502.39189216669183,268.97345236669184,289.24453041325387
-155.422792,19.725572,2155.4,978454.96,977955.8906226582,499.06937734177336,264.0919801417733,285.9582884362846
-155.452958,19.745073,2596.8,978361.29,977820.8879967586,540.4020032414701,257.30406084147006,286.2573248594717
-155.464448,19.744905,2480.1,978390.2,977856.8641108326,533.3358891673852,262.96034736738517,292.3341232939591
-155.463945,19.734573,2317.7,978425.93,977906.352586376,519.5774136240361,266.9063950240361,290.2550635320688
-155.474778,19.728907,2194.3,978456.53,977944.0845176416,512.4454823584529,273.22728495845286,294.1763429052504
-155.48578,19.72424,2123.6,978473.55,977965.6219944579,507.92800554214045,276.4173807421405,295.62748315136514
-155.489778,19.715074,2062.2,978485.65,977984.0340198681,501.61598013190087,276.79906053190086,295.01366338057164
-155.472458,19.763405,2782.4,978327.2,977764.7124873013,562.4875126986299,259.1558294986298,292.5320975891276
-155.456116,19.792069,3596.9,978158.18,977515.2763335533,642.9036664468003,250.7768222468003,301.9694171075796
-155.464111,19.805736,3819.1,978118.6,977447.5822424272,671.0177575728158,254.66711377281575,314.8250716616578
-155.477447,19.823901,4084.2,978055.82,977366.9355412341,688.8844587658532,243.6331431658532,313.0404986508945
-155.131124,19.71407,248.1,978803.46,978543.7389452383,259.72105476167053,232.67368896167054,245.42041028307224
-155.351633,19.337928,880.5,978711.94,978327.1727408739,384.76725912606344,288.7769101260634,304.79720920787963
-155.316125,19.330761,889.3,978699.58,978324.0530830511,375.5269169488456,278.57720954884564,294.9518697211239
-155.3453,19.300931,738.9,978713.68,978368.7886273937,344.8913726063911,264.3379724063911,280.7618457798641
-155.385797,19.273265,607.6,978732.78,978407.756206378,325.02379362203646,258.7844568220365,274.1685745273984
-155.429453,19.2396,486.0,978759.1,978443.3974396178,315.7025603821967,262.71981238219666,278.38858500961555
-155.335291,19.244101,58.8,978826.26,978575.5235243652,250.7364756348543,244.32621723485428,262.1108593116551
-155.252635,19.299927,482.0,978754.62,978448.0225452903,306.5974547096994,254.0507787096994,271.88831679754287
-155.211788,19.295428,292.5,978788.47,978506.2634054424,282.2065945576178,250.3188295576178,268.64615964815994
-155.010124,19.65657,26.6,978861.0,978608.8280863975,252.1719136025058,249.2720348025058,262.4125016596467
-155.028297,19.650239,57.3,978852.58,978598.988499513,253.59150048694573,247.34476908694575,259.5972316985996
-155.604439,20.12637,359.0,978839.0,978533.3330350181,305.6669649819378,266.52950298193775,283.7489449578555
-155.628944,20.140635,413.7,978825.02,978517.280449465,307.739550534985,262.63880393498505,292.61129278716993
-155.765936,20.143954,952.7,978714.91,978351.1233005894,363.78669941064436,259.92525081064434,276.14366158670015
-155.753104,20.111639,1237.2,978671.72,978261.4516206719,410.26837932807393,275.3913097280739,294.05034729287365
-155.71978,20.105055,1278.2,978676.88,978248.4177420133,428.46225798665546,289.1154503866554,313.4490456881379
-155.696113,20.098055,1388.7,978650.26,978213.9170598694,436.34294013062026,284.9496435306203,305.9250105440249
-155.656106,20.094889,1125.3,978692.85,978295.0035868863,397.8464131136425,275.1684577136425,312.6644440414916
-155.501113,19.820402,3836.0,978104.21,977443.218109515,660.9918904849328,242.79884248493278,308.1546423103856
-155.489455,19.848066,3700.9,978138.66,977486.4470006786,652.2129993214039,248.74828312140392,309.3398542672933
-155.459289,19.855233,3626.5,978148.7,977509.7900163839,638.9099836160894,243.5562066160894,303.44682822952785
-155.442611,19.8314,3741.7,978128.23,977472.9127018205,655.3172981794924,247.40464757949235,305.2422209627517
-155.442291,19.805902,3602.0,978161.02,977514.5000577833,646.5199422166916,253.83710621669155,306.28177058151806
-155.482956,19.789238,3560.0,978161.62,977526.4865281384,635.1334718615981,247.02939186159807,306.0247216557108
-155.630445,19.807238,1741.7,978521.33,978088.184753706,433.14524629397783,243.26859569397783,261.5787222837695
-155.936108,19.727747,1274.0,978577.84,978227.9102855433,349.92971445666626,211.04078245666625,240.8416767839372
-155.937282,19.734247,1223.3,978584.2,978243.9263754163,340.2736245836131,206.91190518361313,233.47396238081467
-155.931942,19.736579,1214.4,978586.09,978246.8062274139,339.28377258602995,206.89231338602994,235.28041106796906
-155.930279,19.728081,1386.0,978552.26,978193.3733326687,358.8866673313314,207.7877193313314,238.24507891238807
-155.942287,19.731915,1161.9,978603.0,978262.7380270618,340.2619729381986,213.59395873819858,239.92853322660636
-155.939785,19.722748,1197.3,978596.03,978251.2895415648,344.74045843526255,214.21320703526254,244.08453770279533
-155.937618,19.716748,1221.4,978592.94,978243.5095342674,349.4304657325847,216.2758805325847,242.79810798317706
-155.946453,19.720414,1049.1,978629.83,978296.8853528363,332.94464716361836,218.57386336361836,243.053051147982
-155.94862,19.727915,1008.6,978640.47,978309.8128030614,330.6571969385259,220.70164213852587,247.27553035586527
-155.950283,19.737413,977.0,978639.43,978320.1087124924,319.32128750765696,212.81070150765697,235.69827463470097
-155.945949,19.74258,971.4,978638.19,978322.1331692451,316.05683075485285,210.15674555485285,231.88003627255839
-155.942776,19.741746,1028.0,978625.28,978304.6194471654,320.6605528346263,208.5900488346263,230.82027684718142
-155.951443,19.750413,831.7,978667.7,978365.6938070852,302.00619291479234,211.33592231479233,231.08840306138723
-155.962612,19.751246,724.3,978690.79,978398.8870325768,291.9029674232006,212.9412300232006,232.4511767748702
-155.957774,19.756747,720.9,978689.3,978400.2520572891,289.04794271092396,210.45686651092396,230.14609723977685
-155.952114,19.757746,731.0,978686.33,978397.192293571,289.1377064289991,209.44554842899907,228.45250805797974
-155.761861,19.182875,1605.7,978520.63,978094.700048746,425.9299512540456,250.87974865404558,279.746896416088
-155.755958,19.167609,1572.8,978528.15,978103.9952689746,424.15473102545366,252.69122062545367,281.0614622919559
-155.629952,19.233438,1895.9,978489.66,978008.0140373084,481.64596269163303,274.958736491633,299.464148644411
-155.649788,19.209772,1815.2,978500.29,978031.5795832371,468.7104167629732,270.8209431629732,299.00642451497583
-155.659798,19.196773,1750.4,978510.33,978050.8401549527,459.4898450472392,268.66473784723917,297.8521311352219
-155.674797,19.191941,1719.6,978516.42,978060.070658085,456.34934191498905,268.8819891149891,294.73426193707604
-155.684288,19.186108,1711.9,978516.79,978062.1192859046,454.6707140954677,268.0427998954677,295.3590257441535
-155.684792,19.170608,1558.0,978546.62,978108.7289622091,437.89103779091965,268.04099379091963,291.61966696939567
-155.712459,18.959622,8.2,978849.55,978575.2758831698,274.2741168302018,273.38016923020183,299.8321365576255
-155.704799,18.954455,9.1,978853.4,978574.7116486924,278.68835130764637,277.6962875076464,300.92148788506506
-155.703456,18.964456,28.0,978856.25,978569.4309937776,286.81900622241665,283.76650222241665,303.7222121281457
-155.692958,18.964455,35.3,978855.03,978567.1772182052,287.85278179484885,284.00444639484886,309.0291115962112
-155.695797,18.951955,17.3,978853.46,978572.0415141511,281.4184858488152,279.5324744488152,302.7317448379351
-155.694301,18.97962,75.3,978847.28,978555.6692792937,291.6107207062887,283.4016653062887,305.8959726038941
-155.692791,18.993619,142.1,978833.42,978535.8238679102,297.59613208984956,282.1046742898496,301.69957650549304
-155.690288,19.006784,227.9,978817.4,978510.0679446288,307.3320553712547,282.48685317125467,300.3275771764815
-155.691798,19.020284,295.3,978802.06,978490.0120276884,312.047972311615,279.85495691161503,297.7204228599932
-155.690455,19.034117,391.9,978779.91,978460.9623474324,318.9476525676437,276.2234983676437,298.18948472480037
-155.694956,19.047951,505.8,978755.58,978426.5747343319,329.00526566803455,273.86396126803453,292.9614852679329
-154.963952,19.626904,3.0,978863.62,978614.419768102,249.20023189799394,248.87317789799394,265.9676399522804
-155.033958,19.665405,42.2,978854.02,978604.5169805969,249.50301940308418,244.90245980308418,257.9166240924462
-155.039954,19.681737,36.8,978855.81,978607.1181240418,248.69187595823314,244.68001355823313,256.6468316190492
-155.054953,19.691069,36.8,978852.54,978607.6521163022,244.88788369786926,240.87602129786924,252.46064674584676
-155.03829,19.712567,13.0,978860.76,978616.2307582471,244.5292417529272,243.11200775292718,255.30260552195784
-155.954115,19.581422,179.7,978813.11,978557.2760344447,255.83396555529907,236.24343095529906,259.99815189710756
-155.951278,19.579589,3.1,978836.1,978611.6910718816,224.40892811841331,224.0709723184133,268.29368830734603
-155.951278,19.579589,225.1,978803.1,978543.1565927467,259.9434072532458,235.4034554532458,256.6224775653548
-155.301461,19.436922,1204.2,978656.26,978232.8779543597,423.3820456402609,292.1025700402609,306.2932433658174
-155.481447,19.636911,2149.1,978444.83,977952.7605333598,492.06946664012503,257.778882840125,275.56201050194477
-155.575793,19.536418,3321.1,978179.77,977585.6665150222,594.1034849778516,232.0438051778516,275.7672974917807
-155.106791,19.390254,877.7,978708.25,978330.9898897237,377.26011027628556,281.57501167628556,306.1541878556294
-155.105631,19.390588,866.2,978711.31,978334.5577153135,376.7522846865468,282.3208930865468,305.70518357053516
-155.107295,19.388587,834.4,978719.44,978344.2583926618,375.1816073381342,284.2169881381342,302.6870560809527
-155.106959,19.388921,835.2,978719.19,978344.0303743344,375.1596256655175,284.1077920655175,302.6763448512835
-155.106288,19.389587,835.5,978719.06,978343.9754186533,375.08458134671673,284.0000423467167,302.62780843907035
-155.105464,19.389921,835.1,978719.06,978344.1177332328,374.9422667672625,283.90133496726247,302.78724298922793
-155.094631,19.39392,737.6,978743.88,978374.4338644926,369.4461355074309,289.0344587074309,306.6446320350196
-155.226954,19.322593,757.5,978705.75,978364.2679437,341.4820563000394,258.9009213000394,279.37076764832733
-155.219798,19.324593,747.5,978709.63,978367.4668384983,342.1631615017541,260.6722065017541,280.15381337959985
-155.235789,19.32176,768.7,978705.31,978360.7644654902,344.5455345098162,260.74339790981617,279.18675297807886
-155.222132,19.332093,811.6,978702.69,978348.1070004845,354.5829995154636,266.1039907154636,284.9506171787134
-155.223628,19.338927,860.9,978697.13,978333.2777182853,363.85228171467315,269.9986855146732,287.56831442178384
-155.226954,19.344759,912.5,978690.94,978317.6826266004,373.25737339956686,273.77844839956686,291.7414153183584
-155.225794,19.350759,934.3,978691.31,978311.2935764142,380.01642358582467,278.1609061858247,295.49978367007185
-155.224955,19.353592,960.7,978689.19,978303.3064965348,385.88350346509833,281.1499108650983,297.77884770289825
-155.094631,19.39392,737.6,978743.75,978374.4338644926,369.3161355074262,288.9044587074262,306.5146320350149
-155.106791,19.390254,877.7,978708.25,978330.9898897237,377.26011027628556,281.57501167628556,306.1541878556294
-155.105631,19.390588,866.2,978711.25,978334.5577153135,376.6922846864909,282.2608930864909,305.6451835704793
-155.183787,19.355258,926.5,978700.25,978313.9544114898,386.2955885102274,285.2904115102274,305.79035608813876
-155.182963,19.358758,945.4,978698.56,978308.3194197358,390.2405802642461,287.17496306424607,307.3866648597766
-155.182292,19.362258,937.2,978702.63,978311.0473925389,391.58260746113956,289.41093786113953,306.6463024578282
-155.181468,19.365591,948.8,978702.75,978307.6557958893,395.0942041106755,291.6579257106755,310.28101428170623
-155.180628,19.369422,954.6,978703.38,978306.0821939793,397.2978060207097,293.2292232207097,313.0867798760496
-155.178965,19.37659,950.9,978703.44,978307.6286798982,395.81132010172587,292.14610390172584,310.14001990801427
-155.178126,19.380756,940.6,978705.13,978311.0424611951,394.0875388048589,291.5452080048589,308.32654775655953
-155.176798,19.385756,945.1,978708.25,978309.9362023346,398.3137976654107,295.28088586541065,313.6346497110885
-155.184458,19.351924,907.3,978701.25,978319.691429166,381.55857083399314,282.64653943399315,303.341701272935
-155.179789,19.372757,950.9,978703.38,978307.4122604079,395.9677395920735,292.30252339207345,310.81724482004984
-155.177134,19.365591,910.8,978704.44,978319.3824611931,385.05753880681004,285.76394440681,305.2645163203187
-155.17512,19.365922,775.9,978735.19,978361.0324974064,374.157502593589,289.57043639358903,315.28913186913735
-155.174632,19.365757,772.1,978736.81,978362.1959373394,374.6140626606066,290.44126486060657,316.19421744259984
-155.174128,19.365757,767.0,978738.81,978363.7698978874,375.04010211268906,291.42329611268906,317.37634267888825
-155.173625,19.365757,763.6,978740.06,978364.8192070418,375.2407929582987,291.9946481582987,317.81026213683015
-155.173121,19.365423,760.9,978740.88,978365.6336325887,375.2463674113387,292.29457121133873,317.2162298542372
-155.172297,19.365089,759.9,978741.31,978365.9234032934,375.38659670669585,292.54381850669586,315.31347118196555
-155.171458,19.364757,764.3,978740.25,978364.5467345844,375.703265415621,292.38080801562097,313.61908028191726
-155.170634,19.364423,764.6,978740.25,978364.4352986645,375.81470133550465,292.45953853550463,313.2641531169649
-155.176631,19.365423,904.7,978704.69,978321.2554372654,383.43456273456104,284.80597813456103,305.2413577110461
-155.177622,19.365591,913.7,978704.31,978318.4875240746,385.8224759254372,286.2127293254372,303.8596102977782
-155.178126,19.365591,916.0,978704.19,978317.7777472467,386.4122527532745,286.5517647532745,303.65829575813336
-155.178629,19.365757,916.9,978704.38,978317.5093777047,386.8706222953042,286.91201809530423,303.7245798583368
-155.179453,19.365757,919.9,978704.19,978316.583583367,387.606416632887,287.320758432887,304.1643805211138
-155.180461,19.365757,925.6,978703.31,978314.8245777464,388.4854222536087,287.5783614536087,305.0467725826473
-155.094631,19.39392,737.6,978743.81,978374.4338644926,369.3761355074821,288.9644587074821,306.5746320350708
-155.106791,19.390254,877.7,978708.31,978330.9898897237,377.32011027634144,281.63501167634143,306.2141878556853
-155.105631,19.390588,866.2,978711.38,978334.5577153135,376.82228468649555,282.39089308649557,305.77518357048393
-155.385123,19.49242,2030.0,978467.65,977981.2677631712,486.3822368287947,265.07569682879466,287.2975421852402
-155.57645,19.536586,3389.0,978178.37,977564.7463136665,613.6236863335362,244.16168433353613,284.18152437220226
-155.319782,19.676908,1426.0,978580.69,978178.1017529395,402.5882470604265,247.12857906042652,261.81978741480606
-155.140953,19.507081,657.0,978741.36,978405.7196965785,335.64030342153274,264.01547742153275,276.5247559933449
-155.321464,19.44242,1317.0,978625.33,978198.3850467234,426.94495327654295,283.36824727654295,299.3345150120932
-155.337287,19.456753,1461.0,978587.82,978154.7687558287,433.0512441712199,273.77594617121986,289.6186062337498
-155.356955,19.471753,1642.0,978547.2,978099.7794948256,447.42050517431926,268.41294917431924,287.101856411364
-155.372626,19.480587,1803.0,978514.13,978050.6150972473,463.5149027527077,266.9554487527077,286.39756002300464
-155.470951,19.529417,3095.0,978250.18,977654.967177103,595.2128228970105,257.8021128970105,290.83308916004506
-155.495625,19.528085,3299.0,978207.9,977592.0050293278,615.8949706722051,256.24458867220505,291.62610893078875
-155.519459,19.516253,3475.0,978174.87,977537.0824332822,637.7875667178305,258.95001671783047,297.382944293223
-155.577122,19.493256,3968.0,978075.06,977383.838218622,691.2217813780298,258.6383573780298,307.8372124156958
-155.546452,19.509921,3661.0,978137.3,977479.3950504673,657.9049495327054,258.7900515327053,300.58192274701605
-155.253289,19.429754,1202.0,978657.18,978233.1510149289,424.0289850711124,292.98934907111243,307.8836762265834
-155.231789,19.430087,1135.0,978664.11,978253.8434826351,410.26651736488566,286.53108736488565,301.39416437577927
-155.219964,19.437754,1076.0,978672.13,978272.4831675526,399.6468324473826,282.34346444738264,296.63790355201763
-155.191125,19.452419,914.0,978698.4,978323.3047578353,375.0952421646798,275.4527901646798,289.4840816145977
-155.167123,19.464917,798.0,978718.54,978359.8113766804,358.72862331965007,271.7322593196501,285.56702148503666
-155.155953,19.482248,716.0,978730.87,978386.101043419,344.7689565810142,266.7120685810142,280.72015182257655
-155.423452,19.512752,2579.0,978351.59,977813.1126963096,538.4773036903935,257.31988169039346,284.6501903263012
-155.444951,19.525252,2842.0,978300.23,977732.7302863536,567.4997136463644,257.6705576463644,287.94577021384845
-155.117959,19.54258,507.0,978771.52,978454.0340034165,317.48599658347666,262.21387058347665,274.6258736477532
-155.07763,19.571409,318.0,978805.58,978514.0133312726,291.56666872731876,256.89894472731874,267.8499965020836
-155.050956,19.649571,91.0,978843.84,978588.5464933702,255.29350662976503,245.37286862976504,256.99367829611185
-155.06629,19.673738,60.0,978847.21,978599.4982047525,247.71179524750914,241.17071524750915,253.21780433213755
-155.073126,19.705068,13.0,978855.72,978615.8012441571,239.91875584283844,238.50152184283843,249.9451846918477
-155.102791,19.554578,426.0,978786.38,978479.7182215394,306.661778460606,260.220110460606,271.7499492336336
-155.039451,19.626739,84.7,978845.62,978589.1876124262,256.43238757376093,247.19856297376094,259.66697411174255
-155.086126,19.726901,3.0,978859.34,978620.1394220769,239.20057792309672,238.8735239230967,251.1207196496885
-155.079122,19.720734,1.2,978859.39,978620.3416877234,239.0483122766018,238.9174906766018,250.6109792470154
-155.309455,19.440587,1247.0,978644.26,978219.879395089,424.3806049110135,288.4351589110135,303.3851806941368
-155.321464,19.44242,1317.0,978625.34,978198.3850467234,426.95495327655226,283.37824727655226,299.34451501210253
-155.332786,19.446754,1385.0,978606.45,978177.6501314321,428.7998685678467,277.8099385678467,294.60151573306393
-155.337287,19.456753,1461.0,978587.81,978154.7687558287,433.041244171327,273.76594617132696,289.6086062338569
-155.349464,19.466086,1566.1,978562.95,978122.8731986362,440.076801363728,269.343711563728,287.55977720485635
-155.356955,19.471753,1642.0,978547.19,978099.7794948256,447.41050517430995,268.4029491743099,287.0918564113547
-155.36579,19.47642,1723.3,978529.92,978074.9641944969,454.9558055031812,267.0850861031812,286.33265683262846
-155.289788,19.430421,1217.0,978657.02,978228.5604337682,428.459566231817,295.78466023181704,309.7866198376176
-155.282799,19.429754,1225.9,978655.24,978225.7765528131,429.46344718686305,295.81828098686304,312.5034354607924
-155.272957,19.432922,1219.0,978656.19,978228.0848908181,428.1051091818372,295.2121671818372,314.0632767778191
-155.271462,19.432754,1214.0,978657.65,978229.618153514,428.031846486032,295.683994486032,313.98251015695064
-155.266625,19.43192,1202.0,978660.78,978233.2736137892,427.5063862107927,296.4667502107927,311.96038277562985
-155.242792,19.416587,1180.8,978658.97,978238.9474256446,420.0225743553601,291.2941199553601,311.36462833622113
-155.238626,19.413256,1194.0,978656.53,978234.6860400924,421.8439599076519,291.67646790765184,307.66635673425395
-155.288964,19.421256,1243.0,978650.72,978220.0194250386,430.7005749613745,295.19120096137453,313.2189361635777
-155.292458,19.418755,1221.0,978656.1,978226.666082092,429.43391790799797,296.3229399079979,312.28141687778896
-155.295632,19.416922,1202.0,978660.46,978232.4249409529,428.035059047048,296.995423047048,313.0804198468115
-155.29496,19.412589,1182.0,978664.91,978238.3510212813,426.5589787187055,297.69970271870545,314.3102798277733
-155.296456,19.40759,1151.0,978672.18,978247.6337445045,424.54625549551565,299.06653749551566,313.162440363864
-155.294289,19.403089,1138.0,978674.69,978251.3906108151,423.29938918480184,299.23690518480186,313.3922134250183
-155.287453,19.398923,1110.0,978681.25,978259.7950226803,421.45497731969226,300.4449973196923,314.6301245000333
-155.28463,19.40059,1118.0,978680.27,978257.4206928526,422.8493071474368,300.9671831474368,316.3181067854531
-155.278466,19.399923,1106.0,978681.97,978261.0858281959,420.88417180406395,300.31026380406394,314.5536700263254
-155.274454,19.399257,1107.0,978681.42,978260.739612404,420.6803875960177,299.9974615960177,314.3895496011505
-155.265954,19.401924,1121.7,978677.79,978256.3543975614,421.4356024386361,299.1501118386361,315.9787851037969
-155.24296,19.409756,1168.3,978663.22,978242.4180870584,420.8019129416207,293.43618354162066,311.16413227997845
-155.249963,19.392757,1104.0,978673.7,978261.2979747176,412.40202528238297,292.046153282383,307.1948933331558
-155.244623,19.385589,1072.0,978682.46,978270.7673414426,411.69265855732374,294.82536255732373,310.8786497222161
-155.239954,19.380256,1045.2,978686.75,978278.7359993102,408.01400068984367,294.06838708984367,309.2687075294774
-155.238122,19.377925,1033.0,978688.54,978282.3690420577,406.17095794237684,293.55536394237686,309.3676830676844
-155.232965,19.372258,999.7,978694.18,978292.3249053161,401.85509468393866,292.8698000839387,308.2251703445584
-155.226465,19.37109,1002.2,978691.65,978291.4875006469,400.1624993531732,290.9046597531732,307.3366447600649
-155.21963,19.366091,984.3,978692.77,978296.7290314902,396.0409685098566,288.7345511098566,305.56627476418487
-155.223124,19.363425,977.4,978693.5,978298.707832426,394.79216757405084,288.23797437405085,303.87764499026775
-155.22346,19.360091,972.3,978692.7,978300.0935018283,392.6064981716918,286.6082967716918,302.87071850408915
-155.224299,19.358091,972.0,978690.57,978300.0732310873,390.4967689126497,284.5312729126497,301.10754915136204
-155.22346,19.355924,971.4,978689.5,978300.1361258439,389.36387415614445,283.4637889561444,301.25044779524984
-155.218455,19.348259,906.8,978694.93,978319.6390177878,375.29098221228924,276.43345981228924,293.7737126762321
-155.211787,19.343092,868.7,978698.62,978331.1054093901,367.5145906099351,272.8106540099351,289.7318763555317
-155.280465,19.402589,1107.4,978682.64,978260.804533832,421.83546616800595,301.10893296800594,317.81363018515054
-155.278298,19.405756,1102.0,978685.57,978262.6498644641,422.92013553588185,302.78229953588186,318.2001272412907
-155.277626,19.408255,1109.5,978687.65,978260.476883708,427.1731162919896,306.2176452919896,322.3400134125793
-155.273964,19.409255,1094.2,978690.59,978265.2545708932,425.3354291067226,306.0479335067226,320.61997155268534
-155.271126,19.408755,1079.8,978693.38,978269.6697546378,423.71024536225013,305.99260896225013,320.1068660612647
-155.269631,19.410922,1080.1,978694.55,978269.6997246239,424.85027537611313,307.09993357611313,320.6366343368821
-155.267128,19.413588,1077.0,978694.68,978270.807082229,423.8729177711066,306.4605317711066,320.2914639914892
-155.266289,19.417088,1074.0,978696.0,978271.9307772169,424.06922278308775,306.98389078308776,320.68724533547964
-155.269631,19.415755,1075.0,978697.32,978271.546800238,425.77319976198487,308.5788497619849,322.3354422370564
-155.278618,19.411755,1093.2,978690.58,978265.7045208445,424.8754791554529,305.6970015554529,319.5290714774484
-155.280465,19.402589,1107.4,978682.89,978260.804533832,422.08546616800595,301.35893296800594,318.06363018515054
-155.269631,19.415755,1075.0,978697.25,978271.546800238,425.7031997620361,308.5088497620361,322.2654422371076
-155.271965,19.413422,1079.0,978696.5,978270.1805441016,426.31945589836687,308.68903389836686,322.94124764269185
-155.275628,19.412755,1085.6,978694.81,978268.1062314174,426.70376858266536,308.35382778266535,322.5824217201055
-155.278618,19.411755,1093.2,978690.57,978265.7045208445,424.8654791554436,305.6870015554436,319.51907147743907
-155.197291,19.331259,771.0,978706.8,978360.5898389784,346.2101610216778,262.15728302167776,281.2494914545378
-155.183467,19.325926,722.0,978711.36,978375.4118755927,335.94812440732494,257.2371284073249,276.4156334134453
-155.176296,19.320092,665.0,978718.15,978392.6751898164,325.4748101836303,252.97784018363032,275.84224305330576
-155.166622,19.317094,619.0,978725.53,978406.7037041119,318.8262958881678,251.3441538881678,273.65086046525744
-155.165798,19.318259,634.0,978724.95,978402.1397064329,322.81029356701765,253.69288156701765,276.8293715500208
-155.161296,19.317094,604.0,978731.14,978411.3333475863,319.80665241368115,253.95978041368113,276.64321421004064
-155.149959,19.313759,517.0,978743.27,978437.9981164301,305.27188356989063,248.90957756989064,272.49486352666344
-155.141628,19.312426,460.0,978753.56,978455.5167219025,298.0432780975243,247.8949980975243,275.69958199201926
-155.136791,19.313426,435.0,978760.84,978463.2896979289,297.5503020710312,250.12747207103118,273.06809169840983
-155.133297,19.313759,415.0,978764.12,978469.4818488336,294.6381511663785,249.39568116637852,273.09221279622005
-155.130962,19.314259,399.0,978770.7,978474.4487656617,296.25123433826957,252.75305233826958,274.7988895988471
-155.132457,19.312092,351.0,978779.3,978489.1432548893,290.15674511075485,251.89142711075485,278.2094867737299
-155.135799,19.310094,314.0,978786.71,978500.4520496895,286.2579503104789,252.02629831047892,273.90951554148296
-155.141796,19.307093,268.0,978795.42,978514.4828208948,280.9371791052399,251.72035510523992,277.5328856397643
-155.150295,19.304928,199.0,978810.28,978535.6611052484,274.61889475164935,252.92431275164935,274.90415619905684
-155.154628,19.299926,180.0,978814.51,978541.2449707717,273.2650292282924,253.6417892282924,273.5222613854366
-155.14729,19.292927,114.0,978822.33,978561.226058242,261.10394175793044,248.67588975793043,267.98279946927124
-155.138302,19.291427,58.0,978834.44,978578.4299588292,256.01004117075354,249.68699717075353,270.0245288649824
-155.131131,19.289093,43.0,978835.88,978582.9295391005,252.95046089950483,248.26268689950484,268.21975426798383
-155.126462,19.286594,33.0,978834.83,978585.8762490521,248.95375094783958,245.3561569478396,266.0751765066214
-155.058957,19.319424,12.0,978848.78,978594.2072586048,254.57274139521178,253.2645253952118,279.28384278673644
-155.08363,19.304093,18.0,978840.21,978591.4917043637,248.7182956362376,246.7559716362376,272.22064433702263
-155.095959,19.29626,19.0,978836.93,978590.7421796622,246.18782033782918,244.1164783378292,273.119168975478
-155.108456,19.288927,13.0,978835.87,978592.1820353868,243.68796461320017,242.27073061320016,269.28667020744217
-155.121289,19.283594,24.0,978833.03,978588.4860874647,244.54391253530048,241.92748053530048,265.34544732550376
-155.157131,19.342591,762.6,978717.08,978363.8210151162,353.2589848837815,270.1218580837815,288.842797113673
-155.144298,19.334259,700.1,978720.4,978382.6404119702,337.7595880298177,261.43608622981765,282.20155354822396
-155.104458,19.327091,381.3,978779.54,978480.6350951006,298.9049048994202,257.3363414994202,279.43808924562705
-155.0948,19.32659,282.2,978798.77,978511.197400576,287.57259942404926,256.8077198240493,278.3879048657328
-155.087124,19.326424,170.1,978823.07,978545.7931852199,277.2768147800816,258.73285298008165,280.43451197948906
-155.045132,19.318925,10.1,978843.09,978594.7657415685,248.324258431443,247.223176631443,277.1747883527437
-155.0323,19.324757,10.7,978845.84,978594.909005685,250.93099431495648,249.76450171495648,281.13484947961246
-155.020962,19.333089,3.7,978852.54,978597.5395863471,255.0004136529751,254.5970470529751,281.7531378956348
-155.016461,19.337423,5.5,978854.22,978597.2281373111,256.9918626889121,256.39226368891207,282.64399080242345
-155.005627,19.340088,12.2,978851.47,978595.3098681881,256.1601318118628,254.8301122118628,281.00993409382266
-154.984463,19.346755,9.4,978850.17,978596.5502024518,253.61979754827917,252.59502834827916,281.42383656506246
-154.975796,19.351755,7.9,978852.35,978597.295273257,255.0547267430229,254.19348454302292,282.4221421226582
-154.970791,19.360254,4.6,978855.59,978598.7935271395,256.7964728605002,256.2949900605002,283.00316613514593
-154.964291,19.369587,28.3,978852.54,978592.0033433195,260.5366566805169,257.4514472805169,281.97288048738704
-154.963467,19.37542,47.2,978850.34,978586.4977098758,263.84229012415744,258.69664052415743,281.7929301504235
-154.959134,19.380752,74.7,978845.06,978578.3089177511,266.75108224898577,258.60743764898575,283.13475225130304
-154.957303,19.394919,148.1,978833.67,978556.4495243696,277.22047563048545,261.07490983048547,282.77833869633156
-154.954632,19.401585,182.9,978828.4,978546.0832494718,282.31675052817445,262.37735832817447,284.80209860397184
-154.953625,19.404919,193.9,978826.33,978542.875973354,283.4540266459808,262.31543644598077,284.5840814657991
-154.953625,19.409418,222.5,978821.88,978534.3014906755,287.5785093244631,263.3220043244631,284.91454039987167
-154.952298,19.41575,246.9,978816.58,978527.1273671478,289.4526328521315,262.5360886521315,282.8526476706502
-154.951291,19.419084,259.1,978816.6,978523.5498787417,293.0501212582458,264.8035574582458,285.58506933159896
-154.94946,19.424916,262.1,978816.76,978522.9537455763,293.8062544236891,265.2326366236891,285.4388967362913
-154.948132,19.428415,268.2,978817.45,978521.2687172967,296.1812827032991,266.9426551032991,286.40311385405965
-154.947292,19.430916,280.4,978816.36,978517.6442251318,298.7157748681493,268.1471276681493,288.8546393311742
-154.9463,19.43425,304.8,978813.75,978510.3009310751,303.4490689248778,270.2203825248778,291.4842257151917
-154.944301,19.43775,307.8,978813.81,978509.5730057142,304.23699428583495,270.68125388583496,291.150235074417
-154.942791,19.441415,317.3,978813.91,978506.847998905,307.062001095037,272.47058969503695,291.55246680853855
-154.940792,19.450748,320.0,978813.79,978506.5431216253,307.2468783747172,272.3611183747172,290.99967779061467
-154.940624,19.461247,295.0,978820.17,978514.8551439326,305.31485606741626,273.1545460674163,291.34032779791914
-154.941463,19.471247,265.2,978826.04,978524.6209554556,301.41904454445466,272.50747094445467,289.1473680992582
-154.941295,19.476413,252.1,978828.58,978528.9577641812,299.62223581876606,272.13879801876607,288.3373891201338
-154.942958,19.489747,210.3,978836.53,978542.6176851483,293.9123148517683,270.9858294517683,287.0185193250539
-154.956965,19.505245,186.2,978840.01,978550.9370757726,289.07292422745377,268.77377262745375,283.39900845128085
-154.965464,19.517411,181.7,978840.03,978553.0172018408,287.0127981592668,267.2042275592668,280.64235528939423
-154.973459,19.540743,151.5,978844.13,978563.6662723718,280.4637276282301,263.9475006282301,277.0033637053865
-154.984125,19.552244,130.8,978847.86,978570.7107498576,277.1492501423927,262.8896957423927,276.0979023539736
-154.970957,19.527244,160.0,978844.11,978560.2748414985,283.8351585015189,266.3922785015189,280.3447462189737
-154.993967,19.562575,115.2,978850.35,978576.1145716669,274.23542833304964,261.6765547330496,274.5575990446532
-155.24096,19.422754,1163.0,978662.86,978244.7887036927,418.0712963072583,291.2833623072583,306.07820372755225
-155.226296,19.432921,1109.8,978667.28,978261.7798129723,405.5001870277338,284.5120106277338,299.71466033893483
-155.206124,19.444585,1002.8,978682.38,978295.458049765,386.92195023503155,277.59869983503154,291.0518160528309
-155.191125,19.452419,914.0,978698.44,978323.3047578353,375.13524216460064,275.49279016460065,289.52408161451854
-155.186121,19.452585,882.0,978705.08,978333.1893831958,371.8906168041285,275.73674080412854,288.74533022903825
-155.167123,19.464917,798.0,978718.57,978359.8113766804,358.7586233195616,271.7622593195616,285.5970214849482
-155.16346,19.472251,758.0,978725.0,978372.5718769757,352.4281230242923,269.7924790242923,284.2574767926822
-155.160119,19.476083,754.4,978724.67,978373.9002095783,350.7697904217057,268.5266112217057,281.21422841276024
-155.15046,19.489416,701.0,978734.48,978391.1371339775,343.34286602248903,266.921248022489,280.04835706555673
-155.145623,19.496415,678.2,978737.51,978398.5711177031,338.9388822969049,265.0028746969049,279.183685569965
-155.140953,19.507081,657.0,978741.35,978405.7196965785,335.6303034215234,264.00547742152344,276.5147559933356
-155.138787,19.513414,649.0,978742.88,978408.5484591781,334.33154082193505,263.57885882193506,276.50816722885526
-155.136788,19.520914,646.2,978742.94,978409.838722252,333.10127774789,262.65384614788996,274.53246841052623
-155.13163,19.529746,597.4,978752.47,978425.402301815,327.0676981849829,261.94034498498286,274.9681394501746
-155.126625,19.535079,560.8,978760.36,978437.0019352986,323.35806470143143,262.22077030143146,274.2369218087724
-155.117959,19.54258,507.0,978771.61,978454.0340034165,317.57599658344407,262.30387058344405,274.7158736477206
-155.102791,19.554578,426.0,978786.4,978479.7182215394,306.6817784606246,260.24011046062463,271.7699492336522
-155.084618,19.567243,348.1,978800.44,978504.4848000323,295.95519996760413,258.0060341676041,269.77370739318167
-155.07763,19.571409,318.0,978805.72,978514.0133312726,291.7066687273327,257.0389447273327,267.9899965020976
-155.064461,19.577908,268.8,978814.33,978529.570890524,284.75910947599914,255.45507107599914,266.6086513411471
-155.061287,19.58941,210.3,978825.18,978548.2848721171,276.89512788294815,253.96864248294816,265.711642054108
-155.055794,19.595741,198.4,978826.91,978552.3192345817,274.5907654183684,252.9615942183684,264.0330338450029
-155.051628,19.604574,182.0,978828.74,978557.8855435867,270.85445641330443,251.01318041330444,262.42928741784146
-155.047798,19.613074,154.2,978833.19,978566.9523459193,266.23765408061445,249.42707848061445,261.79810232621196
-155.043952,19.616908,132.6,978837.97,978573.8391909655,264.1308090344537,249.6750222344537,261.9096473478406
-155.023293,19.600074,105.2,978846.1,978581.337855738,264.7621442619711,253.29345066197112,264.8575444235044
-155.012795,19.587074,90.5,978850.77,978585.1350462413,265.63495375867933,255.76882475867933,268.42083545933986
-155.052787,19.645905,84.7,978845.04,978590.2819832838,254.7580167162232,245.52419211622322,259.2505568763627
-155.064459,19.665571,76.2,978844.94,978594.0299424088,250.91005759115797,242.60288599115796,254.95568828545638
-155.06629,19.673738,60.0,978847.28,978599.4982047525,247.78179524757434,241.24071524757434,253.28780433220274
-155.051124,19.641239,96.9,978843.25,978586.2491270665,257.00087293353863,246.43702873353863,259.5146924667162
-155.11129,19.548079,466.3,978779.07,978466.9092399701,312.16076002980117,261.32566662980116,272.7703103118561
-155.253122,19.405589,1133.0,978673.7,978253.0747829556,420.62521704437677,297.10782304437674,311.7794371898538
-155.2418,19.372592,1017.0,978689.54,978287.0052411205,402.5347588795703,291.6634528795703,306.7378425734456
-155.246957,19.366091,1006.0,978689.28,978290.0326943,399.24730569997337,289.5751976999734,305.75303172950385
-155.251794,19.361759,1009.2,978686.63,978288.8007410966,397.8292589033954,287.8082933033954,303.49059797711004
-155.254953,19.354259,997.0,978686.11,978292.1423279721,393.9676720278803,285.27672602788033,300.9508714227756
-155.260965,19.350093,984.0,978688.01,978295.9189767024,392.0910232976312,284.8173112976312,301.1591238038698
-155.265619,19.345093,980.0,978685.4,978296.8713543081,388.5286456919275,281.6910056919275,298.0516266140435
-155.270792,19.343259,966.0,978685.99,978301.088204243,384.90179575700313,279.5904077570031,295.82182805916267
-155.274454,19.342759,964.0,978686.09,978301.6771950253,384.4128049747087,279.3194529747087,295.09611114539143
-155.27479,19.337926,961.0,978681.78,978302.3304971067,379.4495028933743,274.6832048933743,292.0659839401458
-155.27862,19.32576,892.0,978687.28,978322.9380625661,364.34193743392825,267.09788143392825,285.02010372203597
-155.291133,19.319762,862.0,978689.23,978331.8583012058,357.371698794188,263.39818279418796,280.42130532401353
-155.298121,19.308262,801.0,978694.64,978350.0359804671,344.6040195329115,257.2806015329115,277.544882302088
-155.305461,19.301929,752.0,978701.88,978364.8018273725,337.0781726274872,255.09663662748721,276.72547013740416
-155.307124,19.295095,696.0,978707.28,978381.7003473081,325.5796526919585,249.70312469195846,276.0421742798331
-155.21696,19.375423,995.5,978692.06,978293.799665934,398.2603340659989,289.7329150659989,305.8992453090712
-155.219965,19.380756,1033.6,978684.55,978282.3437712702,402.2062287298031,289.52522392980313,304.94503308458155
-155.228799,19.393922,1097.0,978673.62,978263.5238082545,410.09619174548425,290.5034457454842,306.46444184853794
-155.233133,19.402756,1152.0,978662.92,978247.0518749312,415.8681250688387,290.27938906883867,306.12217920085203
-155.242287,19.430253,1164.3,978659.35,978244.8119461867,414.538053813274,287.608396413274,303.0395169676808
-155.250298,19.443087,1183.8,978652.03,978239.5216192546,412.50838074542116,283.45287234542116,298.1182824816465
-155.242959,19.442753,1170.1,978653.01,978243.7299792996,409.2800207004184,281.7180589004184,296.34468516394816
-155.267784,19.481751,1281.1,978623.04,978211.6909493954,411.3490506046219,271.6860908046219,287.8403490119436
-155.260627,19.469919,1228.9,978634.41,978227.1261730386,407.2838269614149,273.31160676141485,287.5741648561211
-155.244454,19.456252,1156.4,978651.29,978248.7219611441,402.56803885591216,276.49962365591216,290.3472249899604
-155.25512,19.461419,1191.5,978643.53,978238.1842999037,405.345700096339,275.450753096339,289.84352934714104
-155.232796,19.438254,1137.8,978659.94,978253.4418262264,406.49817377352156,282.4574933735216,296.42206121335903
-155.234627,19.427421,1142.0,978663.92,978251.532636518,412.38736348203383,287.8888074820338,302.7313236001732
-155.218286,19.422754,1108.3,978670.82,978261.6672802266,409.15271977335215,288.32807037335215,302.66587477927413
-155.207788,19.428919,1050.9,978680.69,978279.7283207659,400.961679234053,286.394663034053,301.5573683981256
-155.219964,19.437754,1076.0,978672.15,978272.4831675526,399.66683244740125,282.36346444740127,296.65790355203626
-155.19346,19.439752,958.9,978693.49,978308.7314081321,384.7585918678669,280.22123166786696,293.72201253698773
-155.191629,19.43092,960.1,978698.62,978307.8611061933,390.75889380672015,286.09071200672014,300.8570127522182
-155.179452,19.437085,901.6,978707.74,978326.2629588288,381.4770411711652,283.18641237116515,297.69086563257565
-155.168954,19.442752,839.4,978717.88,978345.779049684,372.10095031606033,280.59124111606036,295.4218861816296
-155.156457,19.449751,796.8,978723.08,978359.3223390024,363.75766099756584,276.89211859756585,290.12591563886514
-155.146463,19.455252,733.0,978734.6,978379.3239396185,355.2760603814386,275.3658663814386,290.0647425034601
-155.132455,19.462751,693.1,978740.63,978392.0631316381,348.56686836190056,273.0064925619006,286.7920080378998
-155.219964,19.437754,1076.0,978672.17,978272.4831675526,399.6868324474199,282.3834644474199,296.6779035520549
-155.191125,19.452419,914.0,978698.45,978323.3047578353,375.14524216460995,275.50279016460996,289.53408161452785
-155.167123,19.464917,798.0,978718.57,978359.8113766804,358.7586233195616,271.7622593195616,285.5970214849482
-155.07763,19.571409,318.0,978805.69,978514.0133312726,291.6766687273048,257.00894472730477,267.95999650206966
-155.089116,19.725068,15.0,978856.71,978616.3296171118,240.3803828881355,238.7451128881355,251.246282749218
-155.086126,19.726901,3.0,978859.36,978620.1394220769,239.22057792311534,238.89352392311534,251.14071964970714
-155.292961,19.45442,1281.3,978634.32,978210.0797539555,424.24024604447186,284.55548264447185,300.23317359099815
-155.299964,19.463753,1357.3,978613.34,978187.159669124,426.18033087591175,278.21019947591174,293.70614284429183
-155.301963,19.477086,1408.9,978598.75,978171.9954887689,426.7545112310909,273.1590510310908,289.95956778837007
-155.313453,19.488919,1513.4,978576.02,978140.4265738372,435.59342616284266,270.6055849628426,286.6222927995058
-155.320792,19.499085,1575.0,978563.28,978121.9995677167,441.28043228329625,269.57708228329625,286.4351567862251
-155.329962,19.505751,1666.3,978543.63,978094.212416531,449.4175834689522,267.7608900689522,285.7014181963192
-155.338293,19.520084,1826.0,978509.94,978045.762791811,464.1772081889212,265.1103401889212,284.4448645890337
-155.339957,19.510251,1806.9,978516.01,978051.095885511,464.91411448898725,267.92949028898727,287.3307777982826
-155.341284,19.492085,1678.2,978540.86,978089.7655774043,451.09442259569187,268.14041499569186,286.7150920181284
-155.34162,19.480085,1601.6,978556.05,978112.7152555442,443.3347444558749,268.7315156558749,286.9277891820152
-155.343131,19.467921,1538.0,978569.33,978131.646237335,437.6837626649067,270.01407866490666,286.8830201379632
-155.334129,19.475919,1548.6,978568.37,978128.8295831775,439.5404168225359,270.71514202253593,286.98438013884265
-155.323631,19.466587,1460.8,978595.45,978155.3878358109,440.06216418906115,280.8086697890611,297.3502361021352
-155.312797,19.462754,1388.4,978607.38,978177.5077087296,429.87229127041064,278.5117000704106,294.8644531094986
-155.284127,19.445588,1223.2,978650.51,978227.5061425475,423.0038574525388,289.65303985253877,303.5694578968177
-155.274453,19.445254,1224.5,978648.56,978227.0861062232,421.47389377688523,287.9813527768852,302.32836547111594
-155.278618,19.411755,1093.2,978690.67,978265.7045208445,424.96547915553674,305.78700155553673,319.6190714775322
-155.275628,19.412755,1085.6,978694.29,978268.1062314174,426.18376858264674,307.8338277826467,322.0624217200869
-155.281456,19.398424,1111.0,978680.82,978259.4582481288,421.3617518711835,300.2427538711835,314.9600064646328
-155.280298,19.392423,1102.0,978680.03,978261.8962437214,418.1337562786648,297.9959202786648,312.7361509615532
-155.272958,19.390422,1111.0,978678.06,978259.0060428539,419.0539571461268,297.93495914612674,312.88156690320125
-155.271463,19.383923,1081.0,978682.64,978267.8960575329,414.74394246714655,296.89548446714656,312.3185302879725
-155.274621,19.380257,1064.0,978684.54,978272.9347843541,411.6052156459773,295.6100636459773,310.31819188748256
-155.26629,19.378924,1084.0,978678.71,978266.6879942956,412.022005704348,293.84649370434795,310.1627777532336
-155.280786,19.387257,1085.0,978683.68,978266.8500975947,416.8299024053849,298.5453724053849,313.00526006037
-155.291466,19.393257,1128.0,978674.94,978253.9205656715,421.0194343284238,298.0471303284238,313.59731690412184
-155.235302,19.264764,2.0,978838.22,978594.2197134688,244.00028653116897,243.78225053116896,262.12105884996527
-155.235302,19.264764,2.0,978837.71,978594.2197134688,243.49028653115965,243.27225053115964,261.61105884995595
-155.25996,19.275597,320.0,978771.05,978496.659219471,274.3907805290073,239.5050205290073,271.6063657298844
-155.307124,19.295095,696.0,978707.25,978381.7003473081,325.54965269193053,249.67312469193052,276.01217427980515
-155.219964,19.437754,1076.0,978672.21,978272.4831675526,399.7268324473407,282.42346444734073,296.7179035519757
-155.0323,19.324757,10.7,978845.91,978594.909005685,251.00099431502167,249.83450171502167,281.20484947967765
-155.049968,19.370422,460.2,978778.92,978458.7246839894,320.19531601062045,270.02523241062045,291.417797432457
-155.053798,19.368087,478.5,978773.86,978452.9443431448,320.91565685521346,268.75054385521344,288.83682952448055
-155.047467,19.362921,387.1,978790.49,978480.865100539,309.6248994609341,267.4240316609341,289.66679804992054
-155.044964,19.364587,379.5,978791.05,978483.3050533702,307.7449466298567,266.3726156298567,286.30067121802404
-155.043301,19.356755,289.6,978809.17,978510.61372816,298.5562718400033,266.9846590400033,288.29401982989566
-155.038632,19.351256,146.3,978834.88,978554.5402337004,280.3397662995849,264.3904328995849,287.8802407640212
-155.030789,19.352089,112.8,978840.98,978564.9290924742,276.050907525816,263.753677125816,285.5280571996733
-155.03529,19.343589,51.8,978852.15,978583.2816569137,268.86834308633115,263.2212106863312,284.2196289603773
-155.032468,19.335756,21.3,978855.21,978592.2562499733,262.95375002664514,260.63166662664514,284.52846702200804
-155.219964,19.437754,1076.0,978672.14,978272.4831675526,399.65683244739193,282.35346444739196,296.64790355202695
-155.007454,19.583908,88.4,978851.66,978585.6029689012,266.05703109886963,256.4198398988696,269.5769796017138
-155.000954,19.590908,57.9,978857.46,978595.4177818767,262.0422181232134,255.73007592321338,268.5189732744121
-154.996622,19.573075,84.7,978854.77,978586.128196789,268.6418032110669,259.4079786110669,272.5512521505637
-154.992624,19.577242,83.5,978854.6,978586.7359695185,267.86403048143256,258.76102748143256,271.145210944244
-154.988626,19.581575,70.1,978857.47,978591.1196174041,266.3503825959051,258.7082207959051,271.3751714147978
-154.985452,19.585075,63.7,978857.99,978593.2948247202,264.69517527974676,257.75072867974677,271.19690770028495
-154.981133,19.589907,53.3,978860.29,978596.7808603409,263.50913965911604,257.698480259116,270.61545402528657
-154.97596,19.595574,42.1,978862.17,978600.5615415875,261.60845841257833,257.01880061257833,270.6835419061613
-154.970955,19.601241,34.7,978862.91,978603.169161853,259.74083814700134,255.95791354700134,270.36118055538253
-154.964287,19.608574,27.1,978863.13,978605.9336245699,257.19637543009594,254.24198763009593,269.5180353360523
-154.957619,19.61574,21.9,978861.14,978607.9477539296,253.1922460703645,250.8047518703645,267.5829987335522
-154.946633,19.617572,8.5,978859.5,978612.1892276776,247.3107723223511,246.38411932235113,268.0280754030242
-154.94729,19.604072,10.7,978864.26,978610.74002585,253.51997414999641,252.35348154999642,270.5021389512942
-154.953454,19.597407,20.7,978864.9,978607.2727583217,257.6272416783031,255.3705690783031,271.71184880538914
-154.960123,19.590241,32.6,978864.56,978603.1904837504,261.36951624962967,257.81552944962965,272.45840801931206
-154.965295,19.584408,42.1,978863.63,978599.9252345391,263.7047654609196,259.1151076609196,273.6532986338507
-154.972299,19.576574,64.0,978859.8,978592.7179590608,267.08204093924724,260.10488893924725,273.69487124201146
-154.980463,19.567408,89.9,978855.34,978584.2001964743,271.1398035256425,261.3390853256425,274.56526732556114
-154.989633,19.557408,129.2,978847.56,978571.498522654,276.06147734611295,261.9763517461129,274.5430840265827
-154.977624,19.547411,138.1,978846.9,978568.182218145,278.71778185502626,263.66239605502625,277.23509090282874
-154.972467,19.553077,120.1,978850.12,978574.0613656866,276.0586343134055,262.9655725134055,276.208090593396
-154.965799,19.560243,93.6,978855.24,978582.6500943229,272.58990567713045,262.38582087713047,276.78871565947844
-154.959299,19.567241,63.7,978860.74,978592.2791358882,268.4608641117811,261.5164175117811,276.2272590592308
-154.952798,19.574575,40.2,978864.27,978599.9517191122,264.31828088779,259.93575728779,275.2572092029759
-154.944955,19.583073,26.2,978864.79,978604.7579133861,260.0320866139373,257.17581501393727,273.50719976220455
-154.939798,19.597572,8.2,978864.43,978611.1412672646,253.28873273544014,252.39478513544015,271.632610590487
-155.060125,19.718401,9.1,978860.76,978617.7690421203,242.99095787969418,241.99889407969417,253.25110231630381
-155.47729,19.189437,174.7,978819.87,978536.6784895275,283.1915104724467,264.1460658724467,282.5115088664389
-155.456294,19.18727,143.6,978826.37,978546.1579967231,280.2120032769162,264.5570184769162,281.18616522535433
-155.470301,19.185437,135.0,978830.82,978548.7102844573,282.1097155426396,267.3922855426396,284.9782973852429
-155.471125,19.171606,57.9,978844.45,978571.7382930644,272.7117069355445,266.3995647355445,282.8685215251914
-155.467127,19.164772,53.6,978842.59,978572.6834571484,269.9065428515896,264.0631780515896,280.4744992786217
-155.461956,19.155107,37.5,978841.5,978577.113400965,264.3865990350023,260.2984240350023,278.1223063661794
-155.457454,19.147107,16.5,978837.7,978583.1494543338,254.55054566613398,252.75174866613398,273.84888753890743
-155.449459,19.150607,10.1,978840.29,978585.3209807568,254.96901924326085,253.86793744326084,275.34017491876324
-155.444622,19.15644,6.1,978841.74,978586.8820391995,254.85796080052387,254.19295100052386,275.3158899573708
-155.436626,19.163273,33.5,978835.72,978578.8050010921,256.9149989078287,253.2628959078287,278.7315418004817
-155.433132,19.170605,51.8,978832.19,978573.5655007006,258.62449929933064,252.97736689933063,272.66117877982373
-155.430965,19.174937,80.5,978827.29,978564.9475739149,262.34242608514614,253.56647708514615,275.62643870180915
-155.433787,19.180105,110.6,978825.43,978555.9444082354,269.48559176467825,257.42820096467824,276.5990464482711
-155.438792,19.180938,130.5,978822.88,978549.8476133347,273.0323866653489,258.8055376653489,278.5236759468422
-155.441798,19.180938,134.1,978823.72,978548.7362460549,274.9837539450964,260.3644401450964,279.7493867784169
-155.44813,19.184604,142.0,978824.67,978546.5026589845,278.1673410155345,262.6867850155345,280.4113982845479
-155.282952,19.430587,1225.9,978655.39,978225.8237005962,429.5662994037848,295.9211332037848,310.45788913046175
-155.287957,19.42842,1219.0,978656.96,978227.8300723274,429.1299276725622,296.2369856725622,310.66672081712375
-155.297463,19.423922,1198.0,978661.23,978234.0552001084,427.174799891538,296.571235891538,311.04851002774643
-155.306954,19.419255,1161.0,978668.61,978245.2078652129,423.40213478705846,296.83223678705843,310.9755055227474
-155.313622,19.415923,1127.0,978673.6,978255.5105922519,418.08940774807706,295.22612174807705,309.20260244348975
-155.320458,19.41259,1110.0,978673.86,978260.5677467018,413.2922532982193,292.2822732982193,306.63461675958956
-155.327797,19.407423,1086.3,978675.65,978267.5887056191,408.06129438092466,289.63504098092466,303.9888963301416
-155.339119,19.397757,1053.1,978679.1,978277.286995055,401.81300494493917,287.0061491449392,301.99960016731023
-155.344628,19.391591,1030.2,978682.58,978284.0050269396,398.5749730604002,286.2646294604002,301.65224895632576
-155.35212,19.384426,1005.8,978685.25,978291.1296765174,394.1203234825516,284.47001908255163,299.7247756495333
-155.358284,19.377092,965.6,978692.12,978303.1207202242,388.9992797757732,283.73149897577315,298.6781428671478
-155.367455,19.36876,931.7,978699.11,978313.1116392012,385.9983607988106,284.4262901988106,299.4894412570867
-155.376961,19.35926,900.7,978704.37,978322.1420510445,382.22794895549305,284.03543635549306,299.20364565344676
-155.38546,19.349928,868.7,978708.88,978331.4909080559,377.38909194408916,282.68515534408914,298.6283175900233
-155.395119,19.336762,826.0,978716.31,978343.9261335006,372.38386649941094,282.334998499411,298.3646313349567
-155.401787,19.326429,787.9,978723.33,978355.102023845,368.22797615500167,282.3326939550017,297.7009751717392
-155.408455,19.315431,749.8,978729.66,978366.2409416344,363.4190583656309,281.6773619656309,297.3995335638256
-155.4143,19.305764,726.9,978731.8,978372.7641588554,359.0358411446214,279.7906569446214,295.33169815453465
-155.419794,19.295765,689.8,978737.57,978383.6515586734,353.91844132659025,278.71782492659025,294.44445226275116
-155.425958,19.283933,638.6,978744.95,978398.78811888,346.16188111994416,276.54298631994413,292.7785957310138
-155.435464,19.268267,586.1,978749.7,978414.111169733,335.58883026696276,271.69338046696276,287.72309019382453
-155.440286,19.257268,521.2,978759.37,978433.5246834261,325.84531657386106,269.02513497386104,285.0880478615423
-155.444788,19.246434,493.8,978762.89,978441.3735135073,321.51648649270646,267.68339809270645,283.88481184279004
-155.448801,19.237768,475.5,978764.9,978446.5355730449,318.36442695511505,266.52636795511506,284.1714018861824
-155.457788,19.227435,397.2,978780.5,978470.1245570541,310.37544294586405,267.07349334586405,283.5602644860989
-155.458293,19.220769,344.1,978790.1,978486.1414927974,303.95850720256567,266.4454134025657,283.490754070747
-155.452464,19.218103,333.8,978791.38,978489.171427513,302.2085724869976,265.8183640869976,282.86887549373216
-155.443797,19.215102,326.1,978790.45,978491.3800323077,299.06996769225225,263.51919789225224,280.08156631601355
-155.435298,19.212102,315.5,978789.38,978494.483914176,294.8960858240025,260.5009068240025,276.58022699699643
-155.426463,19.20827,298.7,978789.96,978499.4550696376,290.5049303623382,257.9412537623382,275.0612634543573
-155.418635,19.202935,216.4,978801.46,978524.5616713949,276.89832860510796,253.30683340510797,270.7528346772228
-155.415461,19.197937,143.3,978814.27,978546.8480591497,267.4219408503268,251.7996614503268,271.6701761194429
-155.412791,19.195103,93.0,978823.59,978562.2176728736,261.37232712632976,251.23365312632976,270.22144037424704
-155.40913,19.190937,60.0,978826.9,978572.1721351935,254.7278648065403,248.18678480654032,268.43284638378714
-155.406292,19.187771,32.0,978828.77,978580.6391551151,248.1308448849013,244.6422688849013,271.2851154468535
-155.397625,19.19027,13.7,978828.81,978586.4288389547,242.3811610453995,240.8876144453995,267.6967651892722
-155.462457,19.220603,358.4,978787.3,978481.7180431536,305.5819568464067,266.5099056464067,283.949805109797
-155.465968,19.211937,304.8,978796.04,978497.7776172529,298.2623827471398,265.03369634713977,281.65031831349273
-155.470957,19.199936,231.6,978808.66,978519.7013976205,288.95860237954184,263.71003357954186,281.1911790545723
-155.481791,19.184772,135.9,978827.87,978548.3952093673,279.47479063272476,264.65924443272473,282.66571692516317
-155.490626,19.176106,136.9,978827.5,978547.6013831086,279.8986168913543,264.9740526913543,283.1693666192636
-155.498957,19.167774,126.5,978828.9,978550.3457597226,278.55424027738627,264.7634632773863,282.6219192316982
-155.504801,19.158773,119.2,978830.11,978552.0958925561,278.01410744385794,265.01916184385794,281.9750765548057
-155.511454,19.148108,96.6,978833.61,978558.4765910388,275.13340896123555,264.60227016123554,281.68816290114455
-155.506632,19.139941,23.2,978848.25,978580.6804791685,267.56952083145734,265.04030323145736,282.219623470932
-155.512126,19.129775,2.4,978850.12,978586.5341490876,263.5858509123791,263.3242077123791,282.13865903697314
-155.515788,19.139442,43.3,978844.96,978574.447169018,270.51283098198473,265.79235158198475,284.0564866013707
-155.337287,19.456753,1461.0,978587.79,978154.7687558287,433.02124417130835,273.74594617130833,289.5886062338383
-155.341957,19.458586,1490.5,978580.25,978145.7713848928,434.4786151072476,271.9872861072476,288.64664642649586
-155.345786,19.451921,1463.0,978585.77,978153.8779347911,431.8920652088709,272.3987312088709,288.3942591767325
-155.348121,19.44592,1441.7,978589.88,978160.109475776,429.7705242240336,272.5992736240336,290.25146003080283
-155.349632,19.439589,1394.5,978598.89,978174.3133295267,424.57667047332507,272.5510694733251,288.78233852525443
-155.351295,19.430756,1350.3,978605.59,978187.4503760856,418.1396239143796,270.9326185143796,286.851210367622
-155.354621,19.423423,1298.4,978615.24,978203.0485488562,412.19145114382263,270.64247994382265,287.0327645577701
-155.358131,19.41609,1258.8,978622.11,978214.852091403,407.25790859700646,270.0260501970065,286.3880915748996
-155.362953,19.405425,1200.9,978635.31,978232.1141617044,403.1958382956218,272.27612209562176,288.287540131282
-155.368462,19.394258,1150.6,978645.58,978247.0035427283,398.57645727170166,273.14034647170166,290.1447519462893
-155.371956,19.386593,1133.9,978648.62,978251.7234997974,396.8965002025943,273.2809900025943,290.02845096737576
-155.373955,19.382259,1103.4,978655.51,978260.8900382273,394.6199617726961,274.32950057269613,291.49045565354345
-155.377785,19.374427,1039.4,978669.61,978280.1966048762,389.4133951237891,276.10008592378904,292.796003716757
-155.382454,19.364926,966.2,978685.39,978302.2487555905,383.14124440948945,277.8080528094894,294.0423862467964
-155.384957,19.355926,880.9,978705.65,978328.0642699678,377.58573003218044,281.5517738321804,299.7495832116398
-155.386452,19.350427,864.4,978707.88,978332.8460569509,375.033943049144,280.798783849144,296.87916448180323
-155.367455,19.36876,931.7,978699.13,978313.1116392012,386.01836079882924,284.4462901988292,299.5094412571053
-155.364129,19.363093,917.4,978703.79,978317.2047309773,386.585269022733,286.57215582273295,301.7966249015609
-155.360451,19.356928,899.0,978709.73,978322.5350984022,387.1949015978025,289.1877195978025,303.5784236024639
-155.355965,19.352426,899.9,978711.39,978322.0033876494,389.3866123505868,291.2813141505868,305.5252864998629
-155.346795,19.354593,919.4,978708.48,978316.1079387781,392.37206122186035,292.14091202186034,307.11531568768964
-155.338464,19.35526,930.1,978707.3,978312.8435760863,394.45642391371075,293.0587821137108,307.35963456648034
-155.330621,19.356259,938.1,978705.83,978310.431168167,395.39883183292113,293.1290460329211,307.5409856753657
-155.322793,19.356427,953.5,978702.7,978305.6882959395,397.01170406048186,293.06304106048185,307.27583908569466
-155.316797,19.35526,947.6,978703.13,978307.4431602707,395.68683972931467,292.38138292931467,307.30169757503876
-155.316461,19.35526,944.2,978703.45,978308.4923804589,394.95761954109184,292.0228239410918,306.61511557054655
-155.308465,19.352259,945.3,978701.84,978307.9836382786,393.8563617214095,290.8016463214095,305.2133718861366
-155.302621,19.349259,938.8,978701.57,978309.8202944093,391.74970559065696,289.40360719065694,305.07121125664156
-155.300958,19.348426,945.5,978697.77,978307.7057296357,390.06427036435343,286.9877513643534,302.0591904210088
-155.294626,19.346259,958.0,978691.36,978303.7261049907,387.6338950092904,283.1946510092904,298.3416367359346
-155.288965,19.345259,963.6,978689.27,978301.9415984914,387.32840150862467,282.2786567086247,297.6009685687253
-155.281122,19.343426,967.8,978686.8,978300.5421564273,386.2578435727628,280.7502231727628,297.174520636392
-155.275461,19.34126,971.0,978683.11,978299.4325409865,383.6774590135319,277.8209810135319,294.3460022989909
-155.372626,19.480587,1803.0,978514.13,978050.6150972473,463.5149027527077,266.9554487527077,286.39756002300464
-155.378455,19.483588,1886.4,978496.92,978025.0595214751,471.86047852493357,266.20892332493355,287.6933927226863
-155.384619,19.488252,1976.0,978478.95,977997.686989033,481.2630109669408,265.84344296694076,286.97379332677656
-155.385123,19.49242,2030.0,978467.64,977981.2677631712,486.3722368287854,265.06569682878535,287.2875421852309
-155.351295,19.43509,1366.4,978602.01,978182.7283162525,419.2816837475402,270.31948854754023,287.2455290757895
-155.356956,19.433255,1375.3,978598.84,978179.8785002177,418.96149978227913,269.02904438227915,286.74009205097036
-155.357963,19.42809,1331.9,978603.23,978192.9765545874,410.2534454126144,265.0523712126144,281.0310415952102
-155.219964,19.437754,1076.0,978672.15,978272.4831675526,399.66683244740125,282.36346444740127,296.65790355203626
-155.150461,19.439586,799.5,978728.49,978357.9133980303,370.57660196966026,283.41671096966024,298.6125713448843
-155.140298,19.445084,757.4,978735.12,978371.2175574914,363.90244250860997,281.33220930860995,295.7956692335023
-155.126626,19.452585,693.4,978746.02,978391.3944865048,354.6255134951789,279.03243229517886,292.2731210404721
-155.162622,19.460085,792.5,978720.07,978361.2348972696,358.83510273031425,272.43833773031423,286.20168701912627
-155.15246,19.465251,739.4,978729.61,978377.9154037647,351.6945962352911,271.0866870352911,283.5741278544669
-155.138788,19.472583,680.6,978739.96,978396.4783930338,343.4816069661174,269.2839561661174,282.6211678316448
-155.12829,19.485249,638.3,978745.3,978410.2520372943,335.04796270572115,265.4617733057212,278.1647018753495
-155.122125,19.475249,637.0,978748.8,978410.0860658913,338.71393410873134,269.2694681087313,281.8795047474778
-155.115961,19.464917,630.0,978753.89,978411.6607643334,342.2292356665712,273.5478956665712,287.54584742045176
-155.109964,19.454751,641.3,978755.95,978407.5970397122,348.3529602877097,278.4397168877097,291.99149496488747
-155.114786,19.492747,568.8,978759.45,978432.1281888732,327.3218111267779,265.3123727267779,278.31708138518894
-155.108453,19.482582,580.0,978758.22,978428.0945952986,330.12540470133536,266.89496470133537,279.7076493478836
-155.102457,19.472416,578.5,978762.77,978427.9810202331,334.7889797668904,271.7220667668904,285.37315813789075
-155.096292,19.462251,593.1,978762.51,978422.8985546506,339.6114453494083,274.9528695494083,288.20981075657966
-155.29612,19.386592,1099.0,978678.53,978262.4925104799,416.03748952015303,296.226707520153,311.28655669009567
-155.301796,19.383591,1082.0,978680.83,978267.5687300845,413.2612699154997,295.30379391549974,311.46893539731195
-155.302788,19.401756,1142.0,978671.98,978250.0809914776,421.89900852239225,297.40045252239224,311.93976195783887
-155.303292,19.394091,1109.2,978677.12,978259.7687903588,417.3512096412014,296.42844404120143,310.8635086098271
-155.307457,19.392258,1113.1,978673.98,978258.4617873505,415.5182126495056,294.1702768495056,310.4719693621515
-155.313454,19.380926,1039.4,978689.29,978280.56360332,408.72639667999465,295.4130874799946,309.51088001234746
-155.321465,19.381591,1025.0,978691.97,978285.0447354907,406.92526450927835,295.18181450927835,309.2678921182379
-155.327462,19.380592,1020.8,978691.0,978286.2843616998,404.7156383001711,293.43006390017115,308.12819442657707
-155.324959,19.391257,1037.2,978687.62,978281.8260859662,405.7939140337985,292.7204444337985,306.6512749845301
-155.323128,19.398091,1061.9,978683.46,978274.5903883935,408.8696116064675,293.1033974064675,307.457615184642
-155.321465,19.405256,1086.0,978677.68,978267.5587539402,410.12124605989084,291.7276980598908,306.07812721951404
-155.21963,19.366091,984.3,978692.78,978296.7290314902,396.0509685098659,288.74455110986594,305.5762747641942
-155.215464,19.364924,978.4,978693.06,978298.483841222,394.57615877804346,287.9129475780435,303.9779694959507
-155.440622,19.256267,524.3,978759.3,978432.5116239369,326.78837606310844,269.63023866310846,285.34244527290184
-155.307124,19.295095,696.0,978707.23,978381.7003473081,325.5296526919119,249.6531246919119,275.9921742797865
-155.314127,19.292596,685.8,978709.09,978384.7077902613,324.3822097387165,249.6176653387165,278.0247841209823
-155.319621,19.28843,643.1,978715.67,978397.6521674484,318.0178325516172,247.9083567516172,276.05624061634285
-155.324793,19.28593,634.6,978717.78,978400.1349868205,317.6450131795136,248.46219037951363,270.47869436723323
-155.330454,19.282929,589.2,978727.89,978413.9786081774,313.9113918226212,249.6779862226212,268.71983235715334
-155.335124,19.279098,572.4,978729.12,978418.9484711533,310.17152884672396,247.76962564672397,267.9651777749036
-155.341456,19.274597,538.0,978735.69,978429.3130321625,306.37696783745196,247.72528383745197,266.3972294790566
-155.350962,19.271431,543.2,978735.42,978427.530074651,307.8899253490381,248.6713477490381,266.1950072752869
-155.358286,19.266932,533.4,978737.23,978430.3020368192,306.92796318081673,248.77776198081673,266.7086972905083
-155.359294,19.264432,510.5,978740.92,978437.2297839544,303.69021604559384,248.03652704559386,266.9573068577524
-155.440622,19.256267,524.3,978759.32,978432.5116239369,326.80837606301066,269.65023866301067,285.36244527280405
-155.412287,19.2401,448.6,978760.87,978454.9695446885,305.9004553115228,256.99498051152284,273.2002352899491
-155.40713,19.238267,422.7,978763.38,978462.8611885186,300.51881148142274,254.43690288142275,271.11953639037574
-155.4033,19.237102,407.3,978765.0,978467.5493524901,297.4506475098897,253.04761610988967,269.5009094294155
-155.401957,19.235766,397.8,978765.83,978470.4067774368,295.4232225631131,252.0558621631131,268.337872367811
-155.394801,19.229935,317.0,978778.42,978495.0209624995,283.39903750049416,248.84033150049416,266.2740651936522
-155.391459,19.221768,224.9,978794.86,978522.9934658374,271.8665341625456,247.34838596254556,264.06691800631125
-155.387126,19.212435,129.5,978810.71,978551.9207611283,258.7892388716573,244.6714078716573,262.36089882422607
-155.380626,19.206269,89.3,978815.7,978563.9855512005,251.71444879949559,241.97914139949557,262.32924303801883
-155.380458,19.199435,29.0,978824.0,978582.2186513579,241.78134864207823,238.61982664207824,263.5695741447492
-155.389797,19.19777,16.8,978830.37,978585.8918656036,244.47813439636957,242.64663199636956,267.72685306576034
-155.36613,19.210602,93.8,978811.51,978562.8391719935,248.67082800646313,238.44493960646312,259.2482794303428
-155.357966,19.235934,153.9,978806.97,978545.7061910753,261.2638089247048,244.4859387247048,263.8717054061641
-155.359461,19.235601,162.8,978804.9,978542.9399935404,261.9600064596161,244.21187605961612,262.3304369444209
-155.362956,19.234935,190.0,978799.54,978534.5058050025,265.0341949975118,244.32077499751182,262.0336129478153
-155.3688,19.2366,259.4,978785.49,978513.1754960029,272.31450399709865,244.03523479709867,260.99205775208054
-155.373133,19.236768,293.2,978779.54,978502.7511356681,276.788864331902,244.824786731902,261.9006173826551
-155.376963,19.236434,312.8,978776.44,978496.6821056255,279.7578943744302,245.65706397443017,262.327879871744
-155.383463,19.235934,321.8,978775.66,978493.875872748,281.78412725206,246.70213485206,265.2680869275067
-155.389796,19.235267,349.3,978771.04,978485.3496507485,285.69034925149754,247.61036185149754,265.8695876364955
-155.396296,19.235601,380.8,978767.23,978475.6450025627,291.58499743731227,250.07094303731228,267.0782846653127
-155.118798,19.505581,563.6,978760.76,978434.4616987964,326.29830120364204,264.85575640364203,277.22823222023413
-155.110956,19.494748,556.0,978761.98,978436.1924608714,325.78753912856337,265.17353112856335,277.0813742164386
-155.10563,19.486249,560.8,978761.45,978434.2286671427,327.22133285726886,266.0840384572689,278.25264818492434
-155.099466,19.475916,567.8,978763.83,978431.4820178668,332.3479821331566,270.44756173315665,284.00292460131243
-155.089624,19.465582,562.4,978769.2,978432.5628207151,336.6371792848222,275.3254560848222,288.7057348146278
-155.085962,19.474583,542.8,978770.11,978439.1226843172,330.98731568281073,271.8123452828107,285.16112361073704
-155.091959,19.484748,542.2,978766.17,978439.8844164509,326.28558354917914,267.1760239491791,280.1883788416462
-155.098123,19.494914,516.6,978770.16,978448.3628091175,321.7971908824984,265.4784920824984,277.83315937679083
-155.104455,19.505081,502.9,978771.15,978453.1685669965,317.9814330035588,263.1562808035588,276.18193102062946
-155.110451,19.514914,501.1,978771.87,978454.2825912482,317.5874087518314,262.9584889518314,275.3090373460872
-155.104119,19.526414,485.5,978775.26,978459.7510862179,315.508913782076,262.58067478207596,274.79070053626253
-155.093956,19.520913,472.4,978777.56,978463.4819484407,314.0780515593942,262.5779483593942,274.18337791971265
-155.085123,19.506748,484.6,978775.61,978458.9116845794,316.69831542053726,263.86819262053723,275.67954868968155
-155.076288,19.491916,475.8,978779.4,978460.7859462014,318.6140537986066,266.74328939860663,279.34186292982895
-155.067621,19.477414,486.8,978781.51,978456.5679737491,324.9420262508793,271.8720638508793,285.3592200121259
-155.0673,19.496748,445.6,978785.49,978470.3818318279,315.10816817206796,266.52974737206796,279.2356917607282
-155.076288,19.511581,459.9,978780.44,978466.8101081324,313.62989186751656,263.49251366751656,275.44782978970875
-155.084954,19.52608,433.4,978785.68,978475.8134972865,309.86650271352846,262.6181015135285,275.09238714055516
-155.097298,19.536411,431.0,978786.5,978477.1415575269,309.3584424731089,262.37168447310887,274.7530065450287
-155.087792,19.548745,381.9,978794.65,978492.9987897172,301.6512102828128,260.0172360828128,272.01648376902455
-155.081963,19.538912,395.6,978792.2,978488.2107038473,303.9892961526057,260.86177535260566,273.1811133530337
-155.073953,19.525912,400.2,978792.35,978486.0517992149,306.298200785066,262.669197185066,275.92444537152284
-155.066125,19.512914,414.8,978789.73,978480.8067123662,308.92328763380647,263.70262123380644,276.93674032710163
-155.057794,19.499746,407.5,978793.66,978482.3122925987,311.347707401379,266.922872401379,279.13709952129165
-155.050119,19.486748,412.1,978795.7,978480.1547560372,315.5452439627843,270.6189261627843,283.23514894678425
-155.041299,19.491581,373.4,978803.01,978492.3746619459,310.635338054155,269.928016854155,282.70379547501364
-155.048959,19.504746,378.6,978799.69,978491.5168279804,308.17317201953847,266.8989572195385,279.3316422352899
-155.056955,19.517747,367.9,978799.55,978495.5580574276,303.9919425724074,263.8842203724074,277.65257484849417
-155.065134,19.530745,376.4,978797.7,978493.6729397998,304.027060200111,262.992685000111,274.66432343491454
-155.072792,19.543578,349.9,978800.74,978502.5825674068,298.1574325931724,260.0120343931724,272.1452503325979
-155.08062,19.556579,361.8,978799.16,978499.6489146843,299.5110853157239,260.0683729157239,271.1117684343746
-155.071633,19.561411,327.1,978804.46,978510.6351260561,293.82487394381315,258.16508614381314,269.36266683332076
-155.06379,19.548411,314.6,978808.55,978513.7539545783,294.7960454217391,260.4989826217391,272.6810502320022
-155.055627,19.535412,324.0,978807.51,978510.1130725055,297.3969274945557,262.07509549455574,274.01501575207857
-155.047952,19.522411,335.9,978806.55,978505.7007971198,300.8492028802866,264.2300566802866,276.8181750024346
-155.040124,19.50958,343.2,978806.21,978502.7185402571,303.49145974288695,266.07648214288696,279.1215024170675
-155.032297,19.496414,360.6,978805.79,978496.6000197041,309.1899802959524,269.8780894959524,282.3868361712744
-155.023294,19.501746,319.7,978813.18,978509.5277605011,303.65223949891515,268.79918489891514,282.7332582653419
-155.36613,19.210602,93.8,978811.17,978562.8391719935,248.33082800649572,238.10493960649572,258.9082794303754
-155.360302,19.221436,122.3,978809.14,978554.6481798249,254.49182017508429,241.1589187750843,260.9259817685765
-155.356791,19.230933,137.4,978808.17,978550.5193155052,257.65068449487444,242.67161129487442,261.5209707693714
-155.357966,19.235934,153.9,978806.56,978545.7061910753,260.8538089247886,244.0759387247886,263.4617054062479
-155.361459,19.306598,775.7,978719.15,978357.7503212832,361.3996787167853,276.8344161167853,291.8792280065269
-155.354959,19.312095,798.0,978715.34,978351.1776351408,364.16236485913396,277.166000859134,292.91896404065716
-155.373621,19.303429,746.5,978722.22,978366.5836794892,355.63632051076274,274.25438351076275,290.17629709318027
-155.380624,19.296098,704.1,978727.41,978379.2568780445,348.15312195557635,271.39354815557635,286.2464965571323
-155.391962,19.287432,662.0,978734.17,978391.7627921206,342.40720787947066,270.23729187947066,285.28549314297186
-155.392953,19.282764,657.1,978732.27,978393.0125803913,339.2574196087662,267.62169180876623,283.5508625711346
-155.401132,19.287764,656.8,978740.01,978393.3863735133,346.6236264867475,275.02060408674754,290.382172174927
-155.39863,19.296099,705.9,978734.12,978378.7014013611,355.41859863884747,278.4627924388475,294.8218315492138
-155.404291,19.30193,725.4,978732.42,978373.0112954708,359.40870452928357,280.3270473292836,295.71917223043556
-155.407953,19.31243,742.2,978732.42,978368.4174883527,364.00251164729707,283.08935204729704,298.9302949120794
-155.031122,19.514247,317.6,978811.42,978510.8858878657,300.5341121343663,265.9099953343663,278.6619910525075
-155.038965,19.527578,306.3,978812.6,978515.1314775529,297.46852244704496,264.07630904704496,276.05396032940075
-155.046625,19.540244,283.8,978815.46,978522.7970160836,292.66298391635064,261.7236755163506,273.81505707000554
-155.055123,19.55341,274.9,978815.95,978526.2932606859,289.65673931408674,259.68769111408676,271.7307453930998
-155.062798,19.56641,278.9,978813.9,978525.7983767608,288.1016232392285,257.6965030392285,270.02618968111904
-155.054131,19.571243,230.4,978822.12,978541.0451805342,281.0748194657499,255.9570722657499,268.81130393830057
-155.045952,19.558411,225.6,978825.55,978541.7964607206,283.7535392794525,259.15907847945255,272.17318786059707
-155.038293,19.545077,249.6,978823.0,978533.6291377638,289.37086223624647,262.15996943624646,274.5554602205358
-155.03013,19.532246,274.6,978818.79,978525.1822331545,293.60776684549637,263.6714240454964,275.68842954897065
-155.021966,19.519411,285.6,978817.87,978521.0572276233,296.81277237669565,265.67723157669565,278.4950021227617
-155.014124,19.506579,288.6,978819.19,978519.4023188767,299.7876811232418,268.32508632324175,282.02679746265324
-155.029291,19.550243,224.9,978827.47,978541.5477923038,285.9222076961305,261.4040594961305,273.64345569270273
-155.036965,19.56291,205.1,978830.59,978548.380856914,282.2091430859873,259.84955128598733,272.2772435415012
-155.045128,19.576243,210.3,978826.56,978547.5347558683,279.0252441318007,256.09875873180073,268.57531619807924
-155.050789,19.586242,195.1,978827.85,978552.7966090116,275.0533909883816,253.78397918838158,265.5581689594297
-155.274621,19.380257,1064.0,978684.54,978272.9347843541,411.6052156459773,295.6100636459773,310.31819188748256
-155.279459,19.376423,1048.5,978686.8,978277.5012314385,409.29876856156625,294.9933955615662,309.5322423356106
-155.284799,19.371257,1035.9,978688.39,978281.0976654413,407.29233455867507,294.36058835867505,309.4548987208481
-155.283456,19.367258,1031.2,978687.86,978282.3222573943,405.5377426056657,293.1183810056657,308.8775363553483
-155.282129,19.363426,1026.7,978686.54,978283.4946001908,403.0453998092562,291.1166192092562,306.6044783809945
-155.280633,19.359424,1010.3,978688.38,978288.3295388315,400.05046116851736,289.90957576851736,304.7102741230259
-155.279459,19.355592,1015.2,978684.78,978286.6012727871,398.17872721294407,287.50365361294405,304.2461278470301
-155.274454,19.342759,964.0,978686.09,978301.6771950253,384.4128049747087,279.3194529747087,295.09611114539143
-155.279459,19.355592,1015.2,978685.1,978286.6012727871,398.49872721289285,287.8236536128928,304.5661278469789
-155.277963,19.351592,994.5,978687.48,978292.7633529399,394.71664706012234,286.2982460601223,302.16710653158236
-155.276453,19.34776,985.6,978686.71,978295.293656304,391.41634369594976,283.96820289594973,300.22782425950777
-155.275125,19.34376,966.9,978687.75,978300.8387212554,386.91127874457743,281.5017745445774,297.73860291845165
-154.940624,19.461247,295.0,978820.35,978514.8551439326,305.49485606735107,273.3345460673511,291.52032779785395
-154.938457,19.46208,287.1,978819.88,978517.3409934749,302.53900652506854,271.23993872506855,290.1877923227568
-154.935634,19.463081,279.1,978823.71,978519.86724431,303.8427556899842,273.4158318899842,291.0937702316089
-154.932964,19.46508,269.4,978825.55,978522.9748493186,302.57515068142675,273.20570148142673,291.02338790588567
-154.933467,19.457081,284.6,978822.15,978517.8294353953,304.3205646047136,273.2940418047136,293.007137887331
-154.936123,19.457081,292.3,978820.93,978515.4525290243,305.47747097571846,273.61150957571846,292.5780783588949
-154.938457,19.457581,298.5,978819.62,978513.5669937471,306.053006252856,273.511133252856,292.63223861462575
-154.940624,19.457082,304.4,978818.94,978511.7174644851,307.2225355148548,274.0374563148548,292.54449757945457
-154.929958,19.46558,261.0,978826.77,978525.5962069939,301.1737930061063,272.7200950061063,291.4414657679015
-154.908626,19.464081,220.9,978834.13,978537.889952726,296.240047274041,272.157971074041,291.6236667455247
-154.908626,19.463915,214.5,978835.44,978539.8562201986,295.58377980138175,272.19941880138174,292.2795584892128
-154.905788,19.463915,212.2,978835.44,978540.5662302005,294.8737697994802,271.74015019948024,291.06329667568735
-154.903789,19.463915,206.4,978835.55,978542.3566936817,293.19330631836783,270.6919911183678,290.6719846913206
-154.900966,19.463247,202.0,978835.48,978543.6771192926,291.8028807074297,269.7812447074297,290.0464464381826
-154.901303,19.45858,204.1,978832.27,978542.7643645459,289.5056354540866,267.2550616540866,287.77839233696744
-154.898633,19.460747,203.9,978832.54,978542.9489033087,289.5910966913216,267.3623264913216,287.4656071218852
-154.941295,19.476413,251.8,978828.41,978529.050372476,299.35962752404157,271.9088951240416,288.1386485811995
-154.941127,19.478913,237.6,978831.36,978533.5756267693,297.7843732306501,271.8816964306501,289.2068721462175
-154.941127,19.482579,219.0,978834.84,978539.5253383276,295.31466167233884,271.43971967233887,289.01888434307347
-154.940792,19.48458,212.7,978835.83,978541.583654769,294.2463452309603,271.05821663096026,287.6894441564943
-154.931133,19.48858,198.3,978837.84,978546.2558841284,291.5841158715775,269.9658464715775,286.35495329589565
-154.926799,19.48808,200.5,978837.72,978545.5483709944,292.1716290055774,270.3135200055774,286.73449362344337
-154.922466,19.488245,197.8,978837.66,978546.3912279442,291.2687720558606,269.70501165586063,286.638655211924
-154.897121,19.476747,188.7,978838.72,978548.5482170621,290.1717829378322,269.6000863378322,289.4547219403641
-154.894634,19.47508,187.5,978838.9,978548.8241303182,290.0758696817793,269.6349946817793,289.51393044433246
-154.940624,19.461247,295.0,978820.24,978514.8551439326,305.38485606736504,273.22454606736505,291.4103277978679
-154.893962,19.472079,185.1,978839.69,978549.3948582177,290.29514178226236,270.11590998226234,290.5161778412368
-154.891292,19.47158,181.3,978839.79,978550.5396428228,289.25035717722494,269.48539377722494,290.4081676914297
-154.887967,19.469579,167.7,978842.44,978554.6245942841,287.815405715839,269.533087115839,290.6499759051867
-154.884137,19.47008,160.1,978842.32,978556.9991715832,285.320828416734,267.867046616734,288.5392680567932
-154.880963,19.470412,156.5,978841.93,978558.1293424794,283.80065752065275,266.7393405206528,287.37162086683765
-154.878293,19.471246,148.4,978843.04,978560.6771673255,282.3628326745238,266.18456147452383,287.70286355446007
-154.874463,19.472913,123.8,978848.24,978568.3659776925,279.87402230745647,266.37759390745646,289.08515980704124
-154.870129,19.47108,110.4,978848.96,978572.3988183984,276.5611816016026,264.5255944016026,286.64013571161
-154.866131,19.468579,93.4,978850.86,978577.505206701,273.35479329898953,263.17251209898956,286.09833566764706
-154.86279,19.467246,79.1,978852.58,978581.8443165907,270.7356834092643,262.11235960926433,284.73177425184457
-154.857129,19.465913,59.9,978854.96,978587.6961981822,267.2638018177822,260.7336236177822,284.55878147309465
-154.852963,19.46458,48.7,978855.39,978591.078341904,264.3116580960341,259.0024814960341,284.03397933885896
-154.846966,19.462079,25.0,978857.7,978598.2533939139,259.4466060861014,256.72115608610136,282.9296584095014
-154.843625,19.460412,10.9,978857.96,978602.5119947593,255.4480052406434,254.2597090406434,282.6026160446404
-154.836468,19.465079,5.8,978857.8,978604.3510148326,253.44898516742978,252.81668076742977,282.702293560922
-154.833127,19.472578,8.3,978861.06,978604.0043012013,257.05569879873656,256.15084939873657,284.3662577528181
-154.832623,19.476578,10.0,978862.67,978603.7062735547,258.96372644533403,257.87354644533406,285.13421570904256
-154.833127,19.481245,18.6,978862.87,978601.3158888873,261.55411111272406,259.52637631272404,284.96773540901074
-154.832791,19.479246,15.0,978863.08,978602.3139339213,260.7660660786787,259.1307960786787,285.2284874788619
-154.833295,19.482745,19.0,978863.32,978601.2774797932,262.04252020677086,259.97117820677084,285.0259607771041
-154.832959,19.487245,18.9,978864.4,978601.5636321274,262.83636787266005,260.77592767266003,285.300613929226
-154.833462,19.490245,17.0,978866.22,978602.3204298102,263.89957018976565,262.0462641897657,286.1730567933196
-154.834468,19.507576,33.3,978866.19,978598.2719354605,267.9180645394372,264.28776513943717,286.9586976013971
-154.918956,19.464581,224.9,978833.54,978536.6834977404,296.8565022596158,272.3383540596158,292.6026331223406
-154.924297,19.464914,253.9,978828.14,978527.7501817028,300.38981829723343,272.71014809723346,290.7908094419858
-154.922466,19.488245,197.8,978838.08,978546.3912279442,291.6887720557861,270.1250116557861,287.0586552118495
-154.912792,19.485579,202.8,978836.59,978544.696465171,291.89353482902516,269.78468442902516,287.64845826935914
-154.886623,19.488079,170.2,978842.07,978554.9020443385,287.16795566142537,268.6130920614254,287.51494970688776
-154.881801,19.490246,151.8,978846.36,978560.7052171475,285.6547828525072,269.1058504525072,288.7629144884211
-154.872966,19.490246,127.0,978851.0,978568.3612407189,282.638759281137,268.79347328113704,289.1186094997737
-154.868633,19.49058,116.3,978852.08,978571.6834240197,280.3965759802377,267.71778258023767,287.7940804803027
-154.853969,19.494245,62.2,978854.89,978588.5930413731,266.29695862694643,259.51603902694643,281.0217666882389
-154.851299,19.495912,52.0,978860.12,978591.8366198764,268.2833801235538,262.6144441235538,283.7383556412476
-154.839122,19.50691,31.9,978862.57,978598.6663341491,263.9036658508703,260.4259916508703,283.8292306520251
-154.833966,19.505077,32.1,978861.68,978598.5005105435,263.1794894565828,259.6800116565828,282.6294716914615
-154.833462,19.502077,24.1,978863.39,978600.8000011663,262.5899988337187,259.96266503371874,283.0078261691518
-154.833127,19.496745,11.6,978863.77,978604.3564377094,259.4135622906033,258.1489534906033,282.7158427738883
-154.83363,19.493911,14.1,978865.4,978603.4237741407,261.97622585936915,260.43907205936915,284.4661469224871
-154.848125,19.499412,43.5,978862.76,978594.6594330383,268.1005669616861,263.35828396168614,285.03055811920797
-154.862133,19.492412,91.8,978853.16,978579.3509171443,273.8090828557033,263.8012304557033,285.141738532447
-154.865123,19.491078,100.8,978855.31,978576.4967664088,278.8132335912669,267.82421919126693,288.0653327683315
-155.47729,19.189437,174.7,978820.53,978536.6784895275,283.8515104724793,264.8060658724793,283.17150886647147
-155.477122,19.20727,299.3,978797.22,978499.2138090207,298.0061909792712,265.3771035792712,283.2474209085998
-155.47796,19.212771,339.9,978790.69,978486.9895131268,303.7004868731601,266.6452686731601,283.881222663131
-155.477121,19.21977,405.4,978777.14,978467.1635247719,309.97647522808984,265.78057802808985,283.32645519048947
-155.479455,19.229936,493.2,978761.57,978440.6327853393,320.9372146606911,267.1695370606911,285.22572235966487
-155.47912,19.235436,513.3,978759.54,978434.7373434583,324.8026565416949,268.84371714169487,287.0227631588612
-155.477121,19.241434,529.1,978756.85,978430.1972053958,326.6527946041897,268.9713708041897,286.92852904466736
-155.475458,19.244602,544.1,978751.34,978425.7452309491,325.59476905083284,266.27807525083284,284.6288518783714
-155.47413,19.247769,555.0,978753.35,978422.5587279346,330.7912720653694,270.2862820653694,288.2030497675064
-155.471796,19.252767,578.5,978748.13,978415.5861154452,332.54388455476146,269.47697155476146,287.118655653589
-155.469629,19.257434,577.6,978748.89,978416.1260236136,332.763976386399,269.795179586399,287.5482909759849
-155.467294,19.261933,587.0,978747.13,978413.4774780318,333.6525219682371,269.65895596823714,288.3158001983056
-155.475458,19.266767,659.9,978732.85,978391.2491347921,341.60086520784535,269.6598870078453,289.8557549315941
-155.481789,19.274933,733.0,978720.79,978369.1471947958,351.6428052042611,271.7326112042611,293.0118227098435
-154.940624,19.461247,295.0,978820.02,978514.8551439326,305.164856067393,273.004546067393,291.19032779789586
-154.937969,19.464081,288.5,978821.23,978517.0222378324,304.2077621675562,272.75606916755623,290.6994545455222
-154.934963,19.466248,271.8,978824.8,978522.3001945047,302.49980549537577,272.86871309537577,291.0294056734202
-154.929454,19.468914,261.9,978826.49,978525.507375715,300.9826242850395,272.43081008503947,290.2939139381797
-154.926967,19.470247,260.2,978827.35,978526.1077245396,301.2422754603904,272.8757918603904,290.1696572952588
-154.923626,19.472079,245.8,978830.22,978530.6567883171,299.56321168283466,272.7665872828347,289.9987744598038
-154.921291,19.472913,242.0,978830.78,978531.8771184777,298.9028815223137,272.5205255223137,290.24743134363484
-154.9183,19.47458,234.6,978832.17,978534.2559940307,297.9140059693018,272.3383831693018,290.0018555556903
-154.915462,19.476079,230.7,978832.94,978535.5449154094,297.3950845905347,272.2446319905347,289.73719071206284
-154.912792,19.477412,225.9,978833.58,978537.1022585842,296.4777414157288,271.85057521572884,289.9514873185639
-154.910122,19.478746,218.3,978834.91,978539.5240233762,295.3859766238602,271.5873472238602,289.51667020243633
-154.907467,19.47808,209.1,978836.8,978542.3262911636,294.4737088364782,271.6780450364782,289.5080158291951
-154.904964,19.476579,199.0,978838.57,978545.3590512617,293.2109487382695,271.5163667382695,290.47211930017653
-154.902797,19.47508,195.5,978839.05,978546.3545052364,292.69549476366956,271.38247576366956,290.4853576853948
-154.899959,19.473247,195.1,978838.47,978546.3740495867,292.09595041326247,270.82653861326247,290.3352570949412
-154.894298,19.469747,189.4,978838.72,978547.9352191661,290.7847808338702,270.1367716338702,290.27222664048793
-154.893962,19.472079,185.1,978839.62,978549.3948582177,290.2251417823136,270.04590998231356,290.44617784128803
-154.970957,19.527244,160.0,978844.06,978560.2748414985,283.78515850158874,266.34227850158874,280.29474621904353
-154.963465,19.513578,181.1,978840.68,978552.9846933606,287.69530663941987,267.95214683941987,282.126821719237
-154.960459,19.510246,183.7,978840.35,978551.9928193385,288.35718066152185,268.3305740615219,282.87703181768313
-154.958964,19.508911,185.1,978840.06,978551.4848192704,288.5751807296183,268.39594892961827,282.19326956493813
-154.955958,19.503746,191.4,978838.95,978549.2467088107,289.70329118927475,268.8372459892747,283.09964899157546
-154.953623,19.499744,194.3,978838.7,978548.1242742863,290.57572571362834,269.39352831362834,283.5702560329259
-154.949458,19.507078,173.3,978842.26,978555.0234467321,287.23655326792505,268.34373386792504,283.17837392617224
-154.946131,19.509745,160.1,978844.53,978559.2498242469,285.2801757531706,267.8263939531706,282.3331104609023
-154.94163,19.513411,140.5,978848.24,978565.5087285406,282.7312714593718,267.4142424593718,282.2314184858453
-154.93812,19.516412,136.3,978848.42,978566.9757783246,281.44422167539597,266.58506827539594,281.25327449823834
-154.934962,19.519078,127.7,978849.97,978569.7821523362,280.18784766376484,266.26624906376486,281.6912563565363
-154.932124,19.522078,121.5,978850.94,978571.866620299,279.073379700887,265.82769270088704,280.7790985092863
-154.929957,19.525909,111.1,978852.37,978575.2949401304,277.0750598695595,264.9631600695595,280.3784847862158
-154.925456,19.524576,112.0,978852.19,978574.9413454813,277.2486545186257,265.0386385186257,280.3078677426611
-154.922129,19.526743,109.3,978852.22,978575.8980232826,276.32197671732865,264.40630931732863,280.0815742722716
-154.919962,19.529077,102.7,978853.55,978578.0681958105,275.48180418950506,264.28565558950504,280.07113696669956
-155.47729,19.189437,174.7,978819.77,978536.6784895275,283.09151047246996,264.04606587246997,282.41150886646216
-155.507792,19.176771,274.6,978800.15,978505.1302693451,295.0197306548944,265.0833878548944,283.5284566195272
-155.515788,19.182772,394.7,978777.45,978468.3932756475,309.05672435241286,266.02731975241284,284.9323065590783
-155.523294,19.189106,490.4,978762.38,978439.2084086281,323.1715913718799,269.70916417187993,288.4908014395321
-155.519128,19.196437,501.4,978762.59,978436.2237636109,326.36623638903257,271.70461118903256,291.9574236842248
-155.534967,19.202438,653.2,978736.21,978389.707156713,346.5028432869585,275.2922856869585,296.5058505637833
-155.53512,19.195105,642.2,978734.99,978392.6913328905,342.298667109455,272.287307509455,291.7546373478843
-155.538629,19.188772,652.3,978730.88,978389.2193756382,341.66062436182983,270.54818296182987,291.0402173054424
-155.548791,19.194605,742.2,978716.17,978361.8001476869,354.36985231318977,273.45669271318974,293.2452594241747
-155.548791,19.185438,700.7,978723.35,978374.0947886077,349.25521139230113,272.8662987923011,291.75671003034137
-155.54046,19.18044,641.0,978730.56,978392.240466971,338.3195330291055,268.4389950291055,287.6604615777123
-155.531961,19.186106,575.8,978744.49,978412.6812842935,331.8087157064583,269.0361513064583,288.16130387999925
-155.526788,19.180773,463.6,978765.46,978447.0139996173,318.44600038265344,267.9052555826534,288.37878799783977
-155.523295,19.175273,374.3,978781.45,978474.2705078429,307.17949215706903,266.374054757069,287.42174377402256
-155.539454,19.168941,422.5,978774.24,978459.0380590319,315.2019409680506,269.1418359680506,289.5616678166096
-155.531962,19.16744,343.8,978788.04,978483.2469400568,304.79305994324386,267.3126715432439,287.49955724463945
-155.523127,19.166107,272.2,978802.24,978505.2744026656,296.9655973344343,267.2908977344343,284.9906529846324
-155.514796,19.170274,241.4,978806.81,978515.0153527348,291.79464726522565,265.4777020652256,284.59808938604124
-155.512126,19.164106,198.4,978813.68,978527.9443950122,285.735604987829,264.106433787829,282.93741015043764
-154.983959,19.444416,417.3,978799.89,978476.150161357,323.73983864299953,278.2466272429995,295.9360710460571
-154.968288,19.461915,329.8,978814.33,978504.150741076,310.1792589239776,274.22512252397763,291.8354930146359
-154.965801,19.455581,356.0,978808.96,978495.7043710537,313.25562894623727,274.44522094623727,291.43491005961954
-154.969967,19.450748,369.4,978807.92,978491.2942801595,316.6257198405219,276.3544706405219,294.0151437302289
-154.976802,19.447083,397.5,978802.77,978482.4129091036,320.35709089646116,277.02243589646116,294.7957245413934
-154.991802,19.44125,442.0,978795.58,978468.3467625096,327.2332374904072,279.04728149040716,295.72718993085977
-154.999294,19.438251,454.8,978794.34,978464.2260350692,330.1139649307588,280.5325785307588,297.20124923920014
-154.955958,19.503746,191.4,978838.84,978549.2467088107,289.5932911892887,268.7272459892887,282.98964899158943
-155.467294,19.261933,587.0,978746.38,978413.4774780318,332.9025219682371,268.90895596823714,287.5658001983056
-155.464792,19.2701,623.0,978737.36,978402.8252165756,334.5347834243439,266.6165694243439,287.1054108095878
-155.45762,19.2756,698.9,978720.52,978379.7089034572,340.8110965428641,264.6184163428641,285.28203783530665
-155.464287,19.286765,855.3,978692.08,978332.0687060882,360.01129391172435,266.76819851172434,285.974717286809
-155.458962,19.300264,914.7,978680.24,978314.4971490492,365.7428509508027,266.0240863508027,285.35042569560767
-155.456795,19.306431,937.6,978676.37,978307.777389103,368.5926108970307,266.37733409703065,285.21900558727936
-155.451455,19.312431,893.7,978686.01,978321.662683139,364.34731686103623,266.9179302610362,287.77672286197617
-155.446633,19.318097,901.6,978684.9,978319.543816454,365.3561835460132,267.06555474601316,285.9909263924254
-155.44262,19.324098,911.4,978683.77,978316.8575723032,366.91242769686505,267.55342249686504,286.2643463164893
-155.449624,19.331428,1009.2,978662.34,978287.0902755511,375.24972444889136,265.22875884889135,284.91976354836964
-155.4488,19.324597,958.0,978672.74,978302.5051141996,370.234885800397,265.795641800397,285.2251259225624
-155.446785,19.305597,821.1,978700.41,978343.6828144452,356.7271855548024,267.2125057548024,287.64241157489676
-155.460122,19.31443,995.5,978664.31,978290.3603236272,373.94967637280934,265.4222573728093,286.8539534656634
-155.468132,19.304932,987.6,978668.67,978292.2634080201,376.40659197990317,268.74041517990315,291.51143928923784
-155.470131,19.299098,998.8,978664.48,978288.478870223,376.0011297769379,267.1139513769379,286.7254697298827
-155.464791,19.293933,914.1,978680.81,978314.3260576156,366.48394238448236,266.83058858448237,286.0544257901664
-155.470955,19.285432,876.9,978688.22,978325.3278421237,362.892157876282,267.294273676282,286.5648958445064
-155.475625,19.2831,884.5,978687.58,978322.8513024889,364.72869751101825,268.30227651101825,291.3664444932148
-155.467965,19.278267,768.1,978708.84,978358.5019667383,350.3380332617089,266.6013074617089,286.6777005855397
-155.455956,19.284265,781.8,978706.61,978354.6111561843,351.99884381564334,266.76857141564335,286.23113639284657
-155.45562,19.291766,834.5,978696.97,978338.769088638,358.20091136195697,267.22539036195695,285.5558059623428
-155.467294,19.261933,587.0,978746.37,978413.4774780318,332.8925219682278,268.8989559682278,287.5558001982963
-155.45112,19.270767,596.2,978743.02,978411.134347515,331.88565248507075,266.8891208850707,283.95735178088546
-155.445123,19.2771,641.3,978735.41,978397.570583346,337.839416654082,267.926173254082,285.4567839463102
-155.443124,19.289765,717.5,978721.72,978374.7649627422,346.9550372577505,268.7346222577505,288.19161733086855
-155.439125,19.300598,754.1,978716.52,978364.0788111109,352.44118888909,270.23071508909,288.6997115973767
-155.429788,19.296099,711.4,978728.59,978377.0039424563,351.58605754363816,274.03065234363817,290.6493256936289
-155.436792,19.285766,684.3,978730.72,978384.7865496621,345.9334503378486,271.33243293784864,287.4808720841997
-155.437128,19.277766,632.5,978740.76,978400.3240533222,340.43594667781144,271.48206167781143,287.5716393581239
-155.439798,19.2661,565.4,978752.18,978420.3784146454,331.8015853546094,270.1628081546094,286.3706156748916
-155.442789,19.269432,596.8,978743.82,978410.8741296675,332.9458703324199,267.88392793241985,284.2519912777467
-155.446466,19.2651,571.5,978748.8,978418.4394618233,330.36053817672655,268.05675117672655,285.22308176783554
-155.474465,19.275267,707.7,978725.07,978376.9742414417,348.09575855825096,270.94371995825094,292.8542636844471
-155.487297,19.2706,746.8,978718.2,978364.6446192405,353.5553807594115,272.1407383594115,295.3265722788384
-155.483621,19.262601,697.7,978725.25,978379.3487065354,345.90129346458707,269.8394348645871,294.09264765416515
-155.476297,19.258433,613.0,978741.88,978405.2560881898,336.62391181022394,269.79587781022394,288.75227920997344
-155.484796,19.251768,631.2,978736.42,978399.264464831,337.1555351690622,268.3433735690622,290.6694538904557
-155.494287,19.244768,773.9,978705.21,978354.8299172688,350.3800827311352,266.0110525311352,287.303708756732
-155.496133,19.253435,908.9,978679.16,978313.6542580207,365.50574197934475,266.4192817793447,292.44635300402416
-155.488626,19.237934,603.8,978740.35,978406.9446183204,333.4053816795349,267.58031327953495,290.16824744583835
-155.50529,19.134109,16.3,978849.59,978582.4848747998,267.1051252001198,265.3281318001198,283.84357670764905
-155.457454,19.147107,16.5,978837.69,978583.1494543338,254.54054566612467,252.74174866612466,273.8388875388981
-155.466457,19.145108,3.2,978841.87,978587.1438469929,254.7261530071264,254.3772954071264,272.69257426935553
-155.475124,19.143774,5.4,978843.66,978586.3900805474,257.2699194526067,256.6812222526067,276.34242455354
-155.482296,19.140274,7.5,978842.22,978585.5461528094,256.6738471905701,255.8562121905701,274.317369016464
-155.486965,19.138108,9.9,978844.62,978584.6841697276,259.9358302723849,258.85655207238494,279.4356991089854
-155.495463,19.139275,12.2,978838.79,978584.0392947142,254.75070528581273,253.4206856858127,271.4576789664015
-155.498789,19.137108,13.8,978839.4,978583.4242471384,255.97575286158826,254.47130446158826,272.862215757338
-155.466624,19.192605,178.8,978819.87,978535.5902172048,284.27978279523086,264.78736439523084,281.6952620974136
-155.457133,19.192937,179.7,978818.97,978535.3309767686,283.63902323134243,264.0484886313424,281.5425910931017
-155.461466,19.201937,233.1,978809.71,978519.3504661445,290.3595338554587,264.94743805545875,281.93282258974375
-155.459467,19.21277,301.7,978797.96,978498.7812474449,299.17875255504623,266.28802195504625,283.0839102242678
-155.474635,19.180271,102.0,978834.66,978558.6086661391,276.05133386095986,264.93149786095984,282.0528903893558
-155.539454,19.168941,422.5,978774.51,978459.0380590319,315.47194096806925,269.4118359680692,289.8316678166282
-155.550455,19.174106,559.9,978750.04,978416.9170552004,333.1229447996011,272.0837665996011,292.58619595114146
-155.560953,19.172441,624.8,978738.03,978396.7927269624,341.23727303766645,273.12282663766644,293.18733069823884
-155.570962,19.17794,776.6,978708.18,978350.2503697765,357.92963022354525,273.2662514235452,295.9409302006911
-155.568628,19.162108,573.9,978747.27,978411.9246599195,335.34534008055925,272.7799098805593,294.6990586822651
-155.555963,19.159775,524.3,978753.44,978427.1033431368,326.3366568631027,269.1785194631027,289.6219801580082
-155.542964,19.150608,349.6,978782.58,978480.5152211394,302.064778860542,263.952086060542,282.90792566865775
-155.561289,19.142608,442.3,978765.05,978451.4538758176,313.59612418245524,265.37746278245527,284.509569510347
-155.568964,19.153276,523.9,978753.58,978426.8633710834,326.7166289165616,269.6020987165616,289.6358348089915
-155.575129,19.142442,538.0,978745.76,978421.905707116,323.85429288400337,265.2026088840034,285.8519728025012
-155.57046,19.13361,534.6,978742.11,978422.4616373631,319.6483626369154,261.3673398369154,280.91515022668784
-155.582621,19.126111,613.6,978723.95,978397.6594859825,326.2905140174553,259.3970692174553,279.38248145327236
-155.560801,19.130442,385.3,978771.23,978468.3684730006,302.86152699938975,260.85689159938977,280.88895921152414
-155.465631,19.236601,475.7,978765.84,978446.4083473792,319.431652620784,267.571790020784,284.1198652642304
-155.470621,19.224769,424.9,978773.54,978461.4247859896,312.11521401046775,265.79346581046775,283.18865686478193
-155.486627,19.222936,485.3,978761.3,978442.6785472095,318.6214527905686,265.71501739056856,284.77735997588644
-155.497461,19.22327,646.0,978731.46,978393.0972241419,338.362775858026,267.937147858026,288.08355597464555
-155.506967,19.226602,796.8,978703.0,978346.7431126444,356.2568873555865,269.39134495558653,289.43086545714846
-155.513132,19.213104,676.5,978725.85,978383.113765042,342.73623495793436,268.98555795793436,293.37713872216415
-155.504632,19.193105,397.7,978777.24,978468.0458864702,309.19411352975294,265.83765492975294,286.45189609418105
-155.4938,19.198938,368.2,978782.33,978477.4786051101,304.85139488987625,264.71096728987624,282.757070972138
-155.500619,19.20627,496.6,978758.51,978438.2562974225,320.25370257755276,266.1153637775528,286.7411866567431
-155.48829,19.204771,358.7,978785.69,978480.7379006704,304.95209932955913,265.84734272955916,283.6681509506049
-155.492288,19.216437,492.8,978761.79,978439.9991396562,321.7908603438409,268.0667899438409,288.2652514756232
-155.512125,19.202771,579.9,978743.55,978412.3493276082,331.2006723918021,267.9811341918021,289.4178870953948
-155.485621,19.191604,227.5,978809.87,978520.5003268748,289.369673125213,264.568078125213,282.1551570304253
-155.493632,19.184773,198.2,978815.26,978529.1627523032,286.0972476968309,264.4898800968309,284.3900633053098
-155.525294,19.142276,108.8,978829.42,978554.3842766117,275.03572338831145,263.17456498831143,281.08792452673475
-155.054616,19.722401,7.0,978862.08,978618.6465897284,243.43341027153656,242.67028427153656,254.18453126917402
-155.22346,19.355924,971.0,978689.6,978300.259562024,389.34043797594495,283.4839599759449,301.2304536421241
-155.224299,19.358091,972.0,978690.65,978300.0732310873,390.5767689127242,284.6112729127242,301.18754915143654
-155.224131,19.360756,973.8,978692.77,978299.6681406038,393.10185939620715,286.94013099620713,303.4487654680881
-155.223124,19.363425,977.0,978693.61,978298.831268268,394.77873173193075,288.26814573193076,303.9486911757855
-155.21963,19.366091,984.3,978692.91,978296.7290314902,396.1809685098706,288.8745511098706,305.70627476419884
-155.218287,19.368758,988.5,978692.74,978295.5834983644,397.15650163555983,289.3922086355598,305.66406606956593
-155.21696,19.373091,991.3,978692.66,978294.9640642258,397.6959357742453,289.6263923742453,305.3931929966708
-155.21696,19.375257,995.0,978692.12,978293.9445863724,398.17541362764314,289.7025036276431,305.92358373936577
-155.220788,19.38109,1033.2,978684.7,978282.4860674544,402.2139325455064,289.5765349455064,304.94994362255034
-155.21879,19.378255,1014.1,978688.52,978288.219892082,400.3001079179812,289.74495411798125,305.59431718152535
-155.054784,19.722567,7.0,978862.11,978618.6561031054,243.45389689458534,242.69077089458534,254.1995263415195
-155.054616,19.722401,7.0,978862.07,978618.6465897284,243.42341027152725,242.66028427152725,254.1745312691647
-155.301293,19.437587,1204.0,978656.26,978232.9773161034,423.28268389659934,292.0250118965993,306.3671535325199
-154.922129,19.526743,109.3,978852.17,978575.8980232826,276.2719767173985,264.3563093173985,280.03157427234146
-154.917292,19.53191,98.1,978854.03,978579.6493196827,274.380680317292,263.686014517292,280.1751163817339
-154.91363,19.535244,95.0,978854.05,978580.7958734138,273.2541265862528,262.8974165862528,279.48619885147815
-154.910624,19.538243,87.4,978855.38,978583.3126368278,272.06736317218747,262.53918997218744,279.4167544292825
-154.90713,19.541743,76.5,978857.17,978586.8766947322,270.2933052678127,261.9534282678127,279.31009354839574
-154.9033,19.545243,65.4,978858.77,978590.5025437532,268.2674562467728,261.1376790467728,279.5429216606476
-154.900462,19.548409,52.1,978860.77,978594.78863108,265.9813689200673,260.30153112006735,279.81035097141506
-154.897288,19.551409,43.7,978861.13,978597.5525736971,263.57742630294524,258.81333970294526,278.94297246718037
-154.892787,19.556242,36.7,978859.67,978599.9886328712,259.6813671288546,255.6804065288546,277.8072577229415
-154.9033,19.545243,65.4,978858.62,978590.5025437532,268.1174562467495,260.9876790467495,279.3929216606243
-154.892787,19.556242,36.7,978859.57,978599.9886328712,259.5813671287615,255.58040652876147,277.70725772284834
-154.887797,19.560076,9.5,978859.84,978608.6041982541,251.2358017459046,250.2001307459046,276.02098903428873
-154.884287,19.557075,12.1,978859.13,978607.6307187327,251.49928126728628,250.1801634672863,276.7867741838263
-154.880625,19.555408,0.2,978861.76,978611.209743843,250.55025615706109,250.5284525570611,276.9443924572655
-154.874293,19.552074,16.8,978858.12,978605.8951415475,252.22485845244955,250.39335605244955,277.0036026792936
-154.86912,19.548574,3.6,978863.92,978609.7712545794,254.1487454206217,253.7562806206217,280.42992182624505
-154.864955,19.546242,12.8,978862.99,978606.798295852,256.191704147961,254.79627374796098,279.51260520819096
-154.858287,19.543575,16.4,978863.31,978605.5351859512,257.7748140488984,255.9869188488984,281.560405975975
-154.851955,19.540075,15.7,978865.0,978605.5522574465,259.44774255354423,257.73615995354425,283.33381691984033
-154.847622,19.534743,19.9,978866.6,978603.9524365618,262.64756343816407,260.47810523816406,284.76941479472845
-154.845134,19.527242,26.3,978867.23,978601.5502129307,265.67978706932627,262.81261366932625,286.25647486495956
-154.839962,19.520242,31.4,978867.66,978599.5779407747,268.0820592253003,264.6588940253003,287.0986303136848
-154.837963,19.51691,35.6,978867.35,978598.091997125,269.2580028750235,265.3769620750235,287.83565696630075
-154.835628,19.512243,39.4,978864.87,978596.6537487367,268.21625126327854,263.9209420632785,286.2609302565575
-155.054616,19.722401,7.0,978862.06,978618.6465897284,243.41341027163435,242.65028427163435,254.1645312692718
-155.370456,19.667909,1719.0,978538.59,978087.1960598698,451.39394013013225,263.99199813013223,279.2532645015936
-155.489124,19.575417,2736.7,978302.65,977768.0514950566,534.5985049434239,236.2489443434239,262.45324925599124
-155.489459,19.575916,2735.0,978303.18,977768.604086976,534.5759130240185,236.4116830240185,262.3102466355648
-155.575626,19.536252,3401.0,978179.72,977561.0284622757,618.6915377242258,247.92131972422578,287.07555352175217
-155.583958,19.498421,3948.9,978079.72,977390.0172487416,689.7027512583882,259.20157105838814,309.63247884550486
-155.580616,19.466923,4037.5,978062.72,977360.9277504976,701.7922495023813,261.6320745023813,316.1153691835724
-155.592121,19.451091,4052.9,978061.33,977355.2849032386,706.0450967613142,264.2060445613142,320.34869111250845
-155.61112,19.417927,3855.0,978092.67,977414.3914071473,678.2785928527592,258.0142028527592,310.3519527484041
-155.577291,19.436758,3922.7,978078.94,977394.59444603,684.3455539699644,256.7006453699644,308.77021912942854
-155.559957,19.422093,3565.4,978143.5,977503.87981557,639.6201844300376,250.9274072300376,300.3150859588028
-155.538962,19.403427,2992.1,978266.04,977679.5468025355,586.4931974645006,260.3004396645006,299.2237646279467
-155.680461,19.068449,692.2,978716.02,978370.1844218493,345.835578150698,270.37331855069795,288.9181501717958
-155.662453,19.190442,1717.9,978531.47,978060.5111151678,470.9588848322164,283.6768626322164,314.14675532740716
-155.632454,19.230104,1918.1,978494.24,978000.9792450524,493.2607549475506,284.1533291475506,312.97523226683745
-155.573295,19.305767,2205.8,978435.86,977916.4957701536,519.3642298463965,278.89232544639646,307.38895298704983
-155.587119,19.283267,2076.6,978461.39,977955.0776803696,506.3123196304077,279.9255408304077,308.118941684462
-155.61396,19.255603,2003.1,978473.69,977976.1927758878,497.4972241121577,279.12326831215773,307.16867157008994
-155.684792,19.175609,1600.2,978538.65,978095.9900244669,442.6599755331408,268.2093719331408,291.4531004295836
-155.457786,19.371927,1501.4,978560.23,978137.5067505953,422.72324940469116,259.0436242046911,283.55902370181855
-155.423622,19.365595,1246.6,978613.72,978215.7632557057,397.95674429426435,262.05490549426435,281.1815979100127
-154.990291,19.424083,521.5,978772.37,978442.8365025952,329.5334974047728,272.6806104047728,296.0614064528892
-155.489124,19.575417,2736.7,978302.52,977768.0514950566,534.4685049434192,236.11894434341923,262.3232492559866
-155.501288,19.377095,2068.7,978452.72,977962.8022364797,489.917763520265,264.392226920265,294.66403388212893
-155.531119,19.398927,2816.0,978304.94,977733.5857530037,571.3542469962267,264.3595589962267,301.7889681393257
-155.550283,19.41776,3361.9,978186.05,977566.3591595347,619.6908404653659,253.18322626536587,297.6710524799019
-155.577291,19.438091,3928.4,978079.1,977392.9134135951,686.1865864049178,257.92027520491774,310.47946873718405
-155.230294,19.444086,1114.3,978660.47,978261.0234108043,399.44658919563517,277.96783179563516,293.5374997325649
-155.234124,19.450086,1127.8,978656.28,978257.1975849718,399.0824150282424,276.1319146282424,291.15425995942223
-155.238961,19.44742,1153.4,978652.16,978249.1472931079,403.01270689209923,277.2713456920992,291.7768078184057
-155.184289,19.444753,892.5,978705.12,978329.5054255461,375.6145744539099,278.3160094539099,292.5986110818453
-155.142129,19.478083,675.7,978740.02,978398.3025874917,341.71741250832565,268.05394990832565,281.0848459158373
-155.164956,19.49375,767.5,978719.53,978370.8595696557,348.6704303442966,264.9991153442966,277.66416415220334
-155.179131,19.503081,842.8,978703.53,978348.1506209438,355.3793790562777,263.4990086562777,277.1289260848432
-155.175286,19.508748,808.3,978710.43,978359.1194923685,351.3105076315114,263.1912582315114,278.3412250288368
-155.149132,19.500915,697.4,978733.03,978392.900848428,340.1291515720077,264.0999983720077,276.47731864145527
-155.154458,19.502416,726.6,978727.33,978383.9741440394,343.3558559605153,264.14337716051534,277.34458432352676
-155.159462,19.504081,745.5,978723.45,978378.2356856705,345.2143143294379,263.9413953294379,276.8483389326147
-155.164956,19.505582,767.5,978718.88,978371.5312531914,347.348746808595,263.67743180859503,276.25108827721937
-155.169457,19.507081,789.4,978714.28,978364.8576448489,349.42235515115317,263.3635459511532,275.70344794997527
-155.160286,19.499082,744.6,978723.64,978378.2296379531,345.41036204691045,264.23555924691044,277.1250778908471
-155.153618,19.494915,719.0,978729.56,978385.8939009997,343.6660990003729,265.28215700037293,278.50975470075196
-155.054616,19.722401,7.0,978862.07,978618.6465897284,243.42341027152725,242.66028427152725,254.1745312691647
-154.902629,19.480746,195.2,978838.65,978546.7684476847,291.8815523153171,270.6012387153171,289.7586764920834
-154.899791,19.478246,192.2,978839.17,978547.5527657394,291.61723426065873,270.6639746606587,290.1158003156537
-154.894634,19.47508,187.5,978839.38,978548.8241303182,290.55586968176067,270.11499468176066,289.99393044431383
-154.893962,19.472079,185.1,978839.83,978549.3948582177,290.43514178227633,270.2559099822763,290.6561778412508
-154.891292,19.47158,181.3,978839.89,978550.5396428228,289.35035717720166,269.58539377720166,290.5081676914064
-154.886623,19.472413,172.5,978841.57,978553.303478367,288.2665216329042,269.4609166329042,290.2666470576422
-154.8988,19.481579,190.8,978839.19,978548.1739883106,291.01601168932393,270.21537728932395,288.69315795950916
-154.889629,19.480078,200.9,978834.9,978544.9709575175,289.9290424825158,268.0273262825158,287.3542030601852
-154.88763,19.47808,197.0,978835.78,978546.0615785526,289.71842144744005,268.24187544744007,287.90245620639416
-154.889965,19.477412,188.0,978838.69,978548.8020218613,289.88797813863494,269.39259413863493,289.4122161180572
-154.891628,19.475913,188.0,978838.85,978548.7170148036,290.1329851964256,269.6376011964256,289.3873640857422
-154.885799,19.474914,178.1,978839.99,978551.7165386038,288.27346139622387,268.85735559622384,289.00116036226825
-154.885128,19.480579,208.6,978832.51,978542.6223742425,289.8876257574884,267.1464709574884,287.2543085247817
-154.887462,19.485079,182.5,978839.48,978550.9347691314,288.54523086862173,268.64944586862174,288.1850708492493
-154.891796,19.482412,178.1,978839.55,978552.1417803204,287.408219679608,267.992113879608,288.0372432156598
-154.889797,19.486412,182.4,978839.83,978551.04126255,288.7887374499114,268.90385424991143,288.1338170048219
-154.886959,19.479078,218.2,978830.03,978539.5737226147,290.45627738535404,266.66854978535406,289.0495659185274
-155.230294,19.444086,1114.3,978660.48,978261.0234108043,399.4565891956445,277.9778317956445,293.54749973257424
-155.234124,19.450086,1127.8,978656.4,978257.1975849718,399.20241502823774,276.2519146282377,291.2742599594176
-155.238961,19.44742,1153.4,978652.19,978249.1472931079,403.04270689201076,277.3013456920107,291.8068078183172
-155.146965,19.514248,690.7,978735.65,978395.7258163935,339.92418360651936,264.62545100651937,277.5064341548781
-155.153466,19.516081,722.4,978728.71,978386.0464296915,342.66357030847576,263.90896710847574,275.8720092713534
-155.144799,19.52058,688.2,978734.75,978396.8571235057,337.89287649432663,262.8666888943266,275.0972687506598
-155.152291,19.522747,714.5,978729.13,978388.8633174927,340.26668250735383,262.3733215073538,274.49502775468136
-155.135292,19.533746,602.6,978752.5,978424.0247402843,328.4752597156912,262.78101291569124,275.3763648766038
-155.141289,19.53358,625.5,978747.21,978416.9474129586,330.26258704136126,262.07182804136124,274.83548535218233
-155.146294,19.535079,642.2,978744.57,978411.8783703966,332.6916296033887,262.6802700033887,276.5028719038079
-155.146126,19.54008,645.3,978744.28,978411.2059557019,333.0740442981478,262.72472889814776,276.3277309852312
-155.143456,19.542413,626.1,978747.88,978417.2644881341,330.61551186593715,262.35934206593714,275.5660937244894
-155.130455,19.542246,571.8,978758.55,978434.0143400676,324.535659932415,262.199167532415,273.7684114034924
-155.133965,19.54608,576.1,978757.04,978432.9052214134,324.13477858668193,261.3295087866819,274.2144607983991
-155.139625,19.552078,590.7,978753.6,978428.7402096491,324.8597903508926,260.46285775089257,273.31315395971245
-155.145454,19.558413,620.6,978747.01,978419.8722814588,327.1377185411984,259.4811477411984,271.32844260730775
-155.153297,19.566411,658.4,978738.46,978408.6610364858,329.79896351415664,258.02151231415667,270.20451054256193
-155.16146,19.559578,711.1,978728.14,978392.0072225193,336.1327774807578,258.6100776807578,271.5214792548004
-155.168632,19.56708,727.3,978724.57,978387.4345250532,337.1354749466991,257.8466835466991,272.3721956730892
-155.172462,19.561745,754.1,978719.77,978378.8597249503,340.91027504974045,258.69980124974046,274.43825631208637
-155.14579,19.572745,604.1,978747.69,978425.7807760483,321.90922395163216,256.05145015163214,268.16365125931327
-155.135627,19.581077,554.4,978756.58,978441.5950621627,314.984937837231,254.54535863723098,266.7608457695631
-155.131462,19.584577,530.7,978760.72,978449.1095044226,311.6104955773335,253.7546429773335,265.73482626517136
-155.136451,19.590576,540.1,978758.65,978446.550008179,312.09999182098545,253.21937002098545,265.5629243002644
-155.126121,19.579077,505.7,978768.05,978456.5125572376,311.5374427624047,256.40704016240466,269.49123823474
-155.127952,19.58991,513.9,978764.48,978454.598784418,309.88121558201965,253.85686538201963,265.1040424668224
-155.137123,19.599076,516.0,978761.22,978454.4730644921,306.7469355078647,250.4936475078647,263.20877090496253
-155.123787,19.521914,570.0,978758.09,978433.4140949156,324.6759050843539,262.53564508435386,274.2210595786883
-155.112954,19.535747,492.6,978774.01,978458.0901282415,315.9198717585532,262.2176049585532,274.55284646731786
-155.102791,19.537245,446.5,978782.91,978472.4046396283,310.50536037178244,261.82882337178245,273.6391112455509
-155.106789,19.541578,454.5,978780.93,978470.1817109202,310.74828907987103,261.19960807987104,272.64535841223284
-155.099785,19.546745,428.2,978785.4,978478.5935178631,306.80648213694803,260.124974536948,272.2848931542724
-155.093285,19.552245,392.9,978792.72,978489.8024911374,302.9175088625634,260.08433666256343,271.5120062341092
-155.097954,19.55741,409.7,978789.07,978484.9106946536,304.1593053463148,259.4946307463148,270.4751403360322
-155.105629,19.565745,431.0,978784.2,978478.8104497604,305.3895502395462,258.4027922395462,269.6626084395044
-155.109962,19.57041,446.8,978780.0,978474.199114101,305.8008858989924,257.0916434989924,268.3878279833623
-155.113792,19.574409,452.3,978778.28,978472.7291789565,305.55082104355097,256.24197964355096,268.5699070008178
-155.120963,19.582243,472.7,978772.63,978466.8786697241,305.75133027590346,254.21852167590345,267.49968150503963
-155.117958,19.566411,472.7,978775.63,978465.9770391887,309.652960811276,258.120152211276,270.02025166136616
-155.125466,19.543745,501.7,978770.27,978455.736145393,314.533854607027,259.839524007027,275.8603100370475
-155.127633,19.548079,506.0,978769.18,978454.6554383722,314.5245616278844,259.3614536278844,274.8694834720508
-155.11979,19.555911,492.3,978772.8,978459.3296583854,313.47034161468036,259.80078021468034,271.8276415773533
-155.115792,19.550913,482.5,978775.27,978462.070144322,313.1998556780163,260.59867067801633,271.89783955144685
-155.093789,19.56641,379.8,978793.69,978494.6522951868,299.0377048131777,257.6326684131777,269.30393522227854
-155.10012,19.57691,399.9,978787.95,978489.0458516271,298.9041483728215,255.3078501728215,267.4947081098893
-155.09246,19.58091,352.7,978796.61,978503.8431915614,292.7668084385805,254.3161598385805,266.7051782027748
-155.089455,19.57591,351.4,978797.94,978503.9596782172,293.9803217827575,255.67139658275752,267.03119649856865
-155.099784,19.587243,381.3,978789.67,978495.3758374335,294.29416256654076,252.72559916654075,264.89186793803634
-155.104118,19.591576,382.8,978788.38,978495.1597469216,293.2202530783834,251.4881626783834,264.59168555984434
-155.115287,19.589742,461.5,978773.37,978470.7629715728,302.60702842718456,252.29522142718457,264.45858308139077
-155.078789,19.574743,320.7,978804.27,978513.3697424576,290.90025754238013,255.93818494238013,267.76337075596007
-155.48128,19.637079,2149.0,978444.0,977952.8009698545,491.1990301455371,256.9193481455371,274.6790677059921
-155.62479,19.46559,3902.1,978045.43,977402.5763637488,642.8536362512968,217.45449845129684,269.15497719813845
-155.630956,19.414427,3674.2,978079.86,977469.9132414281,609.9467585718958,209.39282297189578,258.35984624727973
-155.063788,19.658572,92.9,978841.45,978588.4742756035,252.97572439641226,242.84795219641225,254.9027118376593
-155.069952,19.652905,121.6,978834.87,978579.2903168106,255.57968318939675,242.32309438939674,254.6137817699702
-155.078788,19.642906,182.0,978822.65,978560.0731247426,262.5768752574222,242.73559925742222,254.4131455666713
-155.086631,19.634407,228.3,978813.51,978545.2949551875,268.21504481253214,243.32623541253213,255.4590959318955
-155.101127,19.623908,304.5,978798.35,978521.1733480423,277.1766519576777,243.98067095767766,256.8021579972476
-155.106956,19.619741,336.2,978792.47,978511.1502832627,281.3197167372564,244.6678651372564,257.3509644838322
-155.11312,19.615576,385.3,978783.18,978495.7565647176,287.4234352824278,245.4187998824278,257.93331998324305
-155.129295,19.604743,475.5,978767.54,978467.2968450881,300.24315491190646,248.40509591190647,260.15737159834805
-155.146797,19.592411,574.9,978751.33,978435.9135892561,315.41641074384097,252.74196254384097,266.0310413772196
-155.157463,19.58741,647.1,978738.43,978413.3446610757,325.08533892431296,254.53979112431296,266.846337761828
-155.168128,19.582412,697.1,978730.37,978397.6282507208,332.74174927920103,256.74530147920103,270.6403878759992
-155.17945,19.57791,782.7,978714.79,978370.9536642528,343.8363357472699,258.5079471472699,270.59950114466864
-155.187965,19.575244,830.3,978706.39,978356.1118219517,350.2781780483201,259.7605326483201,272.74665367967526
-155.195288,19.573412,881.5,978696.03,978340.206850098,355.8231499020476,259.72378290204756,272.7230357593776
-155.203451,19.571411,920.5,978688.51,978328.0575126666,360.4524873334449,260.1014183334449,273.24196831243677
-155.212286,19.569912,975.1,978678.22,978311.1229849766,367.0970150233479,260.7935632233479,274.4517067964214
-155.220785,19.568413,1018.9,978669.23,978297.5215777481,371.7084222518606,260.6299820518606,274.8175031997969
-155.231131,19.564914,1098.5,978653.41,978272.7596545627,380.6503454373451,260.8940724373451,276.10020531772074
-155.242453,19.564246,1151.5,978643.47,978256.3675663546,387.1024336453993,261.5682066453993,275.44904292420495
-155.252295,19.563079,1224.1,978627.9,978233.8998178135,394.0001821864862,260.55124838648624,275.78903796261767
-155.26029,19.561746,1275.9,978616.99,978217.8410978535,399.14890214649495,260.05283594649495,276.04281945587854
-155.269629,19.560081,1348.7,978602.35,978195.2846127233,407.06538727669977,260.0328106766998,276.19419635194686
-155.286459,19.554415,1475.7,978571.45,978155.779405778,415.6705942219123,254.7927316219123,271.24331543204164
-155.299124,19.542415,1566.1,978557.34,978127.2074235888,430.1325764111243,259.3994866111243,276.36815318489323
-155.297125,19.530583,1547.5,978563.43,978132.2728127517,431.1571872483473,262.45183224834733,278.1380521469065
-155.298956,19.520416,1672.2,978526.55,978093.2253894848,433.3246105152648,251.0247109152648,276.9389906172083
-155.069787,19.579575,271.3,978813.76,978528.8941143069,284.86588569311425,255.28930229311425,267.0400051342938
-155.075631,19.586409,278.9,978811.21,978526.9374006287,284.27259937126655,253.86747917126655,265.8318463180706
-155.07862,19.595742,279.2,978809.19,978527.3766806074,281.8133193925023,251.3754937925023,262.50074029953316
-155.088951,19.593909,324.6,978799.95,978513.2578330442,286.69216695579235,251.30492415579235,262.47491493643554
-155.092124,19.588742,348.1,978796.5,978505.7093454377,290.7906545622973,252.84148876229727,264.5484883251061
-155.086632,19.579576,340.8,978799.79,978507.4404948492,292.3495051508071,255.19617075080708,266.16880440553535
-155.077796,19.591075,287.7,978808.59,978524.4868236445,284.10317635547835,252.73869775547837,263.9085091676902
-155.07096,19.596908,241.1,978817.17,978539.2043329151,277.9656670849072,251.6814272849072,263.9282305874703
-155.063286,19.593241,229.2,978820.32,978542.668800706,277.65119929390494,252.66427369390493,263.60219260571023
-155.05796,19.604574,192.3,978825.76,978554.705901252,271.0540987480199,250.0899373480199,262.0614756808869
-155.063957,19.60724,201.8,978822.97,978551.9252659542,271.04473404574674,249.04490164574673,260.7198834879616
-155.071296,19.610409,222.2,978817.76,978545.8085335763,271.9514664236922,247.72766682369218,259.41361721275683
-155.071632,19.603575,235.0,978816.98,978541.4674770712,275.512522928766,249.89329292876596,261.68859498990173
-155.05912,19.602407,196.0,978825.62,978553.4401413149,272.17985868512187,250.81233068512188,262.44393306797167
-155.043129,19.594074,159.1,978834.73,978564.3563007069,270.3736992931226,253.02893549312262,264.57851851767447
-155.047463,19.591741,169.2,978833.02,978561.1053980604,271.91460193961393,253.46875633961395,265.7593325447866
-155.03962,19.589241,157.3,978835.46,978564.6365376808,270.8234623192111,253.6749309192111,265.5651472722277
-155.036461,19.584409,165.5,978834.4,978561.829818228,272.57018177199643,254.52770277199642,267.46094119438027
-155.03312,19.579242,153.3,978837.88,978565.3017000236,272.57829997641966,255.86584057641966,269.18508780338175
-155.033455,19.568576,186.2,978833.36,978554.5378778353,278.8221221646527,258.52297056465267,270.0101252738532
-155.02813,19.571576,153.6,978839.69,978564.7725013401,274.9174986598082,258.1723338598082,271.5052373196341
-155.020119,19.575742,129.5,978843.78,978572.4496499096,271.3303500904003,257.2125190904003,269.9373286876825
-155.012795,19.579742,116.1,978846.1,978576.8142251493,269.2857748506358,256.62878505063577,268.85274714206486
-155.008798,19.567242,132.6,978844.96,978571.0086434579,273.9513565420639,259.4955697420639,271.76252873366025
-155.015954,19.563076,154.8,978840.38,978563.9181363584,276.46186364162713,259.58587724162714,273.01476673189717
-155.026788,19.557409,193.9,978833.51,978551.5252311326,281.98476886737626,260.84617866737625,272.9496323952822
-155.019128,19.544578,217.9,978829.58,978543.3864405246,286.1935594753595,262.4385372753595,274.75303959820945
-155.028467,19.539578,249.9,978823.74,978533.2237988482,290.51620115176775,263.27260295176774,276.3316763643872
-155.02012,19.534577,249.9,978824.26,978532.9394540142,291.3205459858291,264.0769477858291,276.9090056440491
-155.016962,19.52941,254.5,978823.57,978531.2257425761,292.34425742388703,264.599176423887,277.0152674079012
-155.011621,19.532245,233.8,978827.83,978537.7768813287,290.0531186712906,264.56471027129055,277.088845986197
-155.006128,19.535411,201.5,978834.5,978547.927846138,286.5721538619837,264.6050268619837,278.5361892368712
-155.001459,19.539077,181.7,978838.29,978554.2486023372,284.04139766283333,264.23282706283334,276.98579902629996
-155.013788,19.547577,190.2,978835.06,978552.1080387081,282.9519612919539,262.21673769195394,275.12236442655717
-155.008295,19.550577,163.4,978840.55,978560.5519901868,279.998009813251,262.184468613251,275.1132428825643
-155.003625,19.553244,151.5,978842.99,978564.3773468196,278.61265318037476,262.09642618037475,274.46407690475866
-154.998132,19.547577,152.7,978843.65,978563.6845022782,279.9654977218015,263.3184491218015,276.5382752681219
-155.000131,19.55541,137.5,978845.97,978568.8225248306,277.1474751693895,262.1575001693895,275.24689475317757
-155.679619,19.183108,1647.1,978530.51,978081.9413514095,448.56864859047346,269.0051007904734,292.6816330832606
-155.671456,19.186274,1646.2,978530.94,978082.3962808355,448.54371916444506,269.0782875644451,293.9735374187928
-155.656792,19.195608,1681.9,978524.46,978071.905980101,452.5540198989911,269.1966456989911,294.5213950728343
-155.647454,19.20244,1718.2,978518.7,978061.0907711908,457.6092288091313,270.29450120913134,295.40757621664886
-155.63662,19.219105,1819.4,978503.79,978030.8073272051,472.98267279495485,274.6353235949548,299.0394978998605
-155.622627,19.240271,1911.7,978489.52,978003.5239518905,485.9960481094895,277.58633750948945,303.9640710369719
-155.606621,19.247437,1894.9,978493.15,978009.108337614,484.0416623860365,277.4634541860365,302.52013178788627
-155.606132,19.266437,2049.2,978463.58,977962.5825224335,500.9974775664741,277.5977919664741,304.50392970153575
-155.596961,19.274769,2060.8,978463.42,977959.4730419588,503.94695804128423,279.2826636412842,305.59233114667916
-155.577796,19.295267,2144.6,978448.18,977934.7798359215,513.4001640785718,279.6001612785718,308.5815238232367
-154.994455,19.558909,128.6,978847.95,978571.7691696044,276.1808303955477,262.1611155955477,274.87283670653477
-154.985788,19.553409,132.6,978847.26,978570.2213526256,277.03864737437107,262.58286057437107,275.4198310144763
-154.989633,19.549744,141.1,978845.79,978567.3888004107,278.401199589367,263.01875978936704,276.1258331482283
-154.995126,19.544742,158.2,978842.53,978561.8253550567,280.70464494335465,263.45799734335463,275.9062119942526
-154.986627,19.536744,164.6,978841.67,978559.3948136404,282.2751863596495,264.3308235596495,277.6026046628433
-154.981287,19.541744,153.0,978843.74,978563.2601337639,280.47986623609904,263.80011223609904,276.83142257870816
-154.97912,19.539577,157.3,978842.84,978561.8094605297,281.0305394702591,263.8820080702591,277.361634380366
-154.978967,19.53291,167.9,978841.11,978558.1581128304,282.95188716962,264.64776496962,277.68063730395613
-154.98379,19.525411,199.0,978835.14,978548.1311899612,287.00881003879476,265.31422803879474,278.03511067552336
-154.986964,19.520245,213.0,978832.95,978543.5158339496,289.43416605039965,266.21333205039963,279.2044156299948
-154.991633,19.516579,223.1,978831.38,978540.1897016596,291.19029834039975,266.86838254039975,280.12209210708824
-155.000132,19.511911,259.4,978824.38,978528.7188972334,295.66110276663676,267.3818335666368,279.97210623764977
-155.007792,19.507747,274.9,978821.73,978523.6976943006,298.0323056994239,268.0632574994239,281.36480570732317
-155.013788,19.515745,279.8,978819.49,978522.6393624832,296.85063751682173,266.34740111682174,278.8727883793015
-155.007791,19.518911,248.7,978825.89,978532.419553113,293.4704468869604,266.3576702869604,279.92933091673706
-155.001794,19.522079,228.9,978829.49,978538.7117307286,290.7782692713663,265.8240490713663,279.38593019160606
-154.996622,19.525077,216.7,978831.79,978542.6482101287,289.1417898713844,265.5175892713844,278.27886025652367
-155.000619,19.532411,193.2,978836.62,978550.3195239848,286.3004760151962,265.23819841519617,278.22520159456076
-154.995462,19.530744,203.3,978833.95,978547.1068762869,286.8431237130426,264.6797643130426,277.73604116278955
-154.990793,19.52941,203.9,978833.98,978546.845830758,287.13416924199555,264.90539904199557,277.83029524993145
-154.986124,19.533078,177.4,978839.4,978555.2349600415,284.16503995854873,264.8252467585487,278.14432530084594
-154.9593,19.49108,223.9,978833.9,978538.4950125604,295.4049874396296,270.99585723962963,286.5561031528228
-154.963297,19.482245,251.8,978828.76,978529.3811402014,299.3788597986568,271.9281273986568,288.3060317280409
-154.965801,19.473913,285.1,978823.23,978518.6291656464,304.6008343535941,273.5198025535941,289.2257625559268
-154.961467,19.46908,298.4,978820.94,978514.2495909075,306.6904090924654,274.1594378924654,290.0496376837246
-154.976802,19.457582,377.6,978807.61,978489.1503094635,318.4596905364888,277.2944937364888,293.78730014352067
-154.955135,19.47258,279.4,978824.43,978520.3131157035,304.11688429652713,273.65725509652714,289.7454151313683
-154.951961,19.478913,247.5,978829.55,978530.5195393569,299.0304606431164,272.0485056431164,288.662024665485
-154.954463,19.487081,229.2,978832.54,978536.6320107908,295.907989209285,270.921063609285,286.49113382563564
-154.946132,19.484914,225.2,978833.67,978537.7438635747,295.92613642534707,271.3752828253471,287.0700409004885
-154.916134,19.493078,176.2,978841.97,978553.3334694265,288.63653057347983,269.42755897347985,286.1155055985948
-154.907955,19.49058,173.5,978842.66,978554.025221943,288.6347780569922,269.7201550569922,288.35672912068407
-154.902462,19.49058,175.3,978842.8,978553.4695519776,289.3304480224615,270.2195926224615,289.20762920638157
-154.906124,19.501578,148.7,978846.12,978562.3053764232,283.81462357682176,267.6036469768218,284.7093714003045
-154.902965,19.50491,133.0,978848.84,978567.341300381,281.4986996189691,266.9993056189691,284.2610745133408
-154.899288,19.515078,109.5,978852.84,978575.1735065444,277.66649345553014,265.7290224555301,283.1061008670787
-154.90913,19.514411,117.5,978851.68,978572.6659053328,279.01409466727637,266.20447966727636,282.8537844958313
-154.901621,19.52191,104.1,978852.62,978577.2287039865,275.3912960134912,264.0425222134912,281.0522099796999
-154.894465,19.526077,86.7,978855.1,978582.8371661507,272.2628338492941,262.81097324929414,280.45759813714767
-154.8883,19.532075,69.1,978856.87,978588.6115363669,268.2584636331303,260.7253198331303,279.7721780716316
-154.896128,19.532576,83.2,978854.39,978584.2870692532,270.10293074685615,261.03263314685614,279.4571755010519
-154.915462,19.506911,127.4,978850.62,978569.1837049647,281.4362950352952,267.5474018352952,284.2719059331711
-154.921961,19.509911,125.9,978851.94,978569.8171337822,282.12286621774547,268.3975000177455,284.8027934400072
-154.916957,19.502579,142.3,978847.66,978564.3379464508,283.32205354922917,267.8087921492292,284.9959086079669
-154.920954,19.544242,76.4,978856.51,978587.0496879088,269.46031209116336,261.13133689116336,277.57662628114673
-154.929621,19.550408,78.8,978857.15,978586.6594951152,270.49050488485955,261.89988648485956,277.2588607724307
-154.935464,19.560575,87.7,978854.26,978584.4904222634,269.76957773661707,260.20869913661704,276.0106142449792
-154.950128,19.566908,75.0,978857.64,978588.7716372926,268.86836270743515,260.69201270743514,275.0785452048629
-154.944789,19.501411,178.0,978841.7,978553.2507779564,288.44922204350587,269.04401804350584,284.0232522721732
-154.938288,19.502245,168.0,978843.38,978556.3851817275,286.99481827253476,268.67979427253476,284.6150453777582
-154.930964,19.509412,148.7,978846.22,978562.7501885162,283.469811483752,267.258834883752,282.85643868899984
-154.924632,19.514745,128.0,978849.97,978569.4433914006,280.52660859934986,266.5723045993499,282.03450183806143
-154.901957,19.536742,82.3,978855.45,978584.8017566862,270.6482433137717,261.67606191377166,280.0355107779782
-154.886303,19.522077,79.3,978858.68,978584.8943844865,273.7856155135669,265.1404881135669,284.013679746057
-154.87846,19.523411,72.3,978860.36,978587.131222474,273.2287775259465,265.3467761259465,285.486013231396
-154.8708,19.523743,71.3,978860.54,978587.458808219,273.08119178109337,265.3082083810934,286.2137426945132
-154.863796,19.517744,71.4,978862.14,978587.0870927864,275.0529072135687,267.2690220135687,287.75627475386875
-154.852459,19.515577,58.6,978861.99,978590.9156254682,271.074374531745,264.685919731745,285.5220320026701
-154.851955,19.508243,47.8,978864.67,978593.8333000507,270.8366999493446,265.6256395493446,286.8172818095299
-154.826626,19.509243,30.0,978866.14,978599.3853946307,266.75460536929313,263.48406536929315,287.2682502758753
-154.818127,19.512742,21.5,978865.48,978602.2082915992,263.2717084008036,260.9278214008036,285.948724625522
-154.810956,19.515908,13.9,978865.29,978604.7344569244,260.5555430756649,259.0401928756649,286.5107669062596
-154.850963,19.520243,51.2,978863.86,978593.4652478906,270.3947521094233,264.8130305094233,285.9403112062676
-154.859295,19.520744,59.6,978863.02,978590.9004422042,272.1195577958133,265.6220849958133,287.2556564484447
-154.846294,19.51691,35.6,978867.39,978598.091997125,269.2980028750608,265.4169620750608,287.98331699184365
-154.853634,19.503911,51.3,978864.77,978592.5067937141,272.2632062858902,266.6705828858902,288.69684171024534
-154.85696,19.500077,75.0,978859.33,978584.9724318621,274.35756813781336,266.18121813781335,286.7923522048436
-154.861293,19.506243,88.1,978857.09,978581.278279707,275.81172029301524,266.2072344930152,286.1251207343973
-154.856456,19.509077,89.2,978856.12,978581.0996178668,275.0203821331961,265.2959765331961,286.32792083635326
-154.866802,19.504744,96.7,978855.99,978578.5381979052,277.45180209481623,266.9097614948162,287.33416763523456
-154.870967,19.49491,127.3,978849.9,978568.5332992541,281.3667007458862,267.4887093458862,287.7314113796797
-154.866634,19.496411,107.9,978853.59,978574.6075362024,278.9824637975544,267.2194215975544,287.78256578139496
-154.854122,19.532908,35.7,978864.73,978598.9702387645,265.7597612354439,261.8678186354439,284.9957673540873
-154.861629,19.529242,54.0,978862.22,978593.1122041825,269.10779581742827,263.22082381742825,284.42616243892405
-154.871288,19.527409,70.3,978860.98,978587.9758621028,273.0041378971655,265.3401724971655,285.15194613083463
-154.865291,19.539576,36.1,978862.52,978599.2258544656,263.2941455343971,259.3585957343971,281.8637749135548
-154.824292,19.506077,21.5,978866.82,978601.829795113,264.990204886999,262.646317886999,287.20952132680026
-154.826794,19.500744,11.6,978869.17,978604.583430835,264.58656916499604,263.321960364996,287.5270984349672
-154.819134,19.502077,3.0,978868.65,978607.3141798542,261.3358201457886,261.0087661457886,287.2618105042082
-154.826794,19.491744,8.5,978867.21,978605.0296849066,262.18031509337015,261.25366209337017,286.65155351558894
-154.818967,19.493245,3.6,978865.35,978606.6276392821,258.7223607178312,258.32989591783115,286.1185810691149
-154.82063,19.488412,2.0,978864.61,978606.8473689976,257.7626310023479,257.54459500234793,285.5825251526054
-154.838132,19.501909,32.0,978863.2,978598.351522408,264.8484775919933,261.35990159199326,284.7586938158969
-154.84013,19.498744,47.5,978859.42,978593.386618163,266.0333818370709,260.8550268370709,284.48357386941586
-154.837796,19.49841,111.9,978840.41,978573.4861393131,266.9238606869476,254.7247464869476,284.2678103735801
-155.12263,19.398088,762.8,978739.42,978366.8921295461,372.52787045389414,289.3689400538941,304.8186218144636
-155.120127,19.394922,761.3,978741.07,978367.1761341199,373.89386588009074,290.89846248009076,306.4058624707961
-155.116465,19.39042,756.9,978740.89,978368.2796790279,372.6103209721623,290.0945967721623,306.77360175983057
-155.115962,19.38692,757.2,978740.94,978367.9893577262,372.95064227376133,290.4022126737613,307.31725351822195
-155.116465,19.381756,741.3,978745.19,978372.6047682072,372.5852317927638,291.7701883927638,308.8907711934356
-155.116465,19.381756,741.3,978745.17,978372.6047682072,372.5652317928616,291.7501883928616,308.8707711935334
-155.113292,19.377589,740.9,978743.52,978372.4928927853,371.02710721467156,290.2556710146716,307.54319940195876
-155.108135,19.366421,700.9,978740.67,978384.2074790135,356.4625209865626,280.05180478656257,298.59626034591645
-155.106289,19.363423,687.4,978740.28,978388.2047951393,352.0752048607683,277.13623166076826,296.0262125403115
-154.941128,19.434416,245.7,978824.24,978528.5539755326,295.6860244673444,268.9003018673444,288.7700944523932
-154.937466,19.431915,192.9,978832.87,978544.711735591,288.1582644090522,267.1286922090522,288.7552681740782
-154.926465,19.43075,129.2,978842.33,978564.310483941,278.01951605896465,263.93439045896463,284.53392076419436
-154.92146,19.437581,144.8,978840.87,978559.8812542575,280.9887457424775,265.20293934247746,285.14601888491256
-154.91496,19.442083,147.5,978840.51,978559.3026341108,281.20736588921864,265.12721088921865,285.90005646560184
-154.904797,19.442248,107.6,978846.4,978571.6296090625,274.7703909375705,263.0400541375705,283.35580353618695
-154.894955,19.438415,78.3,978848.99,978580.4580126429,268.53198735706974,259.99587795706975,282.4482617191327
-154.887463,19.432916,50.6,978851.24,978588.6983190242,262.54168097581714,257.02537017581716,281.58097788146097
-154.880963,19.426747,12.8,978853.17,978600.0190583268,253.15094167320058,251.75551127320057,280.8657103713074
-154.870129,19.435914,21.0,978852.04,978598.006307757,254.03369224304333,251.74431424304333,282.03948196220955
-154.864468,19.439747,23.2,978851.13,978597.5441040271,253.58589597290847,251.05667837290846,281.1530366113299
-154.8513,19.450581,9.7,978855.14,978602.3254817264,252.81451827357523,251.75704367357523,283.8392056711142
-154.848294,19.454913,8.8,978857.42,978602.84874446,254.5712555400096,253.61189714000957,282.3883417559395
-154.886624,19.422249,12.5,978852.0,978599.8571793886,252.14282061136328,250.78009561136327,280.5746762731524
-154.892789,19.414915,21.0,978848.9,978596.8181320044,252.08186799567193,249.79248999567193,280.5977749371156
-154.904462,19.409084,8.8,978852.93,978600.2548867151,252.6751132849604,251.71575488496038,282.2490557825985
-154.914303,19.402751,15.5,978851.58,978597.8283658377,253.7516341622686,252.0618551622686,281.97204583273964
-154.920636,19.398251,19.2,978850.69,978596.4317237935,254.25827620644122,252.1651306064412,281.33213018599815
-154.933133,19.391085,25.9,978851.57,978593.9583172458,257.6116827541264,254.7881165541264,282.2464155679322
-154.943967,19.378919,22.2,978849.0,978594.4134365998,254.5865634002257,252.16636380022572,282.746571482943
-154.954632,19.370753,7.9,978851.86,978598.3672280837,253.49277191632427,252.63152971632428,280.190975242247
-154.963132,19.364087,11.0,978851.95,978597.0339370804,254.9160629195394,253.7168649195394,281.0762466714249
-154.928296,19.401919,50.9,978849.95,978586.8524191128,263.09758088714443,257.54856468714445,282.36134563602576
-154.923291,19.407251,60.7,978848.34,978584.1283576908,264.2116423092084,257.5942497092084,281.1000039761521
-154.931134,19.411084,87.2,978845.92,978576.1639923962,269.7560076038353,260.2496380038353,282.40438194034056
-154.924801,19.41525,84.4,978846.74,978577.2640035556,269.47599644435104,260.27487724435105,282.40338298139704
-154.930629,19.456913,273.7,978823.5,978521.1846426562,302.3153573437594,272.4771307437594,292.2621323975115
-154.922634,19.456247,256.6,978826.34,978526.4255491081,299.914450891898,271.940432091898,291.9030323249676
-154.914623,19.45558,248.7,978824.78,978528.8264431987,295.9535568013089,268.84078020130886,289.4315798637463
-154.907132,19.454914,213.7,978829.48,978539.5931209914,289.8868790086126,266.5897324086126,287.7054393129638
-154.889798,19.462579,166.1,978836.83,978554.7217435909,282.10825640906114,264.00036660906113,286.5666985296582
-154.881802,19.462747,123.4,978845.41,978567.913181174,277.4968188260682,264.0439976260682,286.00438918510025
-154.879956,19.454081,85.7,978850.95,978579.0607185405,271.88928145950194,262.54643885950196,284.22572930055054
-154.884457,19.456081,92.7,978850.12,978577.0130033055,273.1069966944633,263.0010280944633,285.08503026285337
-154.864957,19.477745,103.3,978850.96,978574.9686250668,275.99137493316084,264.72981553316083,285.9790702090711
-154.859967,19.474913,79.6,978854.35,978582.1246368897,272.22536311030854,263.54753031030856,285.5962432652483
-154.85513,19.471912,70.7,978855.17,978584.7020866481,270.46791335195303,262.76034075195304,286.2504546021784
-154.863629,19.485744,96.3,978855.68,978577.5833528739,278.0966471261345,267.5982137261345,289.1011562610807
-154.856961,19.484411,66.8,978859.44,978586.6149448532,272.8250551467063,265.54265274670627,286.7587591646038
-154.846295,19.484245,35.1,978863.37,978596.392063149,266.97793685097713,263.15140505097713,285.8225221425149
-154.847302,19.495078,43.3,978863.64,978594.47518465,269.16481534997,264.44433594997,285.8635860078204
-154.8838,19.494579,143.3,978848.97,978563.5751347208,285.39486527920235,269.7725858792023,289.48828246530906
-154.890468,19.50191,142.7,978848.36,978564.17648214,284.18351786001585,268.6266492600159,286.4458013467776
-154.885799,19.506078,122.8,978851.98,978570.5564836368,281.42351636313833,268.0361059631383,286.00096604352916
-154.912136,19.454081,243.8,978825.85,978530.2541229614,295.59587703854777,269.01728863854777,290.1019583538554
-154.9118,19.459747,228.6,978831.27,978535.2673539206,296.00264607940335,271.08113127940334,290.9139769837555
-154.911296,19.469079,209.1,978836.15,978541.8159192444,294.3340807555942,271.5384169555942,290.77111852428743
-154.910793,19.474246,205.7,978836.78,978543.1584553601,293.6215446399292,271.1965420399292,290.3393006468623
-154.905956,19.469913,202.1,978837.33,978544.0241078557,293.30589214421343,271.27335434421343,290.72223608839073
-154.934627,19.450582,310.0,978815.62,978509.620571536,305.99942846398335,272.2038484639834,291.49798943046346
-154.926967,19.450248,270.4,978823.04,978521.8257331726,301.2142668274464,271.7357996274464,291.96657550824114
-154.922467,19.446916,243.8,978824.9,978529.8482601767,295.051739823306,268.473151423306,289.3819218312566
-154.918789,19.452581,326.4,978803.3,978504.6713798624,298.62862013769336,263.04514493769335,289.6880067719936
-154.944622,19.448415,335.0,978811.97,978501.7807201414,310.189279858605,273.668249858605,292.5444753494767
-154.950466,19.444581,351.4,978809.39,978496.5012059576,312.8887940424029,274.5798688424029,293.5736335553993
-154.95663,19.437248,358.8,978807.84,978493.8017668938,314.038233106141,274.92257470614095,294.7405938787108
-154.960292,19.433249,395.6,978798.57,978482.216100148,316.35389985190704,273.22637905190703,293.98667697282315
-154.952633,19.432249,336.2,978807.08,978500.4949716846,306.58502831531223,269.93317671531224,290.0148885544254
-154.952298,19.411084,224.9,978820.29,978533.654819565,286.635180435027,262.117032235027,282.8959846991356
-154.958966,19.406918,237.4,978817.56,978529.5605396223,287.99946037773043,262.11858717773043,283.0605816650924
-154.966962,19.411919,299.3,978808.05,978510.735265372,297.3147346280748,264.6856472280748,285.03453943599806
-154.97279,19.413752,348.7,978800.19,978495.5899281418,304.600071858149,266.585495258149,286.05612698755516
-154.975963,19.41625,369.1,978797.71,978489.4341574716,308.2758425283246,268.0372987283246,286.93151211732106
-155.14596,19.375922,781.0,978740.35,978360.0230646593,380.3269353406504,295.1838773406504,313.8166844978314
-155.148966,19.375088,840.5,978724.8,978341.6134594624,383.1865405376302,291.5569115376302,307.83185570076876
-155.150462,19.372089,845.6,978719.89,978339.8702330162,380.01976698380895,287.8341461838089,304.41629137440316
-155.155299,19.369922,860.1,978717.4,978335.2730898942,382.1269101058133,288.3605283058133,305.66083048648625
-155.158122,19.369091,865.9,978716.16,978333.4362651722,382.7237348278286,288.3250486278286,305.90143507353093
-155.161799,19.364255,889.5,978707.02,978325.8802563247,381.1397436753614,284.16823267536137,306.6037208627452
-155.167292,19.360091,863.6,978709.78,978333.6381262887,376.14187371137086,281.99392891137086,300.57435654648725
-155.164958,19.352423,807.0,978714.75,978350.6728646185,364.07713538152166,276.09960938152165,294.46277583159184
-155.163799,19.345757,784.4,978714.94,978357.2716342632,357.6683657367248,272.15464653672484,290.23285662380556
-155.163631,19.338424,767.2,978712.48,978362.1664371506,350.3135628494201,266.6749532494201,285.49964544740703
-155.163463,19.330925,726.8,978713.9,978374.212148195,339.6878518050071,260.4535694050071,280.34490003293473
-155.164791,19.322259,676.3,978718.22,978389.309687387,328.9103126130067,255.18143921300668,276.73008593225876
-155.0153,19.408251,470.1,978788.19,978457.8060963952,330.3839036046993,279.1345418046993,296.81681850485637
-155.024959,19.420418,504.2,978789.13,978447.9689088596,341.161091140355,286.194215540355,302.40569658960413
-155.024959,19.419918,502.8,978789.38,978448.3727441744,341.00725582556333,286.19300542556334,302.5778756488883
-155.024791,19.417752,504.1,978788.38,978447.8489609596,340.5310390404193,285.5750652404193,301.9793467697125
-155.024288,19.414917,503.3,978786.88,978447.9355327323,338.94446726772003,284.07570786772004,300.61497225789293
-155.022625,19.413252,496.4,978787.44,978449.9711100896,337.4688899103785,283.3523547103785,300.7906137195166
-155.020458,19.411251,486.1,978789.19,978453.0371457299,336.15285427006893,283.1592044700689,300.2722488545598
-155.018123,19.409418,479.3,978789.13,978455.0323897395,334.09761026047636,281.84528286047635,299.9162292166903
-155.012966,19.407085,445.9,978789.5,978465.209856663,324.29014333698433,275.6790171369843,294.74612100085864
-155.307124,19.295095,696.0,978707.19,978381.7003473081,325.48965269187465,249.61312469187465,275.9521742797493
-155.304621,19.294596,611.3,978725.19,978407.8138157731,317.3761842268286,250.7334808268286,276.2765043403038
-155.300456,19.287763,257.8,978800.06,978516.5438244526,283.5161755474983,255.41133514749828,276.4951345223458
-155.293955,19.284097,240.1,978801.88,978521.8015619809,280.07843801914714,253.90321621914714,271.97267628683335
-155.287135,19.278596,243.3,978797.31,978520.5044177085,276.80558229156304,250.28150289156304,267.3446838239031
-155.282801,19.274764,241.5,978794.44,978520.8446471323,273.5953528676182,247.2675058676182,264.89638462961676
-155.2913,19.270597,179.3,978806.75,978539.8116560736,266.9383439264493,247.3914165264493,266.4983403890125
-155.301966,19.266098,73.5,978827.69,978572.2207263353,255.46927366463933,247.45645066463933,264.9165010971627
-155.304133,19.263431,61.9,978829.56,978575.652052152,253.9079478480853,247.1597336480853,265.6430515477683
-155.299968,19.259931,0.5,978841.38,978594.4112896014,246.96871039865073,246.91420139865073,267.02201892831687
-155.159633,19.301428,202.9,978811.25,978534.2601766029,276.98982339713257,254.87007119713257,274.59202704521346
-155.172634,19.298259,161.0,978818.44,978547.0165984826,271.4234015173279,253.87150351732788,273.52246277565047
-155.177623,19.288928,93.9,978828.13,978567.2063137445,260.92368625546806,250.68689605546805,268.64389988644706
-155.185131,19.279262,50.6,978833.44,978580.0303838938,253.4096161061898,247.89330530618977,264.74902967334936
-155.18797,19.271763,29.0,978833.75,978586.2773236424,247.47267635760363,244.31115435760364,261.20450751607706
-155.192959,19.25743,1.8,978831.94,978593.8694528039,238.07054719608277,237.87431479608276,256.4481511190309
-155.189633,19.263764,18.3,978833.06,978589.1312210406,243.9287789594382,241.9337495594382,259.47536179076945
-155.143961,19.373589,779.9,978740.63,978360.2308197714,380.3991802285891,295.3760420285891,314.3531868296711
-155.106455,19.390254,873.8,978707.38,978332.1934460233,375.1865539767314,279.9266255767314,303.9860682842337
-155.105631,19.39042,865.8,978710.25,978334.6716654738,375.57833452615887,281.1905501261589,304.3786270942311
-155.105799,19.395587,778.7,978734.19,978361.8437350037,372.34626499621663,287.4539483962166,304.71168957031625
-155.103129,19.410086,723.0,978746.5,978379.8536303706,366.64636962942313,287.8263556294231,303.3898396102592
-155.102291,19.384921,759.6,978735.94,978367.1357453975,368.80425460240804,285.99418180240804,307.46160240067104
-155.085628,19.361756,622.2,978745.81,978408.2338175583,337.57618244178593,269.7451828417859,290.0228463544227
-155.27862,19.32576,892.0,978687.25,978322.9380625661,364.3119374339003,267.0678814339003,284.99010372200803
-155.272959,19.32076,851.3,978690.69,978335.2166142679,355.4733857320389,262.6663623320389,280.2082759058921
-155.260966,19.321594,836.6,978693.25,978339.8001476311,353.4498523689108,262.2453935689108,280.2837967211736
-155.253459,19.320926,811.1,978697.75,978347.63212641,350.1178735899739,261.69337378997386,280.58828998213437
-155.245799,19.320595,796.8,978700.38,978352.0266752682,348.3533247318119,261.4877823318119,280.80793660613256
-155.227961,19.326592,808.9,978698.44,978348.6302776337,349.80972236627713,261.62506216627713,281.456797163511
-155.226466,19.323593,756.8,978707.31,978364.5403131212,342.76968687889166,260.2648644788917,280.5292041102673
-155.220789,19.324425,739.3,978710.75,978369.9880882435,340.76191175647546,260.16490435647546,280.28709994766444
-155.21963,19.318594,658.3,978723.38,978394.6586743008,328.72132569923997,256.95477629923994,276.0421720345561
-155.211131,19.32276,709.1,978714.25,978379.2148104376,335.03518956236076,257.73052576236074,277.56858957010525
-155.204798,19.327426,746.6,978709.63,978367.9042143907,341.7257856093347,260.3329468093347,279.9042505676675
-155.205287,19.337591,824.8,978701.75,978344.3431977299,357.4068022700958,267.4887558700958,285.237507423533
-155.215464,19.364924,978.4,978693.0,978298.483841222,394.5161587779876,287.8529475779876,303.9179694958948
-155.2093,19.371424,990.4,978692.0,978295.1476801939,396.8523198061157,288.8808926061157,305.33261609953803
-155.19813,19.373924,985.8,978691.63,978296.7083283376,394.9216716623632,287.4517272623632,303.9566467604927
-155.19279,19.368257,997.2,978687.31,978292.8705089377,394.43949106230866,285.72674146230867,304.057795760049
-155.18896,19.366091,975.1,978692.69,978299.5680521945,393.1219478053972,286.8184960053972,304.4985163265235
-155.190135,19.361758,969.1,978690.94,978301.1750577254,389.7649422745453,284.1155984745453,301.410490706869
-155.180461,19.366422,925.8,978702.63,978314.8003915757,387.82960842433386,286.90074402433385,304.26534487301217
-155.179957,19.372089,934.4,978702.75,978312.4663575583,390.2836424417328,288.4172232417328,305.02444869728316
-155.173792,19.377424,920.6,978704.44,978317.0262188322,387.4137811677065,287.0518103677065,304.0992630594709
-155.170954,19.379755,922.7,978704.13,978316.5097993633,387.62020063668024,287.0292920366802,302.8542522617537
-155.176966,19.38309,914.4,978706.69,978319.2595190614,387.4304809385212,287.7444217385212,303.14626393573917
-155.180461,19.379591,926.5,978704.56,978315.3278684533,389.2321315467125,288.2269545467125,304.0413176424737
-155.184123,19.376422,932.3,978703.44,978313.359054718,390.08094528189395,288.44346388189393,305.0918620304143
-155.189967,19.378089,953.9,978698.5,978306.787547206,391.7124527939595,287.7201825939595,303.97852998704207
-155.197459,19.377424,979.4,978693.31,978298.8809230437,394.4290769563522,287.65684775635225,303.16619882424243
-155.032955,19.398919,483.8,978781.38,978453.049879157,328.33012084302027,275.58721244302023,292.9174559946821
-155.043789,19.381754,488.8,978774.0,978450.5367790743,323.4632209256524,270.17522252565243,288.6788363850068
-155.039135,19.375921,427.9,978783.5,978469.0050781247,314.4949218753027,267.8461196753027,288.35812970759997
-155.036464,19.380087,420.8,978786.25,978471.4318786168,314.81812138319947,268.9433469831995,288.7529433850353
-155.033626,19.383088,425.1,978785.81,978470.2740841932,315.53591580688953,269.19236400688953,288.72982043562155
-155.032955,19.386254,436.4,978784.75,978466.9649557199,317.78504428011365,270.20958908011363,288.69305247982436
-155.026455,19.388087,411.8,978787.63,978474.6617791224,312.96822087757755,268.07460847757756,287.7552208130775
-154.996625,19.394252,317.0,978806.81,978504.2728161078,302.53718389221467,267.97847789221464,288.09179341136075
-155.037792,19.392254,479.5,978780.63,978454.0004747773,326.62952522269916,274.35539422269915,292.18054322640694
-155.043132,19.38542,482.6,978778.44,978452.6575388821,325.78246111783665,273.17037431783666,293.3243099464294
-155.030788,19.391253,455.1,978785.88,978461.4753053129,324.40469468710944,274.79060288710946,293.798582472479
-155.038295,19.398586,495.4,978781.19,978449.4505998467,331.73940015328117,277.7318829532812,296.0338635429043
-155.046291,19.402419,551.7,978775.63,978432.2899633668,343.34003663319163,283.19480603319164,300.8441530718037
-155.051632,19.411252,575.2,978775.5,978425.5361141433,349.9638858566759,287.2567322566759,304.2282756704883
-155.059459,19.412086,596.2,978772.0,978419.1017079985,352.8982920014532,287.9017604014532,304.4650115269183
-155.066294,19.414085,617.3,978767.69,978412.7023914678,354.98760853218846,287.69079713218844,303.60033367616364
-155.074794,19.402087,696.4,978750.19,978387.6108910989,362.57910890108906,286.65897370108905,305.1260777370773
-155.069469,19.397753,653.2,978760.25,978400.6988796053,359.5511203947244,288.3405627947244,305.31397409267356
-155.062969,19.392586,616.5,978761.06,978411.7339430822,349.3260569178965,282.11645991789646,299.4275122619164
-155.059124,19.395253,603.9,978764.06,978415.7735479235,348.28645207651425,282.45048187651423,300.5295294151436
-155.069623,19.33009,114.2,978836.13,978563.2566875244,272.8733124756254,260.42345687562545,282.5160141532331
-155.071789,19.330924,130.4,978833.0,978558.3025181438,274.69748185621575,260.48153465621573,282.9320629795708
-155.076123,19.332091,159.0,978827.63,978549.5391571772,278.09084282279946,260.75698082279945,282.4937835461116
-155.082135,19.341089,347.6,978792.38,978491.8264862486,300.55351375136524,262.65885695136524,285.6597697822895
-155.081967,19.336758,275.6,978805.69,978513.807759919,291.88224008097313,261.8368792809731,284.75876593214974
-155.067792,19.324423,82.2,978838.5,978572.8163579401,265.68364205991384,256.7223624599138,278.0211524567443
-155.253122,19.39859,1106.8,978679.31,978260.7636259666,418.54637403343804,297.88525163343803,313.1548864807919
-155.147959,19.394088,842.0,978721.81,978342.2237804931,379.5862195069203,287.7930635069203,303.57572881661974
-155.14329,19.394088,825.8,978725.38,978347.2232663843,378.15673361567315,288.1296692156732,303.84151257467494
-155.146128,19.396255,834.3,978723.31,978344.7225361826,378.58746381744277,287.63374641744275,303.4951002375191
-155.15446,19.392088,859.9,978717.94,978336.5866874103,381.3533125896938,287.60873438969384,303.3001447232049
-155.159968,19.391589,870.5,978715.69,978333.2872714121,382.40272858785465,287.50255958785465,303.0076139563598
-155.152964,19.387923,858.6,978718.56,978336.7525557237,381.80744427640457,288.2045894764046,304.20304533277755
-155.16363,19.386921,884.4,978713.19,978328.7339453766,384.45605462335516,288.04053542335515,303.3128332482289
-155.171961,19.387589,901.1,978709.69,978323.6180337304,386.0719662695192,287.8358464695192,303.6306246982825
-155.176966,19.38309,914.4,978707.0,978319.2595190614,387.7404809385771,288.0544217385771,303.45626393579505
-155.165461,19.380755,899.9,978709.06,978323.6023338814,385.4576661186293,287.3523679186293,305.1741767462337
-155.161967,19.382588,889.6,978711.94,978326.884455231,385.05554476892576,288.07313196892574,304.0569293895226
-155.250299,19.388589,1092.3,978680.13,978264.6727645192,415.4572354807751,296.3768740807751,311.37168298893283
-155.249963,19.388256,1091.3,978680.06,978264.9625239358,415.0974760642275,296.1261326642275,311.02886829443406
-155.250619,19.389089,1092.6,978680.31,978264.6084415342,415.70155846583657,296.58849166583656,311.5916593936613
-155.250787,19.389423,1093.0,978680.5,978264.5038830127,415.99611698731314,296.83944298731313,311.8325813272399
-155.250787,19.388423,1092.0,978680.13,978264.7559578441,415.3740421559196,296.3263861559196,311.28191212840574
-155.251123,19.388256,1089.9,978680.5,978265.3945261348,415.1054738651728,296.2867556651728,310.99941368481444
-155.249963,19.388923,1091.5,978680.31,978264.9384929256,415.3715070744511,296.37836007445105,311.28362456796674
-155.24946,19.389089,1093.9,978679.75,978264.2072971396,415.54270286043175,296.28791266043174,311.4569433509216
-155.249124,19.389423,1093.8,978680.0,978264.257024974,415.74297502601985,296.49908662601985,311.6331165529389
-155.284295,19.405923,1024.2,978705.69,978286.6665902302,419.0234097697539,307.3671741697539,324.3002947288552
-155.285286,19.406257,1025.4,978704.13,978286.3151755374,417.81482446263544,306.0277672626354,322.8207378221705
-155.285286,19.407423,1032.0,978703.19,978284.3444626133,418.8455373866018,306.3389613866018,322.23843544326394
-155.283287,19.408423,1038.2,978703.94,978282.4878049915,421.45219500840176,308.26970740840176,322.87401993507535
-155.281289,19.40559,1024.5,978705.31,978286.5551879752,418.754812024883,307.065871024883,323.82410394304725
-155.283287,19.40409,1024.4,978704.06,978286.5012411042,417.5587588958442,305.8807196958442,325.43018650364473
-155.278618,19.411755,1093.2,978690.81,978265.7045208445,425.1054791555507,305.9270015555507,319.7590714775462
-155.279625,19.413588,1098.7,978689.63,978264.1110420267,425.51895797334146,305.74088137334144,320.13325382047265
-155.276619,19.416089,1084.7,978694.69,978268.5725207382,426.1174792617094,307.86565466170936,321.919033594551
-155.275124,19.417256,1084.5,978695.06,978268.7002481675,426.35975183255505,308.129730832555,322.1430510044404
-155.273125,19.418089,1080.4,978696.19,978270.0125233455,426.1774766544113,308.3944294544113,321.9770154546875
-155.270958,19.417922,1080.3,978696.31,978270.0339336919,426.2760663081426,308.5039209081426,322.1016799182715
-155.268288,19.418755,1074.4,978696.88,978271.9016478829,424.97835211711936,307.84941291711937,321.554877530598
-155.26429,19.419922,1075.0,978694.25,978271.7825230309,422.46747696911916,305.2731269691192,318.9131780488532
-155.266625,19.422922,1074.1,978694.88,978272.2299739562,422.6500260437606,305.5537922437606,320.18755536710955
-155.269799,19.421256,1077.4,978696.0,978271.1174152,424.8825848000124,307.4265916000124,321.08616935996235
-155.272286,19.420588,1080.7,978695.06,978270.0613261322,424.9986738678999,307.1829212678999,320.75610945967384
-155.275292,19.42109,1082.0,978692.94,978269.6885809825,423.25141901744064,305.29394301744065,319.4090370633694
-155.277626,19.419922,1087.0,978691.81,978268.079632096,423.7303679040633,305.2278019040633,318.888382800219
-155.279625,19.418421,1087.8,978691.75,978267.7478584516,424.00214154843707,305.41236114843707,320.44758684091977
-155.278618,19.411755,1093.2,978690.81,978265.7045208445,425.1054791555507,305.9270015555507,319.7590714775462
-155.282631,19.413922,1101.1,978687.44,978263.3893610716,424.05063892831095,304.01091912831095,318.23599596498485
-155.282296,19.417588,1095.5,978688.25,978265.3247262802,422.9252737198258,303.4960547198258,317.98788486750993
-155.280465,19.419922,1091.1,978689.81,978266.8144824706,422.9955175294308,304.0459777294308,318.96941035639674
-155.278298,19.423921,1086.1,978689.69,978268.5836077414,421.1063922585454,302.7019424585454,317.16508124846064
-155.275963,19.426588,1084.9,978689.25,978269.1048141166,420.1451858833898,301.87155768338977,319.25851225561047
-155.272622,19.427255,1083.3,978690.31,978269.636278562,420.67372143804096,302.574522038041,318.2694022367341
-155.270287,19.426753,1080.1,978691.63,978270.5953067623,421.03469323774334,303.28435143774334,319.50310678409386
-155.267632,19.425754,1077.9,978691.75,978271.2176376503,420.5323623496806,303.0218601496806,317.29353525348034
-155.266121,19.424087,1074.2,978693.25,978272.2650354719,420.98496452812105,303.87782892812106,318.7854955856404
-155.268456,19.424087,1076.8,978694.19,978271.4627403857,422.72725961427204,305.3366772142721,319.20195338108044
-155.271462,19.423755,1079.8,978693.94,978270.5182307021,423.42176929779816,305.70413289779816,319.51575251363295
-155.274132,19.423421,1079.9,978693.06,978270.4684744969,422.5915255032014,304.8629873032014,318.713121006014
-155.276619,19.422255,1084.1,978691.13,978269.1064895785,422.02351042150985,303.8370966215099,318.0844285887943
-155.264963,19.405755,1075.8,978689.69,978270.7344248848,418.9555751151638,301.67401071516383,316.49149571775763
-155.262292,19.406922,1074.5,978689.75,978271.2015555479,418.5484444521135,301.4086034521135,317.2342394356937
-155.260964,19.409422,1074.3,978690.13,978271.404633525,418.7253664750606,301.6073290750606,318.17511251200955
-155.26046,19.412089,1074.2,978690.75,978271.5863139776,419.16368602239527,302.0565504223953,316.69790585514784
-155.259621,19.415255,1074.7,978690.94,978271.6110911987,419.3289088011952,302.1672642011952,316.35015095753596
-155.258965,19.419254,1075.0,978690.19,978271.7447321119,418.44526788801886,301.2509178880189,316.01006235584265
-155.261452,19.420755,1075.6,978691.0,978271.644505048,419.35549495194573,302.09573415194575,316.4498722946484
-155.261452,19.418255,1075.2,978691.75,978271.6265024481,420.12349755188916,302.9073439518892,317.17422906717024
-155.262627,19.416089,1075.0,978692.19,978271.5656926768,420.6243073231308,303.4299573231308,317.0939428552733
-155.263298,19.413588,1076.7,978691.69,978270.8996546875,420.7903453124454,303.4106647124454,317.1462615869202
-155.263619,19.410422,1075.7,978691.38,978271.0291777636,420.3508222363889,303.0801596363889,316.99364693688716
-155.265953,19.408589,1081.8,978690.13,978269.0432192134,421.0867807866307,303.1511083866307,317.10789235945725
-155.267952,19.406422,1081.7,978689.75,978268.9515467574,420.7984532426344,302.87368264263444,316.6515707860422
-155.270455,19.406088,1078.8,978690.81,978269.8275280439,420.98247195617296,303.37385355617295,317.1967162182284
-155.273293,19.40509,1080.4,978690.44,978269.2773830368,421.16261696314905,303.37956976314905,317.7616617550646
-155.275963,19.40559,1091.3,978688.56,978265.942199811,422.61780018906575,303.6464567890657,317.6068845995003
-155.273629,19.403757,1083.3,978688.75,978268.3071554092,420.44284459075425,302.3436451907543,316.46997597353953
-155.269799,19.403257,1077.9,978689.44,978269.9451902028,419.4948097971501,301.98430759715006,316.7671362508807
-155.267632,19.404421,1077.4,978689.44,978270.1652837717,419.2747162282467,301.81872302824667,316.64219373997213
-155.271126,19.408755,1079.8,978693.44,978269.6697546378,423.7702453621896,306.0526089621896,320.1668660612042
-155.276787,19.426422,1085.3,978689.06,978268.9719907133,420.0880092867883,301.7707738867883,319.2281631977478
-155.276299,19.423587,1082.3,978690.94,978269.7372891551,421.2027108448092,303.2125294448092,317.7417928194414
-155.276131,19.422089,1081.9,978691.81,978269.7759600333,422.03403996676207,304.0874657667621,318.531503034508
-155.276131,19.420756,1081.1,978693.0,978269.9474011649,423.0525988350855,305.1932390350855,319.4467869519609
-155.276131,19.419423,1084.4,978693.38,978268.8536931836,424.52630681637675,306.3071876163767,320.1572244716389
-155.276131,19.418089,1086.1,978694.0,978268.2536519417,425.7463480583392,307.3418982583392,320.9850899110125
-155.275963,19.416922,1086.3,978694.44,978268.1259222159,426.31407778407447,307.88782438407446,321.76289919947624
-155.275795,19.415589,1085.0,978694.88,978268.4516665837,426.4283334163483,308.1438034163483,322.1477969849439
-155.275628,19.414256,1085.6,978694.69,978268.1911254878,426.4988745121518,308.1489337121518,322.0907919057986
-155.275628,19.412755,1085.6,978694.44,978268.1062314174,426.3337685825536,307.9838277825536,322.21242171999376
-155.275124,19.411421,1090.2,978692.69,978266.6113501516,426.0786498483503,307.22722624835035,321.00794919299176
-155.274956,19.410256,1094.9,978690.94,978265.0951759784,425.8448240215657,306.48101582156573,320.7398920995565
-155.276787,19.409089,1100.7,978688.56,978263.2394665976,425.32053340249695,305.32442080249695,320.2982654143242
-155.27462,19.409588,1097.3,978690.13,978264.3168278331,425.81317216693424,306.18772076693426,320.97847986038914
-155.273293,19.409756,1090.8,978691.81,978266.3320486756,425.47795132442843,306.56111692442846,320.62756317036997
-155.273797,19.408423,1089.4,978691.5,978266.6886729965,424.81132700352464,306.04711780352466,320.1106144717242
-155.272957,19.407755,1083.1,978692.19,978268.5949142238,423.59508577617817,305.5176899761782,319.3035429212616
-155.271965,19.406922,1082.6,978691.25,978268.7021007905,422.547899209545,304.525012409545,318.38149917076856
-155.270958,19.406088,1079.3,978690.88,978269.6732407628,421.20675923721865,303.54363183721864,317.7617458930829
-155.269951,19.405255,1077.5,978690.63,978270.1815781465,420.44842185347807,302.98152685347804,317.64819784240024
-155.269127,19.404421,1078.6,978689.56,978269.794994096,419.765005904017,302.178191104017,316.84516167189
-155.268457,19.403257,1078.2,978689.13,978269.8526177674,419.27738223259803,301.734174632598,316.5074859924112
-155.284127,19.424088,1226.6,978654.69,978225.2399153904,429.4500846095616,295.7286058095616,313.54967385730686
-155.283623,19.423922,1226.5,978653.63,978225.2613776344,428.3686223656405,294.6580453656405,314.7490040852143
-155.283791,19.423922,1226.5,978654.38,978225.2613776344,429.1186223656405,295.4080453656405,314.47087793562304
-155.283959,19.424088,1226.3,978654.38,978225.3324813046,429.0475186953554,295.3587452953554,313.6325125952252
-155.284127,19.424088,1226.6,978654.63,978225.2399153904,429.39008460962214,295.66860580962214,313.4896738573674
-155.284295,19.424256,1225.6,978655.06,978225.557974873,429.50202512706164,295.88956432706163,313.1735709751007
-155.284462,19.424256,1224.9,978655.38,978225.7739621646,429.6060378353577,296.0698896353577,313.00192974472714
-155.28463,19.424256,1224.5,978656.56,978225.897383534,430.6626164660556,297.1700754660556,313.8545847358631
-155.285119,19.42459,1223.9,978655.81,978226.1014152467,429.7085847533308,296.2814545533308,312.4658371726303
-155.285119,19.42459,1229.3,978654.31,978224.4352285764,429.87477142363787,295.85894402363783,312.73539937753515
-155.285286,19.424756,1230.5,978654.06,978224.0743587766,429.9856412234949,295.83899222349487,312.74745155801264
-155.285454,19.424756,1230.9,978654.06,978223.950937802,430.10906219808385,295.9188059980838,312.8082052610431
-155.285622,19.424921,1231.4,978653.94,978223.8059984315,430.13400156842545,295.88923636842543,312.7445151389105
-155.28579,19.424921,1232.4,978653.75,978223.4974461423,430.25255385774653,295.8987706577465,312.8261250051738
-155.277291,19.419754,1087.3,978692.06,978267.9775556824,424.0824443176389,305.5471729176389,319.21545737944206
-155.277459,19.419922,1086.4,978692.13,978268.2647761474,423.8652238525683,305.4280686525683,319.1263210324722
-155.277626,19.419922,1086.8,978691.81,978268.1413467854,423.6686532146996,305.1878908146996,318.85067390209764
-155.277626,19.420088,1087.8,978691.44,978267.8421648006,423.59783519932535,305.00805479932535,318.75902196710086
-155.277794,19.420088,1087.5,978691.44,978267.9347367769,423.50526322307996,304.94818822307997,318.6784443321546
-155.27813,19.420256,1087.7,978691.25,978267.8825266808,423.36747331917286,304.78859471917286,318.5728785014711
-155.278298,19.420422,1089.0,978690.88,978267.490773019,423.38922698097304,304.66862498097305,318.60992373262354
-155.278466,19.420422,1087.9,978691.06,978267.8302035033,423.229796496802,304.629114296802,318.47711720925224
-155.278618,19.420588,1086.4,978691.25,978268.3024550746,422.9475449253805,304.5103897253805,318.3535584353949
-155.278618,19.420756,1087.9,978690.81,978267.8490998162,422.9609001838835,304.3602179838835,318.2554721608973
-155.278786,19.420756,1088.3,978690.69,978267.7256704982,422.9643295017304,304.3200401017304,318.28355937015965
-155.279122,19.420922,1087.7,978690.56,978267.9202061214,422.639793878654,304.060915278654,318.1092823991561
-155.279122,19.42109,1088.2,978690.38,978267.7754244118,422.60457558825146,303.9711879882515,318.09387857907495
-155.279458,19.421256,1088.8,978689.94,978267.5996723446,422.34032765531447,303.6415292553145,318.7921576803059
-155.279793,19.421422,1090.4,978689.31,978267.1153474232,422.1946525768144,303.3214253768144,318.68994860735125
-155.280129,19.421589,1090.6,978689.06,978267.0630814019,421.99691859818995,303.10188779819,318.94301247779
-155.280297,19.421755,1090.0,978689.0,978267.2576171411,421.74238285887986,302.9127628588799,319.6216721112328
-155.280632,19.421921,1091.0,978688.56,978266.9584363821,421.60156361793634,302.66292561793637,319.9656049080804
-155.280953,19.422089,1091.4,978688.38,978266.844512613,421.5354873869801,302.55324218698007,320.1893662474036
-155.281289,19.422255,1091.4,978688.0,978266.8539048395,421.1460951605113,302.1638499605113,320.0556350728322
-155.281624,19.422589,1091.9,978687.63,978266.7185163151,420.91148368490394,301.8747294849039,320.01674771808496
-155.036633,19.33259,30.0,978850.63,978589.3918878031,261.23811219690833,257.96757219690835,280.93443131706357
-155.036801,19.33259,30.0,978850.31,978589.3918878031,260.91811219695956,257.6475721969596,280.595388030062
-155.036801,19.33259,30.0,978850.31,978589.3918878031,260.91811219695956,257.6475721969596,280.595388030062
-155.036969,19.33259,30.0,978850.44,978589.3918878031,261.0481121968478,257.7775721968478,280.71043527745354
-155.037137,19.332424,30.0,978850.44,978589.3825330493,261.0574669506168,257.7869269506168,280.7621874745932
-155.037289,19.332424,30.0,978850.44,978589.3825330493,261.0574669506168,257.7869269506168,280.81229847817036
-155.037457,19.332424,30.0,978850.81,978589.3825330493,261.42746695072856,258.1569269507286,281.2970888959446
-155.037625,19.332256,30.0,978850.75,978589.3730656567,261.37693434325047,258.1063943432505,281.30469402351315
-155.037961,19.332256,30.0,978850.88,978589.3730656567,261.5069343432551,258.23639434325514,281.40604787899906
-155.038129,19.33209,30.0,978850.81,978589.3637110387,261.4462889613351,258.1757489613351,281.36993581559756
-155.038129,19.33209,30.0,978850.88,978589.3637110387,261.51628896128386,258.2457489612839,281.43993581554633
-155.038296,19.33209,30.0,978850.63,978589.3637110387,261.26628896128386,257.9957489612839,281.16925916628634
-155.038296,19.33209,30.0,978850.5,978589.3637110387,261.1362889612792,257.8657489612792,281.0392591662817
-155.038632,19.33209,30.0,978850.5,978589.3637110387,261.1362889612792,257.8657489612792,280.99659079218264
-155.0388,19.33209,30.0,978850.44,978589.3637110387,261.0762889612233,257.80574896122334,280.9151218941121
-155.038968,19.33209,30.0,978850.63,978589.3637110387,261.26628896128386,257.9957489612839,281.0837026460765
-155.039136,19.331922,30.0,978850.56,978589.3542438049,261.2057561951224,257.9352161951224,281.04491237146345
-155.039303,19.331922,30.0,978850.63,978589.3542438049,261.27575619507115,258.00521619507117,281.0935308341564
-155.039303,19.331922,30.0,978850.63,978589.3542438049,261.27575619507115,258.00521619507117,281.0935308341564
-155.278466,19.399923,1106.0,978682.13,978261.0858281959,421.04417180409655,300.47026380409653,314.713670026358
-155.094631,19.39392,737.6,978743.75,978374.4338644926,369.3161355074262,288.9044587074262,306.5146320350149
-155.095134,19.394253,743.0,978743.13,978372.7861133125,370.3438866875367,289.3435126875367,306.4005130773868
-155.095957,19.394254,746.6,978742.31,978371.6751264066,370.6348735934589,289.2420347934589,305.93408057121195
-155.096964,19.39442,753.0,978740.63,978369.7093233248,370.9206766751595,288.8301226751595,306.17463451912215
-155.097788,19.394588,760.9,978738.94,978367.2807078502,371.65929214970674,288.70749594970675,307.0811003160758
-155.098795,19.39442,768.4,978736.88,978364.956561964,371.9234380359994,288.15400683599944,305.88269580891506
-155.100459,19.39392,775.1,978735.06,978362.8605582516,372.1994417484384,287.6995899484384,304.787562614786
-155.101298,19.393421,783.7,978732.81,978360.1782446038,372.6317553962581,287.19434879625805,304.8048443094855
-155.102122,19.393421,787.2,978732.0,978359.0980841198,372.90191588015296,287.08294628015295,305.65040943775176
-155.103129,19.392921,802.1,978728.13,978354.4714531269,373.6585468731355,286.2152090731355,303.50525667225236
-155.104121,19.392755,814.7,978724.88,978350.5735373345,374.30646266555414,285.48949806555413,303.77145205410847
-155.105128,19.392755,818.0,978724.25,978349.5551151178,374.6948848821921,285.5181608821921,304.15256519347884
-155.105296,19.391921,837.2,978719.06,978343.5826555759,375.47734442411456,284.20747482411457,305.2780406667333
-155.105464,19.391254,847.9,978716.44,978340.242851638,376.1971483619418,283.7607861619418,305.8659032133846
-155.105631,19.390588,866.2,978711.44,978334.5577153135,376.882284686435,282.45089308643503,305.8351835704234
-155.104456,19.388755,865.6,978711.13,978334.6393166416,376.4906833583955,282.1247025583955,305.3226519935696
-155.104122,19.388088,838.5,978718.0,978342.9649009715,375.0350990284933,283.6235060284933,303.27787960596015
-155.103801,19.387088,810.8,978725.5,978351.4569493209,374.0430506791454,285.6512562791454,304.61099778957475
-155.10313,19.386255,808.3,978726.06,978352.1814268535,373.8785731465323,285.7593237465323,303.914291182305
-155.102123,19.384921,802.4,978726.56,978353.926896525,372.63310347509105,285.15706027509106,303.15459734958864
-155.101802,19.384088,809.8,978723.75,978351.5960979682,372.1539020318305,283.8711256318305,302.81532949684396
-155.101467,19.383254,795.4,978725.81,978355.9930442582,369.81695574184414,283.10403854184415,302.1177499791718
-155.100292,19.382255,778.0,978729.25,978361.306557842,367.94344215805177,283.12743815805175,302.37516981813087
-155.099636,19.380588,764.3,978731.75,978365.4404950805,366.3095049194526,282.9870475194526,300.8381231802887
-155.106791,19.390254,877.7,978708.31,978330.9898897237,377.32011027634144,281.63501167634143,306.2141878556853
-155.107966,19.389921,867.8,978710.69,978334.026261032,376.6637389679672,282.05791856796725,305.1496638674544
-155.108622,19.388421,844.5,978716.38,978341.1320588209,375.2479411790846,283.1822401790846,303.10175935016434
-155.109294,19.38692,840.8,978717.19,978342.1891151591,375.000884840847,283.33855044084703,303.6669935451741
-155.109797,19.386087,831.4,978720.44,978345.0429919962,375.3970080037834,284.75944280378343,305.8668102624501
-155.110453,19.385755,816.2,978724.88,978349.7151361152,375.16486388479825,286.18437228479826,306.5335380193196
-155.111125,19.384921,801.2,978729.13,978354.2972344529,374.832765547093,287.487543947093,306.2143748714052
-155.111796,19.384254,786.5,978733.19,978358.7962150889,374.3937849110225,288.6511279110225,305.60138075328484
-155.113123,19.382921,761.8,978739.5,978366.3438113438,373.15618865622673,290.10627625622675,308.83700570059943
-155.104624,19.393588,804.8,978727.94,978353.6758838231,374.2641161768697,286.5264297768697,303.458806199458
-155.10496,19.394754,794.1,978730.75,978357.0439568576,373.7060431423597,287.1348493423597,304.991512367239
-155.105464,19.395587,782.7,978733.94,978360.6092632102,373.33073678973597,288.0023481897359,305.5658531997359
-155.106288,19.396255,773.3,978736.44,978363.5480267606,372.8919732393697,288.5883538393697,305.1333963669198
-155.106791,19.397087,768.3,978737.63,978365.1381445564,372.4918554435717,288.7333260435717,304.78612867507354
-155.108622,19.398753,755.7,978740.88,978369.1209246421,371.75907535792794,289.3741727579279,306.3321223824982
-155.108958,19.400753,753.0,978741.44,978370.067249223,371.3727507769363,289.2821967769363,304.69362636137396
-155.108286,19.401753,751.5,978741.69,978370.586708982,371.1032910179347,289.17626401793467,304.70587645792796
-155.10763,19.40342,742.7,978743.06,978373.3968248777,369.66317512234673,288.6955065223467,303.99036015783406
-155.037961,19.33209,30.0,978849.38,978589.3637110387,260.01628896128386,256.7457489612839,279.9597864875087
-155.038129,19.33209,30.0,978849.44,978589.3637110387,260.0762889612233,256.80574896122334,279.9999358154858
-155.038296,19.33209,30.0,978849.31,978589.3637110387,259.9462889613351,256.6757489613351,279.84925916633756
-155.037793,19.332256,30.0,978849.25,978589.3730656567,259.87693434325047,256.6063943432505,279.79332720899464
-155.278466,19.399923,1106.0,978682.13,978261.0858281959,421.04417180409655,300.47026380409653,314.713670026358
-155.054616,19.722401,7.0,978861.94,978618.6465897284,243.2934102715226,242.5302842715226,254.04453126916005
-155.301293,19.437587,1204.0,978656.13,978232.9773161034,423.1526838965947,291.89501189659467,306.23715353251526
-155.275292,19.43192,1218.3,978656.31,978228.2441600667,428.0658399333479,295.2492105333479,313.0581762375591
-155.274956,19.43192,1218.5,978656.25,978228.1824492083,428.0675507916603,295.2291177916603,313.8620981244517
-155.27462,19.43192,1218.7,978656.06,978228.1207383793,427.93926162074786,295.07902502074785,314.02770810556615
-155.274285,19.43192,1219.1,978656.0,978227.9973167251,428.0026832749136,295.0988394749136,314.220295879931
-155.273964,19.43192,1219.0,978656.0,978228.0281721192,427.97182788082864,295.07888588082864,314.258443783857
-155.273461,19.432088,1218.9,978655.94,978228.068537096,427.87146290391684,294.98942270391683,314.1387716822259
-155.272957,19.432922,1219.0,978656.06,978228.0848908181,427.97510918194894,295.08216718194893,313.93327677793087
-155.272622,19.432088,1218.8,978656.0,978228.0993925161,427.90060748392716,295.02946908392715,314.21007085328506
-155.272118,19.432088,1217.7,978656.44,978228.4388022282,428.0011977717513,295.2499791717513,314.30267235266496
-155.27163,19.432088,1216.5,978656.88,978228.8090675337,428.07093246630393,295.4505354663039,314.32225077055926
-155.271294,19.432088,1215.2,978657.25,978229.210188528,428.0398114719428,295.56113787194283,314.18227543388866
-155.270791,19.432088,1214.3,978657.5,978229.4878878208,428.012112179189,295.631554779189,313.81482021972556
-155.270455,19.432088,1211.3,978658.25,978230.4135530095,427.8364469904918,295.7829435904918,313.4996478119577
-155.270119,19.432088,1209.4,978658.69,978230.9998082712,427.6901917287614,295.8438225287614,313.2923455622769
-155.269799,19.432088,1207.6,978659.13,978231.5552085015,427.5747914984822,295.92465469848224,313.139547522879
-155.269631,19.432088,1206.5,978659.44,978231.8946199764,427.54538002354093,296.01516302354094,313.09243864917505
-155.269127,19.432088,1205.5,978659.63,978232.2031760258,427.4268239742378,296.0056249742378,312.94866888856916
-155.268792,19.432088,1204.7,978659.88,978232.4500209562,427.4299790437799,296.0959944437799,312.93459407531054
-155.268288,19.43192,1203.6,978660.19,978232.7799233501,427.41007664985955,296.1960118498596,312.9498590212704
-155.267952,19.43192,1202.9,978660.44,978232.9959128456,427.4440871543484,296.30633495434836,312.95890037555415
-155.267632,19.431755,1202.6,978660.56,978233.0791401808,427.4808598192176,296.3758130192176,313.0351297964519
-155.267128,19.431755,1201.7,978660.75,978233.3568410982,427.39315890183207,296.38622830183203,312.8260181551526
-155.266793,19.431755,1201.7,978660.75,978233.3568410982,427.39315890183207,296.38622830183203,312.24568309686595
-155.266289,19.431589,1201.6,978660.81,978233.3783005745,427.43169942556415,296.43567062556417,311.8508966455222
-155.265953,19.431589,1201.4,978661.0,978233.4400119265,427.559988073539,296.585762873539,311.9221809294456
-155.265618,19.431421,1202.0,978660.81,978233.2453685916,427.5646314084297,296.52499540842973,311.9890666268072
-155.26513,19.431421,1201.9,978660.81,978233.2762242582,427.5337757418165,296.50504154181647,311.92166921426036
-155.264794,19.431421,1201.9,978660.81,978233.2762242582,427.5337757418165,296.50504154181647,311.9023281212319
-155.26429,19.431255,1202.2,978660.63,978233.1742612257,427.45573877426796,296.394299174268,311.8950041120056
-155.263955,19.431255,1203.0,978660.38,978232.9274159987,427.4525840013521,296.3039300013521,311.88608754460637
-155.263451,19.431087,1203.1,978660.25,978232.8870511447,427.36294885526877,296.20339305526875,311.8733395302805
-155.263131,19.431087,1202.9,978660.19,978232.9487624345,427.2412375654094,296.10348536540937,311.7093028883139
-155.262795,19.430921,1202.3,978660.31,978233.1245004729,427.1854995271424,296.11315812714236,311.7122299415154
-155.262291,19.430921,1201.4,978660.38,978233.4022014325,426.97779856750276,296.0035733675028,311.1592959125833
-155.261956,19.430755,1200.5,978660.69,978233.6705066862,427.0194933137391,296.14338431373903,311.43833893857493
-155.26162,19.430755,1199.6,978660.88,978233.9482079424,426.93179205758497,296.153799257585,311.4666424949951
-155.261132,19.430587,1198.5,978661.13,978234.2781116974,426.8518883025972,296.1938153025972,311.70310248886034
-155.26046,19.430587,1197.8,978661.13,978234.4941017332,426.63589826680254,296.05413786680253,311.5698903650884
-155.260292,19.430587,1198.0,978661.0,978234.4323902931,426.56760970689356,295.96404570689356,311.45814422806535
-155.259957,19.430587,1199.3,978660.44,978234.0312660182,426.4087339817779,295.6634465817779,311.0512244025758
-155.259621,19.430587,1204.2,978658.88,978232.519338382,426.3606616180623,295.0811860180623,310.0948676530353
-155.259453,19.430587,1207.7,978657.88,978231.4393921745,426.44060782552697,294.779569225527,309.88837129329
-155.259285,19.430253,1208.7,978657.56,978231.1119318773,426.4480681227287,294.67801152272875,311.1269523303795
-155.258965,19.430088,1209.7,978657.25,978230.7940372751,426.4559627248673,294.5768881248673,312.4301360651861
-155.258797,19.429922,1209.7,978657.19,978230.7846417673,426.4053582326742,294.5262836326742,312.8488458716697
-155.258629,19.429754,1209.6,978657.13,978230.8059886888,426.32401131116785,294.4558385111678,312.7992638801083
-155.258126,19.429588,1209.6,978657.0,978230.7965933171,426.2034066829365,294.33523388293645,310.40500740091653
-155.25779,19.429422,1209.7,978657.0,978230.7563424419,426.2436575581087,294.3645829581087,309.8885690321787
-155.037457,19.332424,30.0,978848.75,978589.3825330493,259.3674669506727,256.0969269506727,279.23708889588875
-155.037457,19.332424,30.0,978848.88,978589.3825330493,259.49746695067734,256.22692695067735,279.3670888958934
-155.037625,19.332424,30.0,978848.81,978589.3825330493,259.42746695072856,256.1569269507286,279.3102277971271
-155.037625,19.332256,30.0,978848.94,978589.3730656567,259.5669343431946,256.2963943431946,279.49469402345727
-155.037793,19.332256,30.0,978848.88,978589.3730656567,259.5069343432551,256.23639434325514,279.4233272089993
-155.037961,19.332256,30.0,978848.25,978589.3730656567,258.87693434325047,255.60639434325046,278.7760478789944
-155.037961,19.33209,30.0,978848.81,978589.3637110387,259.4462889613351,256.1757489613351,279.38978648755995
-155.038129,19.33209,30.0,978849.06,978589.3637110387,259.6962889613351,256.4257489613351,279.61993581559756
-155.038129,19.33209,30.0,978849.19,978589.3637110387,259.8262889612233,256.55574896122334,279.7499358154858
-155.038296,19.33209,30.0,978849.06,978589.3637110387,259.6962889613351,256.4257489613351,279.59925916633756
-155.038296,19.33209,30.0,978848.94,978589.3637110387,259.5762889612233,256.30574896122334,279.4792591662258
-155.038464,19.33209,30.0,978848.94,978589.3637110387,259.5762889612233,256.30574896122334,279.4580181775169
-155.038632,19.33209,30.0,978848.31,978589.3637110387,258.9462889613351,255.67574896133507,278.8065907922385
-155.0388,19.33209,30.0,978848.75,978589.3637110387,259.3862889612792,256.1157489612792,279.22512189416796
-155.0388,19.33209,30.0,978848.75,978589.3637110387,259.3862889612792,256.1157489612792,279.22512189416796
-155.0388,19.33209,30.0,978849.0,978589.3637110387,259.6362889612792,256.3657489612792,279.47512189416796
-155.038968,19.331922,30.0,978848.94,978589.3542438049,259.5857561950106,256.31521619501063,279.44658682470833
-155.253122,19.405589,1133.0,978673.69,978253.0747829556,420.61521704436745,297.09782304436743,311.7694371898445
-155.252954,19.404589,1128.8,978674.75,978254.3142267986,420.4357732014032,297.3762548014032,311.8068922680528
-155.252954,19.404255,1126.7,978675.25,978254.9433354916,420.3066645084182,297.47608390841816,312.12440895523844
-155.253122,19.403922,1124.5,978675.63,978255.6033584963,420.0266415036749,297.43590050367493,312.3119908438706
-155.25329,19.403588,1122.4,978676.13,978256.2324690943,419.89753090566956,297.53572770566956,312.63320151162645
-155.25329,19.403422,1120.3,978676.75,978256.8710782469,419.8789217531448,297.7460563531448,313.0577191903029
-155.25329,19.403088,1118.2,978677.38,978257.5001905251,419.8798094749218,297.9758818749218,313.5033499634793
-155.25329,19.402588,1116.3,978677.81,978258.0582056502,419.75179434986785,298.05500094986786,313.77486556812414
-155.253458,19.402089,1114.5,978678.19,978258.5854214551,419.6045785448514,298.1040175448514,314.0007938631615
-155.253458,19.401089,1113.7,978678.38,978258.7757479304,419.60425206960645,298.19090546960643,312.78447458491667
-155.253458,19.400089,1113.0,978678.5,978258.9352199489,419.5647800511215,298.22774605112147,312.85024469852976
-155.25329,19.399423,1111.0,978678.94,978259.5147142175,419.4252857824322,298.30628778243215,313.13673387737674
-155.25329,19.398923,1108.8,978679.25,978260.1653069387,419.0846930613043,298.2055346613043,313.27435898376837
-155.253122,19.39859,1106.9,978679.56,978260.7327688793,418.82723112078384,298.1552069207838,313.4147371495149
-155.253122,19.39859,1106.8,978679.44,978260.7636259666,418.6763740333263,298.0152516333263,313.28488648068014
-155.252954,19.39809,1105.4,978679.69,978261.1673643684,418.5226356314961,298.01413843149606,313.4213441923986
-155.252634,19.397256,1104.9,978679.63,978261.2745125383,418.3554874616675,297.9014992616675,312.50260052053324
-155.25213,19.396423,1103.8,978679.56,978261.566861566,417.99313843401615,297.65907003401617,312.29644498634354
-155.251962,19.395923,1102.1,978679.69,978262.0631746859,417.62682531401515,297.47808751401516,312.3013036084427
-155.251794,19.395423,1099.9,978680.06,978262.7137745753,417.3462254247861,297.4373272247861,312.49875092896724
-155.251626,19.39509,1098.0,978680.38,978263.2812418999,417.09875810006633,297.3969941000663,312.6612242777596
-155.251291,19.394422,1096.6,978680.56,978263.6754925051,416.8845074949786,297.3353686949786,312.7609361752004
-155.250787,19.393756,1098.2,978679.75,978263.1441412468,416.6058587532025,296.88229115320246,312.1676166254783
-155.250619,19.393423,1100.1,978679.06,978262.5390372925,416.52096270758193,296.5902609075819,311.67159505366783
-155.250299,19.393257,1102.3,978678.13,978261.8507996984,416.27920030162204,296.10865890162205,311.0395483568734
-155.250299,19.393089,1102.3,978678.06,978261.841306244,416.21869375603274,296.04815235603274,310.986080744913
-155.249963,19.392589,1102.3,978678.88,978261.813052472,417.0669475280447,296.8964061280447,311.86169389774284
-155.249292,19.391923,1100.8,978679.38,978262.2382764549,417.14172354515176,297.13470914515176,311.80634222563685
-155.248956,19.391256,1098.6,978679.63,978262.8794456219,416.75055437814444,296.9833795781444,311.56864010822454
-155.247964,19.390422,1095.5,978679.88,978263.7888957817,416.09110421827063,296.66188521827064,311.61512837305764
-155.247461,19.389923,1093.2,978679.88,978264.4704183973,415.40958160266746,296.23110400266745,311.44194973141816
-155.247293,19.389589,1091.1,978679.94,978265.0995502411,414.84044975880533,295.8909099588053,311.30780920972654
-155.246957,19.389257,1089.2,978680.13,978265.6670813466,414.4629186533857,295.72051305338573,311.0018048385479
-155.246789,19.388757,1087.3,978680.44,978266.2251216356,414.2148783643497,295.6796069643497,310.3296330341931
-155.246622,19.388256,1085.0,978680.88,978266.9065361139,413.9734638860682,295.6889338860682,310.4872899432036
-155.246454,19.387924,1082.8,978681.25,978267.5666422206,413.6833577794023,295.6386673794023,310.67164952531255
-155.246286,19.38759,1080.7,978681.69,978268.1957789143,413.4942210856825,295.6784684856825,310.9355028985171
-155.245965,19.387422,1076.8,978682.13,978269.3897292884,412.740270711598,295.349688311598,311.00787969552385
-155.24563,19.386922,1075.0,978682.31,978269.916917783,412.3930822170805,295.19873221708053,311.05236375171444
-155.245126,19.386257,1073.0,978682.69,978270.4965013998,412.1934986001579,295.2171846001579,311.254384726505
-155.244623,19.385589,1072.0,978682.44,978270.7673414426,411.6726585573051,294.8053625573051,310.85864972219747
-155.244287,19.385257,1071.0,978682.94,978271.0571627811,411.88283721881453,295.1245592188145,311.07072086833966
-155.243631,19.384424,1067.6,978684.06,978272.0592672867,412.00073271337897,295.613115913379,310.4347722781813
-155.243127,19.383922,1064.4,978684.75,978273.0183563677,411.73164363228716,295.69288443228714,310.85348450058655
-155.242792,19.383422,1060.9,978685.19,978274.0701337085,411.1198662914103,295.46267009141025,310.9932956973441
-155.242288,19.382923,1057.2,978685.5,978275.1836855486,410.31631445139647,295.06248485139645,310.9823517243936
-155.2418,19.382423,1053.5,978685.81,978276.2971835152,409.5128164849011,294.66235348490113,310.95895037835317
-155.241296,19.381589,1049.8,978686.38,978277.391819745,408.9881802550517,294.54108385505174,311.1506448135807
-155.240457,19.380756,1047.3,978686.25,978278.1162209138,408.1337790861726,293.9592276861726,309.4167862008345
-155.239954,19.380256,1045.2,978686.63,978278.7359993102,407.8940006898483,293.9483870898483,309.14870752948207
-155.265954,19.401924,1121.7,978677.94,978256.3543975614,421.585602438543,299.300111838543,316.12878510370376
-155.265131,19.40209,1119.8,978677.25,978256.950061842,420.2999381580157,298.2215817580157,314.797048450025
-155.264459,19.402589,1123.7,978676.75,978255.7748540535,420.97514594648965,298.47161934648966,315.49726025004543
-155.263299,19.403256,1127.2,978676.31,978254.7325736333,421.57742636674084,298.6923367667408,316.0582789701548
-155.262292,19.403756,1129.2,978675.81,978254.1437056946,421.6662943054689,298.5631687054689,315.3312793319908
-155.261453,19.404089,1132.2,978675.06,978253.2368305507,421.8231694493443,298.3929898493443,313.92414426952706
-155.260965,19.404421,1136.2,978674.31,978252.0213340251,422.28866597497836,298.42241437497836,314.3664965001879
-155.25979,19.404923,1141.4,978672.69,978250.4451727222,422.24482727772556,297.81168207772555,314.3618336552778
-155.258127,19.405589,1142.7,978672.31,978250.0816921365,422.228307863581,297.653439263581,314.3514537199238
-155.256631,19.405423,1142.0,978672.13,978250.2883024566,421.8416975433938,297.3431415433938,312.4305598636535
-155.255121,19.405255,1138.4,978672.81,978251.3896406,421.420359400101,297.31426820010097,311.9816683140192
-155.253122,19.405589,1133.0,978673.69,978253.0747829556,420.61521704436745,297.09782304436743,311.7694371898445
-155.252786,19.405423,1130.4,978674.44,978253.8676715717,420.57232842827216,297.33838122827217,311.66401991400875
-155.251794,19.405922,1131.5,978674.31,978253.5564609211,420.75353907898534,297.3996720789853,312.6769714878151
-155.251291,19.406588,1135.8,978673.25,978252.2672803687,420.98271963128354,297.16007523128354,312.0596741451202
-155.250619,19.407422,1137.5,978672.63,978251.7898743121,420.84012568788603,296.83215068788604,311.55660433484445
-155.250131,19.407921,1137.5,978672.94,978251.8180898826,421.12191011733375,297.11393511733377,311.8327789674095
-155.249124,19.408255,1135.1,978673.19,978252.5775350662,420.61246493377257,296.86613313377256,311.3851007360653
-155.248169,19.408349,1135.1,978672.63,978252.5828503856,420.04714961443096,296.30081781443096,310.83384896319666
-155.247125,19.408423,1139.0,978671.56,978251.3836267432,420.1763732568361,296.00487125683605,310.42869470006264
-155.246622,19.408423,1142.7,978670.5,978250.241933964,420.25806603603996,295.68319743603996,310.5627475320455
-155.245798,19.408589,1148.4,978669.0,978248.4925005523,420.5074994476745,295.3112282476745,310.86670473845527
-155.244791,19.408923,1155.9,978666.81,978246.1971574803,420.6128425197676,294.5989363197676,310.11669404136
-155.243799,19.408755,1162.6,978664.75,978244.120285849,420.6297141510295,293.88538735102946,310.17591545065915
-155.24296,19.409756,1168.3,978663.56,978242.4180870584,421.1419129417045,293.7761835417045,311.50413228006227
-155.246454,19.387924,1082.8,978680.94,978267.5666422206,413.3733577793464,295.3286673793464,310.36164952525667
-155.246454,19.38809,1080.5,978680.94,978268.2857414238,412.65425857610535,294.86030957610535,310.1245213267196
-155.246454,19.388589,1085.5,978679.81,978266.7710625825,413.03893741755746,294.69989841755745,309.4509940988473
-155.246454,19.388923,1086.5,978679.69,978266.4813590768,413.2086409231415,294.7605839231415,309.42998018103947
-155.246454,19.389257,1088.1,978679.44,978266.0065119277,413.4334880722454,294.8110022722454,310.0711975030532
-155.246286,19.389757,1090.3,978679.06,978265.3559005897,413.70409941032995,294.8417740103299,310.3592390203489
-155.246286,19.390256,1092.8,978678.69,978264.6126622383,414.0773377616424,294.9424673616424,310.2089975185229
-155.246286,19.39059,1093.1,978678.69,978264.538961951,414.1510380489053,294.9834622489053,310.2076035359389
-155.245798,19.390922,1093.4,978678.44,978264.465148985,413.9748510149075,294.77456981490747,309.971976493234
-155.245462,19.39109,1095.3,978677.75,978263.8883538366,413.86164616339374,294.45423076339375,309.4702608602995
-155.244958,19.391424,1095.3,978677.69,978263.9072260794,413.7827739205677,294.3753585205677,309.6009532816135
-155.244623,19.39159,1096.2,978677.38,978263.638890796,413.7411092040129,294.23557760401286,309.39036742118
-155.254129,19.399757,1114.7,978678.13,978258.39188537,419.73811462998856,298.21575002998856,313.13086546898654
-155.252634,19.399257,1108.9,978678.63,978260.153328595,418.47667140502017,297.5866112050202,312.6279282582909
-155.253458,19.400089,1113.0,978678.13,978258.9352199489,419.19478005112614,297.8577460511261,312.4802446985344
-155.25329,19.399423,1111.0,978678.56,978259.5147142175,419.04528578254394,297.9262877825439,312.7567338774885
-155.253625,19.399589,1113.0,978678.06,978258.906957515,419.15304248500615,297.81600848500614,312.52041171858355
-155.254297,19.399757,1113.9,978678.13,978258.6387409453,419.4912590547465,298.05610885474647,313.05074925748994
-155.2548,19.399923,1115.4,978677.88,978258.1852699008,419.6947300991742,298.0960528991742,312.935502983445
-155.255456,19.399923,1118.2,978677.5,978257.3212763014,420.17872369859833,298.27479609859836,312.82478493188086
-155.25596,19.399923,1119.4,978677.0,978256.9509936643,420.04900633567013,298.0142571356701,312.4357025349626
-155.256128,19.399757,1120.0,978676.88,978256.7564693212,420.1235306788003,298.0233706788003,312.3866836292637
-155.256631,19.399589,1119.5,978677.0,978256.9012575571,420.09874244290404,298.053091442904,312.46236287376973
-155.25712,19.399589,1119.7,978676.94,978256.8395438098,420.1004561901791,298.0330015901791,312.4138684308725
-155.257623,19.399589,1119.0,978677.38,978257.0555419514,420.3244580485625,298.3333160485625,312.77367956806813
-155.257455,19.399923,1120.4,978676.88,978256.6424249507,420.23757504927926,298.09380784927924,312.38932585624923
-155.256967,19.400257,1119.9,978676.94,978256.8155888297,420.12441117025446,298.03515297025444,312.38134163387923
-155.257791,19.398923,1117.3,978677.44,978257.5424645483,419.8975354516879,298.0917240516879,312.7126481285478
-155.258462,19.398923,1117.7,978677.25,978257.4190369394,419.83096306060906,297.98154446060903,312.4748673635732
-155.258966,19.398923,1119.6,978677.06,978256.8327560688,420.22724393126555,298.1706911312656,312.4689456233917
-155.259454,19.398923,1121.3,978676.44,978256.3081893901,420.13181060983334,297.88992720983333,312.1850147930956
-155.260126,19.398756,1121.6,978676.69,978256.2061796148,420.4838203851832,298.2092315851832,312.53971591332345
-155.260629,19.398756,1121.9,978676.5,978256.1136090724,420.38639092759695,298.07909672759695,312.4431182978733
-155.261301,19.398923,1122.2,978676.19,978256.0304778088,420.1595221911557,297.8195225911557,312.22062911198395
-155.261789,19.399257,1120.7,978676.38,978256.5122092434,419.8677907566307,297.6913181566307,311.9300179735264
-155.262125,19.399423,1118.7,978676.31,978257.1387296107,419.1712703893427,297.21283378934265,311.8934198341585
-155.257959,19.398424,1117.4,978677.19,978257.4834031443,419.70659685565624,297.88988365565626,312.4518211518647
-155.257959,19.397922,1116.6,978677.5,978257.7018849937,419.79811500629876,298.06861620629877,312.7280828014787
-155.257791,19.397422,1115.7,978677.19,978257.9513375561,419.23866244382225,297.60727984382225,312.4304519204353
-155.257791,19.396757,1114.9,978677.31,978258.1606085037,419.1493914963212,297.6052232963212,312.39656420162623
-155.250299,19.388589,1092.3,978680.0,978264.6727645192,415.32723548077047,296.24687408077045,311.2416829889282
-155.250619,19.388423,1091.4,978680.06,978264.9411015587,415.11889844131656,296.13665324131654,311.0274576684176
-155.250787,19.388256,1090.9,978680.06,978265.085953088,414.9740469120443,296.04631071204426,310.8821397435453
-155.251291,19.387924,1088.3,978680.81,978265.8694866878,414.94051331223454,296.29622391223455,310.8317478595357
-155.251626,19.38759,1087.9,978680.44,978265.9740466842,414.4659533157246,295.8652711157246,310.399765071043
-155.251962,19.387422,1087.6,978680.56,978266.0571276605,414.50287233956624,295.93489553956624,310.49913964816835
-155.252298,19.38709,1086.9,978680.5,978266.254373177,414.2456268230453,295.7539626230453,310.39541848205357
-155.252634,19.386756,1085.8,978680.69,978266.5749354882,414.1150645117741,295.7433201117741,310.5028460419429
-155.252954,19.386423,1086.7,978680.38,978266.2784073347,414.10159266530536,295.63173206530536,310.3098847586583
-155.253458,19.386089,1085.6,978680.56,978266.5989702492,413.96102975087706,295.61108895087705,310.45274670564953
-155.252298,19.386257,1084.4,978681.13,978266.9787493635,414.1512506365543,295.9321314365543,310.85918780555954
-155.251794,19.385589,1082.6,978681.19,978267.4964469706,413.6935530293267,295.67066622932674,310.8107335351601
-155.252954,19.387422,1087.3,978680.44,978266.149699702,414.2903002979001,295.7550288979001,310.32976210736314
-155.25329,19.38809,1089.1,978680.56,978265.632006341,414.9279936590465,296.1964898590465,310.7763281293477
-155.253625,19.388757,1090.9,978680.13,978265.1142580402,415.0157419597963,296.08800575979626,310.5930582225279
-155.253961,19.389257,1091.4,978680.38,978264.9882206654,415.3917793346336,296.4095341346336,311.48913635521603
-155.254297,19.389757,1092.0,978680.44,978264.8313265995,415.60867340047844,296.5610174004784,311.61205578554365
-155.2548,19.390422,1093.3,978680.69,978264.4677551291,416.22224487084895,297.03286547084895,311.9251197292486
-155.254953,19.390922,1093.9,978680.5,978264.3108627073,416.1891372926766,296.9343470926766,311.7463226011551
-155.255121,19.39159,1095.8,978680.31,978263.7623196546,416.54768034548033,297.08575594548034,311.6812201835377
-155.255624,19.392257,1096.2,978680.19,978263.676579809,416.513420190895,297.00788859089494,311.53852112225957
-155.255624,19.392757,1099.3,978680.19,978262.7482601763,417.4417398236692,297.5982524236692,312.0618795386527
-155.25596,19.393423,1101.3,978679.88,978262.168751493,417.7112485070247,297.6497251070247,312.7795551704121
-155.256296,19.393922,1105.4,978679.06,978260.9318081931,418.12819180695806,297.61969460695803,312.36854427369815
-155.257791,19.396257,1112.3,978677.81,978258.9346312132,418.8753687868593,297.61464738685936,312.17312837091174
-155.257455,19.395923,1110.6,978678.31,978259.440323865,418.86967613501474,297.79428533501476,312.17792732800467
-155.25712,19.395589,1111.0,978677.88,978259.2980199076,418.581980092451,297.46298209245094,311.90745645325967
-155.256967,19.395256,1110.2,978678.06,978259.5260568099,418.53394319012295,297.5021595901229,311.86880882237045
-155.256464,19.394422,1109.0,978678.25,978259.8492096076,418.4007903924212,297.4998283924212,311.8693285838947
-155.278466,19.399923,1106.0,978682.31,978261.0858281959,421.2241718041478,300.65026380414776,314.8936700264092
-155.301293,19.437587,1204.0,978656.19,978232.9773161034,423.21268389653414,291.95501189653413,306.29715353245473
-155.054784,19.722567,7.0,978862.0,978618.6561031054,243.3438968945993,242.5807708945993,254.08952634153346
-155.278466,19.399923,1106.0,978682.5,978261.0858281959,421.4141718040919,300.8402638040919,315.08367002635333
-155.301293,19.437587,1204.0,978656.13,978232.9773161034,423.1526838965947,291.89501189659467,306.23715353251526
-155.054784,19.722567,7.0,978861.94,978618.6561031054,243.28389689454343,242.52077089454343,254.02952634147758
-155.104456,19.388755,865.6,978711.19,978334.6393166416,376.55068335833494,282.18470255833495,305.38265199350906
-155.103298,19.388921,845.5,978716.19,978340.8516982519,375.33830174803734,283.16358274803736,303.8203403287938
-155.102291,19.388921,826.6,978721.06,978346.6844263484,374.3755736516323,284.2612948516323,302.55016958446066
-155.101467,19.389087,815.0,978724.0,978350.2737059331,373.7262940668734,284.8766240668734,304.376144285839
-155.101131,19.388921,808.9,978725.44,978352.146869538,373.2931304619415,285.1084702619415,304.85385692505133
-155.100292,19.389921,794.6,978729.31,978356.6165607566,372.69343924347777,286.06773644347777,304.16660477641784
-155.099468,19.390588,781.7,978732.81,978360.6354040996,372.174595900462,286.955225300462,304.7338471331755
-155.097957,19.39092,770.0,978735.69,978364.2650010085,371.4249989914242,287.48113899142425,306.14652641640106
-155.096965,19.391754,759.3,978738.56,978367.6143611872,370.9456388128456,288.16827141284557,306.37064958143384
-155.095623,19.392421,748.5,978741.19,978370.9851655575,370.2048344424693,288.6048614424693,305.44913714377304
-155.094295,19.393087,739.4,978743.75,978373.8312703987,369.9187296013115,289.3108204013115,306.8509119432412
-155.094631,19.39392,737.6,978743.81,978374.4338644926,369.3761355074821,288.9644587074821,306.5746320350708
-155.101802,19.384088,809.8,978724.5,978351.5960979682,372.9039020318305,284.6211256318305,303.56532949684396
-155.102123,19.384921,802.4,978727.0,978353.926896525,373.07310347503517,285.5970602750352,303.59459734953276
-155.10313,19.385255,801.8,978727.56,978354.1309321289,373.4290678711841,286.0184354711841,303.89155671797084
-155.10313,19.386255,808.3,978726.31,978352.1814268535,374.1285731465323,286.0093237465323,304.164291182305
-155.101955,19.386087,799.1,978728.25,978355.0111914524,373.2388085476123,286.12252474761226,304.3292638002642
-155.100963,19.386255,788.2,978730.69,978358.3845974464,372.3054025535239,286.3774149535239,304.59031514552316
-155.099468,19.386754,779.5,978732.38,978361.0977588332,371.2822411668021,286.3027101668021,304.04741667340863
-155.098125,19.386754,775.4,978732.63,978362.3630945307,370.26690546935424,285.73434826935426,304.0083676435047
-155.09663,19.386421,763.8,978734.88,978365.9242706802,368.9557293198304,285.6877809198304,304.37892562280314
-155.093624,19.385587,739.3,978740.38,978373.4384035239,366.9415964761283,286.34458907612833,305.0351149094256
-155.092128,19.385421,729.5,978742.44,978376.4535488766,365.98645112337545,286.4578201233754,304.377937361012
-155.089962,19.385087,720.0,978744.06,978379.3666304047,364.69336959533393,286.20040959533395,304.03274691732645
-155.087963,19.385755,706.0,978747.88,978383.7251537335,364.15484626649413,287.18813826649415,305.26671841378766
-155.105631,19.390588,866.2,978711.31,978334.5577153135,376.7522846865468,282.3208930865468,305.70518357053516
-155.106791,19.390254,877.7,978708.25,978330.9898897237,377.26011027628556,281.57501167628556,306.1541878556294
-155.107966,19.389921,867.8,978710.81,978334.026261032,376.783738968079,282.177918568079,305.2696638675662
-155.108622,19.388421,844.5,978716.56,978341.1320588209,375.4279411791358,283.3622401791358,303.28175935021557
-155.108286,19.387588,844.1,978716.44,978341.2084424322,375.2315575677203,283.2094637677203,303.1899164566201
-155.105464,19.391254,847.9,978716.5,978340.242851638,376.2571483619977,283.82078616199766,305.9259032134405
-155.105296,19.391921,837.2,978719.25,978343.5826555759,375.6673444240587,284.3974748240587,305.46804066667744
-155.105128,19.392755,818.0,978724.38,978349.5551151178,374.8248848821968,285.64816088219675,304.2825651934835
-155.104624,19.393588,804.8,978728.06,978353.6758838231,374.3841161769815,286.64642977698145,303.5788061995698
-155.10496,19.394754,794.1,978730.81,978357.0439568576,373.7660431424156,287.1948493424156,305.0515123672949
-155.105464,19.395587,782.7,978734.0,978360.6092632102,373.39073678979184,288.0623481897918,305.6258531997918
-155.106288,19.396255,773.3,978736.5,978363.5480267606,372.95197323942557,288.64835383942557,305.19339636697566
-155.106791,19.397087,768.3,978737.75,978365.1381445564,372.61185544356704,288.85332604356705,304.9061286750689
-155.099636,19.380588,764.3,978731.94,978365.4404950805,366.4995049193967,283.1770475193967,301.0281231802328
-155.100292,19.382255,778.0,978729.31,978361.306557842,368.00344215810765,283.1874381581076,302.43516981818675
-155.101467,19.383254,795.4,978726.0,978355.9930442582,370.00695574178826,283.29403854178827,302.3077499791159
-155.103801,19.387088,810.8,978725.81,978351.4569493209,374.35305067920126,285.9612562792013,304.92099778963063
-155.108286,19.390754,845.7,978717.31,978340.8935391332,376.41646086680703,284.21993826680705,304.8918073189398
-155.109294,19.391088,805.1,978728.38,978353.4420371377,374.9379628623137,287.16757106231375,304.7114697282685
-155.110301,19.391588,785.3,978733.63,978359.580882614,374.04911738599185,288.43728198599183,306.0907638602111
-155.111125,19.392087,769.4,978737.75,978364.5161114458,373.23388855415396,289.355439354154,305.9578285219201
-155.110789,19.392755,760.6,978740.0,978367.2697149378,372.7302850622218,289.8111942622218,307.32856039336855
-155.113795,19.39392,759.9,978740.38,978367.5515804794,372.8284195206361,289.9856413206361,307.02660886833445
-155.278466,19.399923,1106.0,978682.06,978261.0858281959,420.9741718041478,300.40026380414776,314.6436700264092
-155.054784,19.722567,7.0,978862.0,978618.6561031054,243.3438968945993,242.5807708945993,254.08952634153346
-155.301293,19.437587,1204.0,978656.0,978232.9773161034,423.02268389659,291.76501189659,306.1071535325106
-155.208198,19.36886,999.4,978689.75,978292.2256563761,397.52434362389613,288.5717544238961,305.2458610210292
-155.207374,19.36886,1005.2,978687.69,978290.4358581152,397.2541418847395,287.6692482847395,305.01781856582807
-155.206367,19.368526,1009.9,978686.25,978288.9666543585,397.2833456414519,287.1860674414519,303.77542295597465
-155.205375,19.368526,1016.9,978684.56,978286.8065641802,397.75343581987545,286.89303161987544,304.33168168020495
-155.204536,19.36836,1023.4,978682.31,978284.7914023385,397.51859766151756,285.94957646151755,304.24242048785334
-155.203529,19.36836,1029.4,978680.25,978282.9399078437,397.3100921562873,285.08696295628727,304.15883541142574
-155.202705,19.368192,1041.8,978676.13,978279.1040193735,397.02598062646575,283.4510282264657,304.03448339176657
-155.202034,19.36786,1050.9,978673.19,978276.2772055131,396.91279448685236,282.34577828685235,304.001551623699
-155.20121,19.368192,1049.1,978673.5,978276.8513878839,396.64861211611424,282.2778283161142,303.66743366885635
-155.20037,19.368192,1042.3,978675.38,978278.9497292815,396.430270718527,282.80080931852706,303.3818428933368
-155.199363,19.368192,1031.2,978678.75,978282.3749774483,396.3750225517433,283.9556609517433,303.2236917128613
-155.198372,19.368026,1015.6,978682.31,978287.1794998762,395.1305001238361,284.4118193238361,302.2902660381644
-155.197532,19.36786,1004.9,978685.13,978290.4719868685,394.6580131314695,285.1058249314695,302.719386484483
-155.196708,19.36786,993.8,978688.19,978293.8972952864,394.29270471353084,285.9506163135309,302.55277841368763
-155.196037,19.36786,989.0,978689.63,978295.3785153165,394.251484683482,286.43268268348197,303.50198758494867
-155.201866,19.366693,1050.0,978673.0,978276.4890558905,396.51094410952646,282.04204410952644,303.8392843651834
-155.202202,19.366025,1030.2,978678.56,978282.5612452583,395.9987547417404,283.6884111417404,303.11074976235125
-155.202369,19.365194,1012.2,978683.5,978288.0688408162,395.43115918384865,285.0831395838486,303.07324640435195
-155.202537,19.36436,997.8,978686.94,978292.4654032622,394.47459673776757,285.6964363377676,304.1619648930003
-155.202537,19.363527,983.7,978690.44,978296.7694774562,393.6705225437181,286.4295159437181,303.3224806439042
-155.202705,19.362693,977.4,978691.25,978298.666522958,392.58347704203334,286.02928384203335,302.7485467974633
-155.201042,19.369193,1046.9,978676.94,978277.5867666604,399.3532333394978,285.2222891394978,306.26710820505326
-155.20037,19.369692,1037.7,978679.56,978280.45387204,399.10612796002533,285.9781493600253,305.93027976408564
-155.200203,19.370358,1028.2,978682.06,978283.4229923646,398.637007635436,286.544700035436,305.2603734078085
-155.199699,19.372193,1011.6,978688.13,978288.6490692808,399.4809307191754,289.1983219191754,305.7102213692308
-155.081127,19.402754,712.4,978748.0,978382.7105320458,365.28946795419324,287.62504475419325,305.7951043140435
-155.080135,19.40342,711.1,978748.38,978383.1493979468,365.2306020532269,287.7079022532269,305.928724429586
-155.079296,19.404087,708.4,978749.56,978384.0204013963,365.5395986037329,288.31124740373286,306.8898066828049
-155.078624,19.404087,705.1,978750.44,978385.0388759351,365.4011240648106,288.5325322648106,306.7786080121286
-155.077633,19.404253,696.7,978752.5,978387.6407483032,364.85925169684924,288.90641109684924,306.2414099877099
-155.076961,19.403754,691.2,978753.5,978389.3100060851,364.18999391491525,288.83675231491526,305.61081802244587
-155.076122,19.403754,691.7,978753.5,978389.1556906418,364.3443093581591,288.9365587581591,306.8444645150008
-155.075298,19.403586,690.1,978754.06,978389.6400027892,364.4199972108472,289.1866754108472,306.9670784095708
-155.085795,19.40292,687.6,978755.94,978390.3739311033,365.56606889667455,290.60529209667453,307.1553599713919
-155.08462,19.402754,691.0,978754.5,978389.3152010624,365.18479893764015,289.85336093764016,306.2583138969926
-155.083125,19.402586,699.0,978752.44,978386.8366611177,365.60333888221066,289.3997568822107,305.76172069697134
-155.082302,19.40242,709.1,978749.75,978383.710123767,366.03987623297144,288.7352124329714,306.41213931305316
-155.081462,19.402253,715.1,978747.5,978381.8489161327,365.65108386729844,287.6923120672984,306.1840739557987
-155.082134,19.401921,706.0,978750.38,978384.6386644834,365.7413355165627,288.7746275165627,306.10463604447364
-155.08279,19.401253,697.4,978752.75,978387.255117166,365.4948828340275,289.4657296340275,305.7357432486157
-155.083629,19.400086,687.0,978754.81,978390.3989127529,364.4110872471938,289.5157212471938,306.55430263463955
-155.084133,19.39992,688.7,978754.94,978389.8648564777,365.0751435222337,289.9944469222337,306.8579735574298
-155.085796,19.400086,693.5,978754.0,978388.3928107867,365.607189213275,290.003206213275,306.1827633117289
-155.086635,19.399754,697.0,978753.31,978387.2938389375,366.01616106252186,290.03061506252186,306.2722611515894
-155.087123,19.39942,697.7,978753.38,978387.0589194752,366.3210805248236,290.25922192482363,306.56633766005984
-155.088802,19.398587,703.4,978752.69,978385.2526490298,367.43735097011086,290.75408977011085,307.58543913485994
-155.09995,19.718402,78.9,978842.13,978596.2202076387,245.90979236131534,237.30827216131533,249.36344034300873
-155.09963,19.718069,79.7,978841.81,978595.9541523493,245.85584765078966,237.16711305078965,249.11653480267853
-155.099462,19.717735,78.8,978841.88,978596.2128610346,245.66713896545116,237.07652056545115,249.11933290944236
-155.099126,19.717235,79.1,978842.19,978596.0915967283,246.09840327163693,237.47507947163692,249.47542254815417
-155.09879,19.716901,79.9,978842.06,978595.8254850708,246.23451492923778,237.52397672923777,249.43140806528092
-155.098455,19.716569,82.7,978841.13,978594.942052561,246.1879474390298,237.1721588390298,248.7748430504813
-155.098287,19.716236,84.8,978840.5,978594.2746663336,246.22533366642892,236.98060726642893,248.37485458665424
-155.097951,19.715902,84.9,978840.38,978594.2246583255,246.1553416744573,236.89971347445731,248.43658005920145
-155.097783,19.715568,84.1,978840.63,978594.4524963524,246.17750364763197,237.00908984763197,249.64403017421367
-155.097616,19.715068,82.5,978840.88,978594.9177984354,245.96220156457275,236.96821656457274,249.8291654376587
-155.097463,19.714735,81.1,978841.13,978595.3309254866,245.79907451337203,236.95771471337204,249.89498725768593
-155.097295,19.714403,80.4,978841.31,978595.528007645,245.78199235501233,237.01694515501234,249.83340084094596
-155.097295,19.713903,80.1,978841.44,978595.5919783764,245.8480216235621,237.1156798235621,249.9623479871873
-155.096959,19.713069,79.4,978841.63,978595.7603030186,245.86969698139,237.21366778139,249.06155261104277
-155.096792,19.712736,79.3,978841.75,978595.7720984473,245.9779015526874,237.3327741526874,249.049973866739
-155.096624,19.712236,79.1,978841.69,978595.8051993742,245.88480062573217,237.26147682573216,248.90679796595106
-155.096624,19.711902,78.8,978841.81,978595.8786818723,245.93131812778302,237.340699727783,248.97126814482408
-155.096456,19.711568,78.5,978841.81,978595.9521646843,245.85783531574998,237.29992231574997,249.1098926635339
-155.096288,19.711069,78.9,978841.56,978595.8000933042,245.75990669580642,237.1583864958064,248.93139131032527
-155.095952,19.710235,81.0,978840.94,978595.1040127671,245.83598723285832,237.00552923285832,248.5118610913323
-155.095449,19.718235,66.9,978844.06,978599.9152688088,244.14473119121976,236.85142699121977,247.97862569167623
-155.096288,19.718568,65.7,978844.44,978600.3048138126,244.13518618734088,236.97270358734087,248.27193170520042
-155.098455,19.717735,75.1,978842.94,978597.3551198225,245.58488017739728,237.39762837739727,249.80688598802692
-155.097127,19.718568,66.5,978844.81,978600.0578376639,244.752162336139,237.502465336139,249.13552149389955
-155.095617,19.717569,75.2,978842.0,978597.3147364658,244.68526353419293,236.48710993419292,248.48296675463266
-155.09612,19.718069,83.3,978840.31,978594.8427677795,245.46723222057335,236.38603282057335,249.2277492212401
-155.096792,19.718069,91.2,978837.88,978592.403902745,245.47609725501388,235.5336556550139,249.05333614982777
-155.091955,19.717735,47.3,978848.63,978605.9375603799,242.69243962015025,237.53588822015024,248.9244744517054
-155.092122,19.718069,47.8,978848.44,978605.8023366312,242.63766336871777,237.42660296871776,248.88012327126413
-155.092458,19.718402,48.5,978848.44,978605.6053113617,242.83468863822054,237.54731563822054,249.11473404483206
-155.094121,19.720735,49.4,978848.38,978605.4611478421,242.9188521578908,237.5333629578908,249.22964824025752
-155.092962,19.719068,49.5,978848.56,978605.3347508744,243.2252491256222,237.82885812562222,249.93225225919
-155.093129,19.719568,49.3,978848.81,978605.4251463526,243.38485364743974,238.01026624743974,250.66493443800513
-155.09345,19.719902,49.1,978849.06,978605.5060300548,243.55396994529292,238.20118614529292,250.65156231852222
-155.093618,19.720401,48.4,978849.38,978605.750730633,243.6292693669675,238.3527981669675,250.1822615063234
-155.466784,19.688577,2006.5,978492.94,977999.6963680375,493.24363196245395,274.49901496245394,290.36911545291923
-155.462114,19.686576,1996.3,978493.81,978002.727924489,491.08207551110536,273.4494421111053,289.810126162903
-155.463122,19.686576,1998.9,978493.38,978001.9259806307,491.45401936932467,273.53793916932466,289.6239757328513
-155.463793,19.686576,2000.4,978493.0,978001.4633211747,491.53667882527225,273.4570716252722,289.38232080952037
-155.464785,19.686576,2016.2,978487.88,977996.5899945651,491.29000543488655,271.4879138348865,288.2868014974102
-155.466112,19.684575,2006.0,978491.38,977999.6215464171,491.75845358287916,273.06834558287915,288.89184499412244
-155.465792,19.687575,2036.0,978482.63,977990.540141309,492.08985869097523,270.12921069097524,288.7114668087742
-155.466616,19.686576,2061.1,978475.25,977982.7413084545,492.50869154545944,267.8116917454595,289.157891555144
-155.467287,19.687241,2046.6,978479.94,977987.2516290132,492.6883709867252,269.5721321867252,289.2673074611186
-155.468279,19.687575,2012.4,978490.38,977997.8192327835,492.5607672164915,273.1729440164915,289.009117201388
-155.46895,19.688243,2010.3,978492.25,977998.5051854018,493.74481459823437,274.58592919823434,290.19963451037586
-155.469622,19.688577,2010.4,978492.63,977998.4934584504,494.13654154958203,274.966754349582,290.5293710609788
-155.466448,19.689242,2006.0,978493.75,977999.8886501804,493.8613498195773,275.1712418195773,291.12466373597704
-155.46596,19.690743,2007.6,978494.13,977999.4810656343,494.64893436571583,275.78439756571584,292.0188901676531
-155.465792,19.691575,2010.6,978493.69,977998.6033769106,495.086623089388,275.89503228938804,291.8725394536715
-155.46512,19.693242,2018.0,978492.69,977996.4163683497,496.273631650256,276.27530765025597,292.6532148864861
-155.712459,18.959289,11.6,978850.75,978574.2077363103,276.54226368968375,275.27765488968373,303.1361143570536
-155.713298,18.959622,10.1,978850.19,978574.68929221,275.5007077899063,274.3996259899063,301.30254817059296
-155.713802,18.960288,10.7,978850.56,978574.5409702688,276.01902973128017,274.85253713128014,299.91755361180077
-155.714626,18.960456,13.0,978849.0,978573.8402000145,275.1597999854712,273.7425659854712,298.8426317150858
-155.715465,18.961288,49.5,978837.94,978562.6177174166,275.32228258333635,269.92589158333635,299.007299689477
-155.715633,18.961455,62.2,978833.94,978558.7061639116,275.23383608832955,268.45291648832955,299.4675589631176
-155.715969,18.961621,74.6,978830.19,978554.88719529,275.30280470999423,267.1700619099942,300.19853919863004
-155.715801,18.961955,68.9,978832.44,978556.6654318705,275.7745681294473,268.2632279294473,299.90488989684593
-155.715801,18.962289,61.5,978835.0,978558.9685048226,276.03149517741986,269.32688817741985,299.74189029263175
-155.715969,18.962621,48.8,978838.88,978562.9077224663,275.97227753372863,270.65219913372863,299.63094959694155
-155.715969,18.963454,25.2,978846.44,978570.2398842926,276.2001157073537,273.45286210735367,298.9422631365834
-155.715633,18.962789,48.9,978839.19,978562.8861634727,276.3038365272805,270.9728563272805,298.9961491000231
-155.715129,18.963122,20.2,978848.31,978571.7651288417,276.5448711583158,274.3427075583158,297.10606000062864
-155.714794,18.963454,19.6,978849.0,978571.9687730417,277.0312269582646,274.8944741582646,297.2545978284304
-155.716289,18.964122,25.7,978846.44,978570.122553949,276.31744605093263,273.5156834509326,296.1292463394534
-155.716457,18.964456,26.5,978846.13,978569.8940879293,276.23591207072604,273.34693507072603,295.751459894276
-155.095449,19.718235,66.9,978844.06,978599.9152688088,244.14473119121976,236.85142699121977,247.97862569167623
-155.096288,19.718568,65.7,978844.44,978600.3048138126,244.13518618734088,236.97270358734087,248.27193170520042
-155.099126,19.717235,79.1,978842.19,978596.0915967283,246.09840327163693,237.47507947163692,249.47542254815417
-155.098455,19.717735,75.1,978842.94,978597.3551198225,245.58488017739728,237.39762837739727,249.80688598802692
-155.097127,19.718568,66.5,978844.81,978600.0578376639,244.752162336139,237.502465336139,249.13552149389955
-155.095617,19.717569,75.2,978842.0,978597.3147364658,244.68526353419293,236.48710993419292,248.48296675463266
-155.09612,19.718069,83.3,978840.31,978594.8427677795,245.46723222057335,236.38603282057335,249.2277492212401
-155.096792,19.718069,91.2,978837.88,978592.403902745,245.47609725501388,235.5336556550139,249.05333614982777
-155.091955,19.717735,47.3,978848.63,978605.9375603799,242.69243962015025,237.53588822015024,248.9244744517054
-155.092122,19.718069,47.8,978848.44,978605.8023366312,242.63766336871777,237.42660296871776,248.88012327126413
-155.092458,19.718402,48.5,978848.44,978605.6053113617,242.83468863822054,237.54731563822054,249.11473404483206
-155.094121,19.720735,49.4,978848.38,978605.4611478421,242.9188521578908,237.5333629578908,249.22964824025752
-155.092962,19.719068,49.5,978848.56,978605.3347508744,243.2252491256222,237.82885812562222,249.93225225919
-155.093129,19.719568,49.3,978848.81,978605.4251463526,243.38485364743974,238.01026624743974,250.66493443800513
-155.09345,19.719902,49.1,978849.06,978605.5060300548,243.55396994529292,238.20118614529292,250.65156231852222
-155.093618,19.720401,48.4,978849.38,978605.750730633,243.6292693669675,238.3527981669675,250.1822615063234
-155.106791,19.390254,877.7,978708.19,978330.9898897237,377.2001102762297,281.5150116762297,306.0941878555735
-155.105631,19.390588,866.2,978711.25,978334.5577153135,376.6922846864909,282.2608930864909,305.6451835704793
-155.094631,19.39392,737.6,978743.75,978374.4338644926,369.3161355074262,288.9044587074262,306.5146320350149
-155.106791,19.390254,877.7,978708.25,978330.9898897237,377.26011027628556,281.57501167628556,306.1541878556294
-155.105631,19.390588,866.2,978711.31,978334.5577153135,376.7522846865468,282.3208930865468,305.70518357053516
-155.094631,19.39392,737.6,978743.81,978374.4338644926,369.3761355074821,288.9644587074821,306.5746320350708
-155.278466,19.399923,1106.0,978682.36,978261.0858281959,421.2741718040779,300.7002638040779,314.94367002633936
-155.288964,19.421256,1243.0,978650.88,978220.0194250386,430.8605749614071,295.35120096140713,313.3789361636103
-155.301293,19.437587,1204.0,978656.23,978232.9773161034,423.2526838965714,291.9950118965714,306.337153532492
