Lon,Lat,H_estimada,Bouguer_Simple,Bouguer_Completa
-158.138654780218,21.4605614685387,72.31526641695667,310,319.2763243255365
-158.137072431001,21.4612977888525,80.29271639365764,310,319.9287363438079
-158.135806551628,21.4623286310421,88.96868491615211,310,320.13971251849375
-158.135331846863,21.4642430329064,99.59920093357005,310,319.92487778718515
-158.135331846863,21.4658628917631,123.8317071300794,310,323.24438449677353
-158.135648316706,21.4676299899778,154.3709295419066,310,321.0488384994663
-158.136597726236,21.4683662745752,164.4740261302816,310,321.5676525028754
-158.138338310374,21.4693970667601,189.03595508481484,310,325.5716453831867
-158.140237129434,21.4695443221912,190.33076028900717,310,325.39359930606815
-158.141503008808,21.4696915774734,195.3795655600661,310,324.02861761267957
-158.142768888181,21.4693970667601,191.5364908341013,310,322.9170472830812
-158.144034767554,21.4688080435475,190.22382750572487,310,322.46212303130085
-158.144825942163,21.467777247195,170.76495534112436,310,320.3764170423099
-158.145458881849,21.4664519268826,141.2476379079096,310,323.6944777413069
-158.145300646927,21.4639485111796,89.6919466592575,310,320.0395345220846
-158.144034767554,21.4618868424251,72.5607260241169,310,320.06839255796365
-158.141186538964,21.4605614685387,67.41052972058473,310,319.16217098316395
-158.144034767554,21.4741091667214,232.44556668983182,305,317.20928918821465
-158.141819478651,21.474256417389,274.12836615733096,305,318.7601053255413
-158.13691419608,21.473961915905,348.46079434847917,305,322.841943515119
-158.134540672255,21.4736674138256,346.0274122726653,305,323.11005792176223
-158.131534208743,21.470722360281,216.7526508742895,305,320.13718929786893
-158.128211275388,21.466304668326,156.3132347824157,305,319.0964327273575
-158.126312456328,21.4617395792552,121.67353928254902,305,317.1408545663484
-158.125995986485,21.4601196745649,104.12996808016507,305,315.5391258876067
-158.125995986485,21.4586470183139,98.93537754127493,305,314.589064679922
-158.127261865858,21.4562907373653,84.4999950018892,305,313.9059186288526
-158.130426564291,21.4531980608224,71.27984145361094,305,313.3983213838519
-158.134224202411,21.4512835138966,58.94142929531889,305,313.30912621939126
-158.138654780218,21.4495162174994,47.384515948875276,305,313.07523780812534
-158.143718297711,21.4477488996845,34.85893531384828,305,312.81091136988596
-158.147199465987,21.4468652327457,30.217883339760057,305,312.7634533415504
-158.149889459656,21.4467179544021,27.24375994691696,305,312.9066946853103
-158.15226298348,21.4474543446331,25.978954887425445,305,312.8066787401089
-158.154478272384,21.4480434541409,23.62963589519281,305,313.1667893131178
-158.156218856522,21.4492216660176,21.982105149197572,305,313.1551482252022
-158.15795944066,21.4502525936012,22.930580605732064,305,313.34734678208326
-158.159700024798,21.4518726079359,27.569550951757808,305,313.37273766438136
-158.161440608937,21.4533453326216,46.687239082974315,305,315.22163990974616
-158.162864723232,21.4554071221903,62.460966576415686,305,313.505014953761
-158.164447072448,21.4586470183139,64.89072964402395,305,313.94892916827365
-158.16460530737,21.4607087328991,68.49844087861725,305,313.9425445434261
-158.163814132762,21.4630649424277,82.56146113266588,305,314.52172412757824
-158.163181193075,21.4660101507662,101.97050549873323,305,316.21420708291254
-158.162231783545,21.4686607873722,122.3445276678482,305,315.58211849759795
-158.160491199407,21.470722360281,144.9018701822376,305,316.89937752561974
-158.15795944066,21.4727839040144,163.59406786467525,305,315.715069270658
-158.154478272384,21.4733729111507,165.27571531171446,305,316.2441420618569
-158.149098285047,21.473961915905,182.68216128468146,305,316.5229726811115
-158.145775351692,21.4804408109829,295.1950947532364,300,313.75118321892194
-158.142768888181,21.4807352993645,333.9596124844967,305,318.55732003135336
-158.138971250061,21.4799990772937,386.70213406021304,305,318.68638126729996
-158.134857142098,21.4794100969568,493.76009665711763,305,322.05498982563313
-158.131059503978,21.4789683601406,553.9898776214484,305,330.73311129089393
-158.126628926172,21.4774958944084,518.6341491528152,305,328.59856793983636
-158.121881878522,21.4748454185704,457.4536022806097,305,325.9632763283096
-158.119666589619,21.4710168683149,377.6381972881918,305,318.82689119940886
-158.118400710245,21.4674827326118,339.794604647578,305,316.2607376762193
-158.118400710245,21.4640957721174,273.59303482137165,305,316.7265669820476
-158.119666589619,21.4612977888525,186.58819205035743,305,318.64836476521253
-158.120457764227,21.4580579516475,137.80200146444292,305,316.5606352808176
-158.121565408679,21.4554071221903,115.2951238062748,305,315.06295980786524
-158.1217236436,21.4524616995952,110.227914398148,305,314.8551535208398
-158.120932468992,21.4495162174994,112.52372378560689,305,315.142791926305
-158.121090703914,21.4464233972686,107.2314706627732,305,314.99995124079385
-158.122514818209,21.4448033224015,94.35018303671175,305,313.73083216566334
-158.125687608401,21.4424140020835,77.4940804264346,305,313.73603624942706
-158.130156164118,21.4402439337689,61.33746603787233,305,313.1024879123821
-158.134041864741,21.4380738331769,50.923060001759595,305,313.19111987985184
-158.138510420458,21.4366270815183,38.94038233391458,305,312.9339159143503
-158.143367546237,21.4364462365525,27.366721092947273,305,312.684540510949
-158.149390382202,21.4366270815183,17.53978323676375,305,312.87695652244
-158.157550353511,21.4369887707777,12.843881601796536,305,312.97816708328526
-158.165127469726,21.4371696150712,11.74941838250174,305,313.0501764884667
-158.170373165568,21.437892990004,28.54216758478845,305,314.2795109145645
-158.17251030091,21.4397014116468,33.18489841322835,305,313.87790524512496
-158.173676011097,21.4420523262726,67.12929316332543,305,314.6185515809437
-158.174453151222,21.4463923768199,65.55127374885754,305,314.6241651516906
-158.174841721284,21.4500089869621,36.86144943541955,305,314.72400120563833
-158.176396001534,21.4543488007377,22.020513843403588,305,313.74528205806854
-158.178338851845,21.4588693027233,23.695986011630627,305,314.96242825952885
-158.180087417126,21.4632088527381,56.259715663026554,305,316.4798274665294
-158.180281702157,21.4659210058787,113.97267287441353,305,322.2091885098283
-158.179504562032,21.468452303264,186.89677523524085,305,318.5960415735535
-158.176590286565,21.4720683660935,364.4572340837129,305,322.53588630754643
-158.172898870973,21.474237960704,402.9255736911559,305,329.55243491579137
-158.1674588901,21.4773114977451,335.6380293508934,305,322.23111323110254
-158.16240747929,21.4785770529666,274.12038229655076,305,321.9792451041019
-158.155024648106,21.479842597189,251.46654502642488,305,317.6623756761808
-158.149973237296,21.4803849699171,269.44704473236453,305,316.9048473155528
-158.164738899664,21.4856278021209,472.1700580978178,295,316.6680460035596
-158.160464628979,21.4861701532962,385.51510807712947,295,312.3199933350116
-158.153858937919,21.4867125024507,376.275431057236,295,311.92245141495266
-158.14725324686,21.4867125024507,430.03527900502974,295,313.654873392675
-158.140064700707,21.4861701532962,476.3339644036094,295,313.12958044023276
-158.133653294679,21.4847238790049,656.4262784421893,295,320.1835317292174
-158.128019028775,21.4834583772124,737.7311383634801,295,316.1260087688924
-158.123161902996,21.479842597189,702.0573078256027,295,317.01215545010933
-158.119276202373,21.4760459315251,556.1212009007807,295,310.53243823170084
-158.116167641874,21.4724299674395,408.3482930187205,295,307.0572785411641
-158.114613361625,21.4688139135861,298.5102503419802,295,307.47827142509044
-158.113059081376,21.463389664518,269.60565169829204,295,309.15907422271925
-158.113059081376,21.4588693027233,241.70537106206234,295,308.7115904137502
-158.1138362215,21.4543488007377,205.406115123135,295,305.819856006857
-158.115584786781,21.4503706430434,168.92813613869188,295,306.4873581345212
-158.118110492186,21.4463923768199,132.98716786069613,295,304.60384734445495
-158.120830482622,21.441328971961,103.40599057538644,295,305.16291079584755
-158.123939043121,21.4357228544478,92.58372079602067,295,304.4414885856256
-158.126853318588,21.4308399314563,85.12286967504355,295,303.4406358766245
-158.130350449149,21.4261377030804,65.31017463248642,295,303.88388040914595
-158.135013289897,21.4228822254874,42.52817026468678,295,303.5111775031576
-158.137927565364,21.4214353232604,35.11250724856852,295,303.4800504426806
-158.140841840832,21.4216161868228,29.62809379146798,295,303.35143619932114
-158.144144686361,21.4228822254874,23.71660880358771,295,302.9486974307579
-158.147447531891,21.4237865320992,21.129009334672485,295,302.82240492404804
-158.151138947483,21.4246908331108,20.574200053407342,295,302.8006101233561
-158.155413218168,21.4250525519473,22.515557039361713,295,302.8947879489478
-158.161630339166,21.4252334110296,20.67291651075853,295,303.13010948314263
-158.168624600287,21.4250525519473,12.686798721860912,295,303.30959639341194
-158.174258866191,21.4248716926411,7.109395941433029,295,303.57159087524815
-158.176396001534,21.4257759869321,7.634478612255987,295,303.5759624250394
-158.178533136876,21.4277654146578,15.423468524288175,295,304.70256798621784
-158.180670272219,21.4312016350578,35.81125999331725,295,304.5766324951423
-158.182613122531,21.4348186217746,18.597967353727434,295,305.0893007178269
-158.185721683029,21.4373504591406,6.945024576609326,295,304.0228682954551
-158.187664533341,21.4400630932857,7.089190836317835,295,304.11917491097626
-158.189801668684,21.4431373510151,6.2804112902747935,295,304.02660066735
-158.190384523777,21.4456690440295,5.017698934029358,295,304.1762676503486
-158.189801668684,21.4483815234968,6.669298928069051,295,303.9580790735838
-158.18921881359,21.4512747793226,7.98091651422144,295,303.91819368994345
-158.189995953715,21.4541679777427,9.4513983686853,295,304.1945232776441
-158.189607383652,21.4568802991197,17.4919296201401,295,305.1240884219291
-158.189607383652,21.4594117535412,43.58848469285209,295,304.9088106301242
-158.19096737887,21.4639320985114,176.784090079575,295,309.3004469866286
-158.192327374089,21.4682714977664,137.2668263605168,295,308.1046721830469
-158.192327374089,21.470621951733,111.0406458523077,295,308.8822694569105
-158.190773093839,21.4735147660914,107.48054906977727,295,310.73990640546776
-158.18921881359,21.476769113569,132.88454067026072,295,309.3056590585331
-158.186498823154,21.479842597189,215.94342822714282,295,313.9423434294436
-158.182807407562,21.4818312873145,334.0802284558025,295,317.15138802130747
-158.177561711721,21.483277590344,553.1599725306355,295,318.93911720899666
-158.171344590723,21.4841815224409,735.8286921889534,295,324.39278512675725
-158.14569896661,21.4908704454945,553.683966807989,290,311.9902152737146
-158.139870415676,21.489966554938,605.4537845535914,290,309.7807233661333
-158.133264724616,21.4879779759521,789.1474339844996,290,315.6747955401994
-158.127047603619,21.4854470179468,727.8078204811075,290,308.29556974318876
-158.121024767653,21.4827352283918,690.6918329786382,290,310.208403420206
-158.115973356843,21.4785770529666,576.0062560131004,290,308.11290065344076
-158.11208765622,21.4717067638499,439.18440227568533,290,305.6781574383883
-158.109950520877,21.463389664518,350.62156569697316,290,302.92813784691265
-158.109756235846,21.4568802991197,307.6958463217417,290,303.9872823847585
-158.109950520877,21.4510939525153,259.33836532483144,290,301.47769392430007
-158.109561950815,21.4487431836142,268.6636948081763,290,302.90760229121895
-158.109950520877,21.4463923768199,261.2476992345965,290,302.1860091853747
-158.111116231064,21.4442223676874,240.78860288365956,290,302.90479549496933
-158.112281941251,21.4397014116468,218.45652976997317,290,304.9531470212095
-158.115196216719,21.4344569271366,155.51112869358917,290,300.87803269009737
-158.119664772435,21.4288505456276,142.3575888442974,290,299.8246076774942
-158.123550473058,21.4228822254874,126.97286690647461,290,303.94982052610465
-158.128601883869,21.4156475710067,173.56472062676812,290,304.5034926667024
-158.132099014429,21.4127536088833,117.18562201118725,290,301.985089625497
-158.138316135426,21.4071463941513,140.10860153128948,290,305.8336586359249
-158.145310396548,21.4028051769252,21.192402607915565,290,299.26675518324686
-158.150361807358,21.3995491793956,21.73898185818803,290,299.6593783480414
-158.155218933137,21.3970166867397,13.766950634460853,290,299.02256610040945
-158.161824624197,21.3952077365598,2.8202126881236933,290,300.0423941772125
-158.167847460163,21.3939414581195,-7.982412124039511,290,298.7522257389847
-158.173481726066,21.3953886325848,-6.504566030024554,290,299.20729584179975
-158.176590286565,21.3979211534379,-6.369837313152422,290,299.04259789794014
-158.17911599197,21.4015389642808,-5.663114320512571,290,299.11086525353267
-158.179504562032,21.4053375693101,-1.0641651073492713,290,299.7252679525759
-158.178144566814,21.4076890372383,3.453039646340181,290,299.78492334069557
-158.176007431471,21.4100404673318,6.2797656641190684,290,299.17260374764874
-158.175036006315,21.4136579782048,6.395679747191712,290,298.9301146158084
-158.176007431471,21.4163710525801,6.423519376712219,290,298.8570329250495
-158.178727421907,21.4196266753177,2.8559956712775874,290,299.3355769275753
-158.183584547686,21.4246908331108,-0.2145500788335022,290,299.20632575835936
-158.188247388434,21.4301165215645,-6.582189321525059,290,297.92393225990213
-158.192327374089,21.4360845459484,-5.307871279512311,290,298.3293088645931
-158.194075939369,21.4387972036271,-5.247682408634163,290,298.4345726211098
-158.194658794463,21.4416906495651,-4.898943221044646,290,298.51944454093757
-158.195824504649,21.446573209457,-3.6420573851322464,290,298.5510815260752
-158.198738780117,21.4529022104979,4.809469062478266,290,299.38016124166694
-158.201653055584,21.4579652135407,8.19321711540804,290,299.8895932344243
-158.203984475958,21.4619431639979,10.38572864350299,290,299.86013662971277
-158.204761616083,21.4670058530003,16.18311921357443,290,299.958220036366
-158.205344471176,21.4717067638499,29.318229790567187,290,300.39351654675636
-158.205150186145,21.4760459315251,45.18590893384201,290,300.7693526752384
-158.203984475958,21.4793002224405,68.31232755732098,290,302.4408259792077
-158.201653055584,21.4843623081868,145.86054508065695,290,304.9305364743514
-158.203595905896,21.4823736526344,115.53038809485136,290,307.59592575700526
-158.198155925023,21.4858085860705,144.7631895495994,290,306.7181345932221
-158.193881654338,21.4868932850531,148.91578263601883,290,305.60708849129725
-158.187275963278,21.4879779759521,202.50928231594747,290,304.6715488640051
-158.182224552468,21.4887010987272,297.1751517441681,290,309.0822706211155
-158.177755996752,21.4901473334984,463.24285536760084,290,313.810625970018
-158.172316015879,21.4915935538973,655.2629555496902,290,316.546916797711
-158.16571032482,21.4919551067512,650.3125904433705,290,311.1163088924396
-158.157744638542,21.4914127771335,458.7637594133134,290,307.63882618817377
-158.151721802576,21.491051222932,491.98058564555066,290,310.3893097138641
-158.160282001049,21.3891399020175,-6.149114360752794,285,293.6651774848205
-158.151071433435,21.393527654038,10.743880119405418,285,294.133883374741
-158.144431256782,21.3973169703039,21.283312168466438,285,294.34803741992255
-158.137576880883,21.4011061883728,190.0561275220001,285,306.27423186755084
-158.131579301971,21.406490697733,272.479464826763,285,302.81546470376117
-158.125581723059,21.4118750087265,366.2584330325863,285,304.8139224608564
-158.120869339628,21.4174585290793,347.7374369337514,285,303.72909593409855
-158.116371155444,21.4232412358826,225.60227395153893,285,300.1087028780205
-158.111872971261,21.4294224968301,224.8431259668758,285,297.33209316372324
-158.108874181805,21.4358028787696,317.48131450756983,285,302.031387872168
-158.105446993855,21.4437779639178,428.9856279029583,285,302.34116655865716
-158.104804396114,21.4505564435064,383.346028087133,285,300.90934352107627
-158.104590196868,21.4561384842365,447.1088398345617,285,303.7360287619683
-158.105232794608,21.4621190049839,544.7408196929322,285,303.0414879510923
-158.10716058783,21.4673019244575,555.9914494225859,285,306.21356305608407
-158.108874181805,21.4716873277039,536.1533892202843,285,302.85617502746777
-158.110587775779,21.4754746151712,490.17860577322585,285,296.2241790902232
-158.113586565235,21.4796604498946,525.5046342240681,285,297.6206620253207
-158.118513147913,21.4844441136629,605.6316745448057,285,299.45456985314377
-158.123868129084,21.4874338236949,676.8550750358237,285,304.4649484775049
-158.129223110256,21.490423472316,849.5970517366151,285,310.8421551493254
-158.134792290674,21.4924165372762,846.6960082011885,285,308.06179072930377
-158.139933072598,21.4934130595194,787.3688014730956,285,307.4730778007513
-158.146787448498,21.4942102724,645.7648526076135,285,308.8356844965139
-158.15342762515,21.4946088772023,571.4597715082804,285,305.89361053658905
-158.160710399543,21.4952067823581,537.260801675816,285,303.8751383794791
-158.165422782974,21.4950074809125,656.4381233512352,285,305.15126788731305
-158.178488937032,21.4940109695894,414.220014709627,285,305.77156002082154
-158.171848760379,21.4948081791939,562.899194848822,285,303.2621609404582
-158.18470071519,21.4948081791939,251.32411787107338,285,298.9188242114068
-158.190269895609,21.4956053844303,325.06543306018864,285,303.7595552794567
-158.197338470755,21.4970004830825,601.631893926207,285,306.6776723640282
-158.206977436863,21.4983955683561,457.0713755944487,285,306.6663551100024
-158.21875839544,21.5011856987643,172.4148084868571,285,299.15015358532503
-158.214474410503,21.5005878181824,251.9789671259191,285,303.8189452700009
-158.221114587155,21.500388524109,130.55288844093718,285,301.2416263942767
-158.225398572092,21.499192753934,50.02603811181474,285,297.6247397262323
-158.226041169833,21.4975983784095,42.25030905921922,285,297.4842581881449
-158.226683767574,21.4944095749377,38.827148783332845,285,300.421430241864
-158.227112166067,21.492017926468,44.96333483752028,285,300.6380554992611
-158.227968963055,21.488430380059,61.27312113768787,285,302.4815577692285
-158.228397361548,21.4852413756757,64.50080198593517,285,301.7960068789534
-158.22689796682,21.4820523014263,36.56975296555975,285,298.50068128358623
-158.223042380377,21.478065860378,13.228712918590285,285,297.98839967783806
-158.218972594687,21.4756739433626,7.696786613932459,285,296.04985774847177
-158.21533120749,21.4726839918483,12.065114751516886,285,295.7163883862326
-158.212975015775,21.4688966318212,12.296291109591191,285,295.2945414482952
-158.212546617281,21.4653085157073,9.18109247685755,285,295.40663040635275
-158.14551055056,21.3749108813506,-2.4321523302066277,280,289.76700808911363
-158.141136493768,21.3794931478032,10.136731040440857,280,289.55551414220025
-158.13512216568,21.3866208326784,40.47265154258822,280,290.3868488700053
-158.129107837592,21.3934936285247,115.52232106549152,280,292.90269185049664
-158.124187023702,21.3998570404223,182.06709241494693,280,292.7083365289889
-158.117899317064,21.4085108361364,377.824349541511,280,294.5246559530832
-158.113798638822,21.4141100779669,545.47191210239,280,299.7183176904205
-158.108604446383,21.4225085383469,359.2637503482965,280,294.7491427170689
-158.10477714669,21.4283617251264,337.7333692738915,280,294.10463020047234
-158.101769982646,21.4365048989615,530.5169372102171,280,300.3727543818872
-158.10012971135,21.4421030674022,688.5978129741991,280,304.8682016210201
-158.10012971135,21.4484643616959,553.8538707387914,280,299.5303598816245
-158.101223225547,21.4560975485954,559.8037998664155,280,299.3975391118528
-158.101496604097,21.4622038103676,695.7537232017797,280,299.37642311981534
-158.102590118295,21.4667833388056,698.7851770868469,280,298.589404319799
-158.106690796537,21.472889152821,626.888938860365,280,297.5454924335456
-158.112158367526,21.4825561682193,481.14893144229194,280,294.0516640856623
-158.117899317064,21.487389435234,551.7150118899705,280,293.3468237849577
-158.1252805379,21.4922225417536,723.0794834085292,280,300.0992404083998
-158.133481894384,21.4957836754205,815.2646435691411,280,300.64231405900534
-158.143323522164,21.4988360063298,949.1443700995749,280,314.7585709318242
-158.154805421241,21.4993447219213,684.0410434274638,280,305.07337070079626
-158.164100291923,21.500362147767,705.4620822237129,280,298.72509076396864
-158.173395162605,21.5011252124809,517.1376958659505,280,300.35904260216114
-158.179956247792,21.5029056812446,353.7409553601011,280,294.40132148669875
-158.18569719733,21.5067208980515,479.48417544334114,280,300.59079699424194
-158.190344632671,21.5092643203104,699.8338370118759,280,303.2183775861039
-158.201279774649,21.5140967000153,657.2972050009774,280,306.51074623462824
-158.207294102738,21.5156226812832,500.0616242091296,280,303.6548423477867
-158.214948702122,21.5166399932274,282.73317602752036,280,297.8696576859147
-158.221783165859,21.5179116231435,174.66131425363818,280,294.6746370404144
-158.226977358299,21.5166399932274,42.88118419485444,280,294.98836613534974
-158.194718689462,21.5115533623004,683.0483439160282,280,305.8037563867044
-158.137878511518,21.3586750533287,-12.653835446729566,275,282.9555765881276
-158.133884158572,21.3612504262228,5.852981748192644,275,285.14884861053605
-158.129582547708,21.368117865919,154.2047465670641,275,290.73541138442397
-158.12650996852,21.3732682343591,288.586223667599,275,291.3364402515909
-158.124359163088,21.3818517791176,296.6878261432704,275,294.19523449684175
-158.122515615575,21.3887182524529,140.68447158490827,275,286.81614041075744
-158.119750294305,21.3950122365586,179.2709590852757,275,287.7427723456448
-158.115141425522,21.4035945056103,281.8777840345787,275,288.2470339969925
-158.10745997755,21.4150367472077,614.2528099585504,275,295.49851111881605
-158.100700303335,21.4250479735112,480.85071146610267,275,293.43747845989077
-158.09670595039,21.4373465404743,644.097044643686,275,294.33988628447815
-158.095169660796,21.4459263222538,690.0968189320813,275,291.7824276876551
-158.096091434552,21.4533617249217,679.9959453236963,275,291.5928464325416
-158.09670595039,21.459366965667,668.7705938201739,275,290.56911339836813
-158.098242239984,21.4639422211294,646.7131583406169,275,289.7620770074194
-158.101929335011,21.4713767048774,639.4718114972803,275,291.3632347249081
-158.104387398362,21.4773812032311,503.3585629468848,275,289.76600872110004
-158.106845461713,21.4828136312699,417.9232538265158,275,286.2523668356282
-158.112068846333,21.4888176580034,443.623385235715,275,287.5861100729157
-158.117599488873,21.492820204895,517.6999668234381,275,287.8221635144053
-158.124626853528,21.4980263257857,625.6470497136587,275,293.32868551111807
-158.133115190417,21.501185413451,817.0716961173057,275,297.44453646386006
-158.139528600511,21.5031159332469,995.7377457025589,275,307.39729065372273
-158.1480169374,21.5041689332436,1121.7911827261066,275,316.31624169220964
-158.157448422832,21.5059239162943,712.9005432124887,275,298.17619992369197
-158.167634427099,21.5073278874845,547.6756603659827,275,291.97289395499564
-158.17442509661,21.5104867730953,437.5782720183588,275,289.5366762630922
-158.182536174082,21.5138210778869,657.2598135604037,275,298.10022689977507
-158.189515473302,21.5161024002543,651.2493600931525,275,305.8501760759224
-158.198381069608,21.5192610951831,379.7173736507054,275,295.02991499548006
-158.207435295623,21.5215423321534,232.30647348607494,275,294.51598444050194
-158.21479185426,21.5227706756868,139.99804131310512,275,287.61998780332635
-158.221625573646,21.5231915108778,78.30120286407967,275,286.5164990482204
-158.228272779868,21.5234293449462,27.403875608742943,275,286.59435769183983
-158.133204708413,21.3452632830753,-3.2026877248079906,270,279.5521102024424
-158.128725905634,21.3471404796691,11.271107465750024,270,279.4884928652305
-158.122903462021,21.3506862298733,64.02025407101421,270,279.99392048003426
-158.120216180354,21.3538147617647,103.3430620568075,270,281.7188058321264
-158.118424659243,21.3586117142811,169.52653696869328,270,281.59694320756705
-158.118424659243,21.3638256149729,264.07891272052643,270,284.7626216309062
-158.117304958548,21.3721674700413,382.7896708315517,270,285.55836679359294
-158.116633138131,21.381760015826,454.7270340118302,270,290.14397377446744
-158.115065557159,21.3892667870002,279.521301332659,270,285.65347693363253
-158.113497976186,21.395105120493,360.639978237156,270,286.97262618644453
-158.111034634658,21.4001092208358,360.08790818835075,270,282.63857254905133
-158.106779772018,21.4059471214308,460.64236285311415,270,284.0171565628518
-158.102524909378,21.4126187223053,730.8609360615778,270,293.0438189439149
-158.098270046739,21.4192900185518,783.8603395520377,270,298.7382659941943
-158.095134884793,21.4263779369465,579.4381615439719,270,290.0543724559532
-158.093343363682,21.4317978776803,553.3828396878386,270,283.25041254232195
-158.091999722848,21.4378429587712,658.8898852410273,270,286.7673021108457
-158.091551842571,21.4455552848533,636.0134505230374,270,287.45324605457256
-158.091551842571,21.4532672031692,695.0400808492444,270,288.09176954115844
-158.091999722848,21.4599366414362,624.528995694841,270,284.86080533905744
-158.092895483404,21.467230990112,508.92546119211397,270,281.1316567520844
-158.095134884793,21.4736913939866,459.8939101491797,270,281.6947728881822
-158.097374286183,21.4780676338137,434.165245091479,270,282.5056980046338
-158.100285507989,21.4834856532893,378.5993716981197,270,278.91274483700084
-158.102748849517,21.4878615987427,377.22934978852936,270,278.7047686343964
-158.10633189174,21.4922374126325,383.6505096214609,270,279.13348626711485
-158.109690993824,21.4959880055222,402.400972148179,270,279.33160417833113
-158.114393736742,21.498488347067,448.8506050666812,270,280.3119694816754
-158.120664060632,21.5009886456351,548.498700972921,270,285.52800466933854
-158.126038623967,21.5036972539147,660.2461813519827,270,286.1071824907701
-158.132756828135,21.5059891138254,843.7539481545391,270,295.1440104792831
-158.13984397469,21.5073551879545,1088.568964632622,270,306.53415920912266
-158.14622775578,21.5075351660759,1154.217516001301,270,307.1320034120652
-158.152611536871,21.5091549591425,979.3725136927626,270,304.24369278133804
-158.161123244992,21.5122145190295,703.7578832018883,270,291.726988974773
-158.168861161465,21.5149140772175,591.5659244414081,270,285.84202217296365
-158.176212182115,21.5172536537564,650.2354405880669,270,290.09466137935016
-158.182982859029,21.5192332660253,538.971928685302,270,286.77772301053744
-158.190140431767,21.5224725733836,325.0052375673709,270,285.45324033289677
-158.196911108681,21.5253518970716,224.65712071850874,270,284.7032118491709
-158.202714546036,21.527151445396,155.88669988059752,270,284.04074797492524
-158.210065566685,21.5293108739562,103.537459862655,270,282.7857029569266
-158.216449347776,21.5305705257894,54.45484432629447,270,281.73658781709105
-158.222059337219,21.5318301666968,29.69968196905843,270,281.048847848652
-158.229410357869,21.5320101145059,9.337636914774798,270,280.59274559742016
-158.12672968341,21.3321482840267,-4.532013630716608,265,273.5164812162838
-158.121791803347,21.3346780270278,8.738146656733521,265,274.0915858390927
-158.117100817286,21.337897636844,13.049255455019846,265,273.66422753385154
-158.113644301242,21.3404272806917,23.512905682947626,265,273.78550832556715
-158.11117536121,21.3436467642989,50.88721232075699,265,274.71653765319365
-158.110681573204,21.3477859964944,86.78734130689922,265,275.4476066296109
-158.111422255213,21.3533047909517,138.8132706122732,265,276.0313661995609
-158.112162937223,21.3588233775938,220.8038165101851,265,275.6643972923795
-158.112656725229,21.3645716843153,298.4888489754627,265,278.47371269611165
-158.113150513236,21.3712394374899,391.50327717734797,265,278.44502601108746
-158.112162937223,21.3774470726772,494.2629427926363,265,282.57787553982865
-158.111422255213,21.3831946483096,503.64054067101904,265,281.16790906687237
-158.108953315182,21.3900914410759,468.5933645956826,265,285.043286531489
-158.105990587144,21.3967580316657,533.287513752213,265,280.75394732570226
-158.103274753109,21.4025048485886,535.0692565820592,265,285.0436597575108
-158.098336873045,21.4082514395983,748.9999450969049,265,286.63520455520245
-158.093398992981,21.4130784014251,696.7446031427854,265,283.6458774892595
-158.09111909575,21.4204263423966,675.0363628085568,265,282.8638690255182
-158.089199608845,21.4273752312334,638.7971996813799,265,281.3914277150775
-158.088346503554,21.4355149375208,626.9313006649829,265,281.4596628564002
-158.087493398263,21.4406764672672,574.3374395410406,265,280.9658066493119
-158.087066845617,21.4488154316192,574.2477029322656,265,279.7193841356352
-158.087919950908,21.4567554469255,650.7856346424476,265,280.71052222467176
-158.088986332522,21.4642980609154,505.6181241919138,265,278.10775355322903
-158.089624896274,21.4702313723073,424.64167371561996,265,276.2108188791261
-158.091353154296,21.4757455439443,394.8468014203493,265,275.66822871846136
-158.093212006456,21.4812746091334,368.6186723385341,265,274.1477340002463
-158.094803507214,21.4870502027435,348.064129287018,265,273.06382385293404
-158.098145658806,21.4928255671809,346.84646173056063,265,273.00803800060453
-158.101328660322,21.4951948811555,355.0027377411517,265,273.39629984481655
-158.096554158048,21.4903081288102,351.9055721818528,265,273.25041705027553
-158.106739762899,21.4981564693647,377.3905475154715,265,274.23450326684053
-158.111514265174,21.5003776209541,407.94932479004046,265,276.7922780503109
-158.116129617372,21.502450665169,466.056395895814,265,279.2330260777028
-158.122336470329,21.5052640350545,587.8739581005893,265,277.9510425167632
-158.12758842283,21.5076331464254,707.2059769960277,265,284.24960655937656
-158.134272726014,21.5097060872094,886.5358851933671,265,287.85940685140497
-158.139206378364,21.511482870071,969.8977203150839,265,297.9942899273248
-158.145094931169,21.5135557559619,980.2468747699511,265,297.6696591960766
-158.150983483974,21.5154805521057,838.8270308039783,265,295.50136720944084
-158.158781837689,21.518589784336,605.2799204727515,265,281.9118733346135
-158.165147840721,21.5211067331315,658.2887852792135,265,286.06872738991973
-158.170558943298,21.5230314292626,699.5067407059615,265,284.4832380389193
-158.175651745724,21.5251041504267,646.4489665065317,265,281.5596139265309
-158.182336048908,21.528065129359,460.7028157873988,265,285.81464224532095
-158.188065451637,21.5307299587892,418.72222909282414,265,280.0862127413523
-158.192680803836,21.5329506126287,458.51945367917466,265,290.60004682845255
-158.197614456186,21.53502319224,450.8850405099483,265,285.90037457976996
-158.20238895846,21.53694770396,290.295879365364,265,283.69902449843784
-158.207640910962,21.5384280802312,196.13790331873648,265,278.26500776371023
-158.212733713388,21.5407966508646,228.30302411231025,265,281.6164163886186
-158.216871615359,21.5428691184641,294.6346709622796,265,282.97985159448814
-158.220532067102,21.5446454957097,381.73770634400114,265,282.05374380753324
-158.226831088833,21.5470617762377,379.62731016235733,265,284.18897270595915
-158.234350929915,21.5493931995518,163.49575833730051,265,278.96148093853395
-158.239698372462,21.5511028861723,38.158506669084204,265,281.9137945982056
-158.246048460487,21.5521908580768,1.9036887782973393,265,276.21212979974104
-158.121666203194,21.3164726506079,-2.9053892699816397,260,269.17170528278785
-158.11771156442,21.3191404150275,4.474806195630936,260,269.2008071037236
-158.113893292502,21.3221892292911,8.176572440167796,260,268.72777923927924
-158.108984085749,21.3276515298124,11.881119451273767,260,268.13957164602414
-158.103256677871,21.3338757639526,21.99365800845682,260,267.7878539620395
-158.097938370555,21.3428940836455,65.82163428786302,260,268.8925763337318
-158.098483837972,21.3486096329247,125.54073947883595,260,270.8425097594594
-158.100256607077,21.3547059731988,198.86142392756625,260,269.3150436113013
-158.102165743037,21.3606750606499,265.67748344760946,260,272.8866388441306
-158.103393044725,21.3668978928753,360.2823890362729,260,271.55706557668344
-158.103665778433,21.3743903400063,488.5656812943171,260,275.5632053553318
-158.102711210454,21.3825173067175,607.4871391123747,260,278.5866898936724
-158.10066570764,21.3887392105601,673.6061288094633,260,278.820714480675
-158.098074737409,21.3952147886178,707.0347015372489,260,278.3996001310725
-158.094665566053,21.4035945228109,673.9247484184395,260,277.7525611786528
-158.092367379117,21.4084984392914,638.5478479602025,260,279.9766409678736
-158.089368007204,21.4136422808955,577.1895824563236,260,274.47793730736004
-158.087315805368,21.4195207352606,581.5854981970849,260,276.926860490829
-158.085737188572,21.4242233284121,574.2499854535571,260,274.63290095713705
-158.085105741853,21.4296605129558,537.687056313531,260,272.6487146773549
-158.084790018494,21.4350974949919,531.8715308629796,260,273.128257072752
-158.084158571775,21.4411220222896,506.846516161294,260,272.1157780597479
-158.083817349127,21.4463381324039,499.7011009568626,260,273.2654006862017
-158.083295221621,21.4528176633171,540.694373345653,260,274.9626858720261
-158.082947136618,21.4583250382079,581.1662221288118,260,274.75102671605606
-158.083469264123,21.4633462869106,516.5771775441409,260,270.605186935677
-158.083469264123,21.4680434274587,409.38723609451756,260,269.9695618280104
-158.083817349127,21.4735502269774,357.39679151697203,260,269.8041269410794
-158.084513519134,21.4790568183019,335.4502254057039,260,267.64142365146256
-158.085731816647,21.4848870997908,318.0456438507407,260,267.18244195669405
-158.087298199163,21.4902313193604,326.60113210101343,260,267.713377028252
-158.090487237138,21.4952241718201,323.45309010910825,260,267.9665516230515
-158.094929781861,21.4989640089796,329.5407272001569,260,267.7703905947237
-158.099372326584,21.5017196169415,340.12239695566177,260,268.4596036625891
-158.105084169799,21.5040815250697,362.8638792847237,260,269.10033097389726
-158.111853761758,21.506837036069,429.10677144823774,260,272.841007397803
-158.11650785623,21.508214771987,505.9728690288955,260,274.45676603337176
-158.125816045173,21.5109702046568,679.9688741559356,260,275.33062352289244
-158.132162537634,21.5137255851001,834.9055422442898,260,282.82576884005636
-158.12137350045,21.5097893113359,590.9157140616178,260,274.6570401133438
-158.140836077332,21.5174649464423,713.9899943646011,260,284.920445565586
-158.150144266275,21.5206138076827,613.1409972166005,260,281.4047156765318
-158.157971606977,21.5235658031211,495.44064875093557,260,276.6670572976946
-158.16579894768,21.5269113254394,564.7845471222986,260,275.68558659646044
-158.172780089387,21.5294696140454,649.8071499046558,260,278.12840816101584
-158.180818979839,21.5339957065696,639.7932124683373,260,277.2129892529695
-158.187588571797,21.5375377675288,621.6028090096655,260,279.34064538220935
-158.192877315515,21.5402926440843,605.682613180775,260,278.0351301829889
-158.197531409987,21.5428506969279,532.3048719101724,260,278.4780363772854
-158.202820153705,21.5458022403391,476.77362624424063,260,279.26415139958806
-158.206628049182,21.5475731375709,502.4236129429587,260,278.36776719216385
-158.212974541643,21.5513116274163,540.7765768501777,260,278.1078143995271
-158.219321034104,21.5538694860143,517.1090052246836,260,278.07166805870645
-158.223552029079,21.5554435304255,506.8847731455304,260,279.3307934196309
-158.228840772797,21.5576078135992,440.6116778237084,260,277.9834613706348
-158.234975715509,21.5611492982146,402.7312577940275,260,277.51181414534267
-158.243226155709,21.5641004693218,354.2489082871206,260,276.9428998282542
-158.249572648171,21.566658102356,323.7285111439753,260,277.24879734863003
-158.254438292391,21.5686254816758,293.1298100057417,260,276.2203458974074
-158.26120788435,21.5709863016106,221.4610921797833,260,277.5678283021747
-158.266708177816,21.573347083089,155.16632501234912,260,273.6425044889392
-158.272420021032,21.5751176439587,36.60337146845411,260,273.8921077020838
-158.110983939018,21.3016640059163,2.336096349617445,255,264.52831680650104
-158.107810692787,21.3048175210871,7.157939985359842,255,263.8708360744177
-158.102733498818,21.3111243483619,9.11573347755319,255,263.18099808832244
-158.097656304849,21.3174309048266,11.092956051209736,255,262.7238098954666
-158.093002210378,21.3249195888033,19.070604437880384,255,262.34547717377484
-158.088348115906,21.3324078906957,28.151402360541013,255,262.42797431772925
-158.086232618419,21.3383194380147,65.51502363428433,255,263.22644670572515
-158.086232618419,21.3436396268893,109.65749321508218,255,264.2773884032659
-158.086232618419,21.3509299425698,165.35706849443602,255,263.88946965127076
-158.087078817414,21.3597960540418,250.07696641732156,255,264.7738663882091
-158.08771346666,21.3680706073541,306.9572700759255,255,265.32723066521777
-158.088348115906,21.3777236619823,385.4042606669887,255,269.7491158441188
-158.087925016408,21.3840273540635,505.7825091954344,255,270.33421535068084
-158.086232618419,21.3923005377993,514.9651844325988,255,268.12973651406446
-158.084963319926,21.3993914657021,469.3906822593992,255,267.41624032745375
-158.083482471685,21.4045124775451,430.47106763238423,255,269.3768524729138
-158.082001623444,21.4096333099789,402.9701569908001,255,266.6526159198037
-158.080732324952,21.4159356266335,415.9225386619872,255,267.69417122325467
-158.079039926962,21.4212529948326,414.0536400150579,255,269.85114226543834
-158.078616827465,21.4275548101493,404.8487454186094,255,267.964240684891
-158.078464293089,21.4335533378057,400.1759864574387,255,267.02252487280475
-158.078306431409,21.4413411767409,394.14422481972866,255,266.5153062551262
-158.07783284637,21.4486878135355,409.9958933680502,255,265.75668641836575
-158.078622154768,21.4563279232261,488.01672833680743,255,269.3596000764534
-158.07799070805,21.4624984887642,487.7187588728224,255,266.26487943594924
-158.07799070805,21.4692564274413,417.2276862894547,255,267.0167467425496
-158.07783284637,21.4745450303582,333.650758384864,255,263.83702624299787
-158.078464293089,21.4789520527657,313.84317422992774,255,262.9730282981783
-158.079569324846,21.4843871967081,302.1900347409554,255,262.2508460980717
-158.081305803322,21.4896752500971,311.1681990117745,255,262.11592839049604
-158.084305175236,21.4961381655247,313.2734712246997,255,261.9307480543843
-158.082726558439,21.4933473963511,314.5209586864422,255,262.24481378465515
-158.087462408828,21.499222637591,311.3695470400368,255,262.4311955214581
-158.090461780742,21.5017195432647,318.5167264628358,255,262.56577273868686
-158.094968299725,21.5040689862833,325.0645790920411,255,263.04472786090463
-158.100019873474,21.5064189380296,341.5923711128982,255,263.9140209408728
-158.104913585543,21.5090625883488,417.0588863601894,255,266.535045354505
-158.11075446769,21.5108249951895,505.6700913751843,255,269.8932330216574
-158.116279626477,21.5125873806643,596.9783331147337,255,272.29299994802733
-158.123699125421,21.5144966074827,720.3117481967548,255,274.13375944102927
-158.129066422528,21.5161120875102,723.4760928251385,255,279.2823818568447
-158.135538751394,21.5186087031413,587.885530565935,255,274.577963867926
-158.14153749522,21.5213989874993,609.931124848601,255,271.81121794609203
-158.14627334561,21.5236018057211,557.939642017409,255,270.2394035820075
-158.151324919358,21.5255108878297,488.1512741092583,255,271.4688016971244
-158.15527146135,21.5266856951186,427.9511090298422,255,267.54552009389465
-158.160007311739,21.5284478882363,441.6001759817165,255,269.18701347056117
-158.166163917245,21.5319722103301,501.5602631943158,255,270.75036552197764
-158.170584044275,21.5346153957711,550.0343555885286,255,270.62851561363584
-158.178477128257,21.5390205979122,562.6589465240156,255,272.9096661562525
-158.183844425365,21.5422509945238,568.4151335935478,255,272.8915750152436
-158.189527445832,21.5457749815552,501.014238483804,255,272.70389326133784
-158.193947572863,21.5487115720449,510.4950992192146,255,270.1100993810861
-158.199788455009,21.5516481031007,475.33608504366714,255,269.11944862565946
-158.205945060516,21.5551718619057,460.81553430866563,255,271.0880980452597
-158.211079876166,21.5580078095256,484.14326405321253,255,272.0183371940674
-158.217203306651,21.5613181402921,441.2005116173713,255,270.8578614987851
-158.222241698536,21.5644419929248,401.5561794665612,255,270.2234044915462
-158.226504953208,21.5666046207026,404.2114360838357,255,272.059695343113
-158.231155776487,21.5692477886163,371.47207335183003,255,270.4706721581824
-158.234514704411,21.5709297794653,341.7099859404454,255,273.23391896812336
-158.237873632334,21.573332589673,295.0588324407299,255,270.31805872027843
-158.242782834684,21.5759756348845,139.43045156895133,255,274.2009447478588
-158.246658520749,21.5786186318832,47.416677971604265,255,267.478731794464
-158.249371500995,21.5803005139595,20.090217610219135,255,266.25917065152225
-158.102417289339,21.2968787064659,3.9327615369118094,250,259.0250854938404
-158.098306571201,21.3032619034548,7.349964998930938,250,258.1744984970076
-158.09378478125,21.309644823148,9.182149821868718,250,257.66723718538105
-158.08844084767,21.3184527968254,15.517716528900895,250,257.5097950501438
-158.082685842277,21.3264943982887,20.219080086213587,250,256.86199660858506
-158.078849172015,21.3341526567018,26.724065826229236,250,256.92329433064884
-158.078164052325,21.3405342333349,45.10503969282903,250,257.2301214077358
-158.078301076263,21.3458945431124,75.2324776403276,250,257.49399177570007
-158.078301076263,21.3518927526437,123.82114216018013,250,259.60564788082866
-158.078027028387,21.3594220724399,213.85237092386402,250,259.66557005500005
-158.077478932636,21.3661853687942,224.91944035889009,250,258.3287959805833
-158.076382741132,21.3711619345784,227.43145905909054,250,259.20499240920606
-158.074464406001,21.3767763185572,284.75323228108266,250,261.2608975282821
-158.073210025518,21.3815474151564,271.70340732071685,250,259.5778844651461
-158.072001474386,21.3885808118714,262.11952667440244,250,260.1155441349333
-158.07139719882,21.3946292626016,293.174019441576,250,261.97333643681344
-158.070188647687,21.4005368101971,238.330836636844,250,259.32886141945676
-158.07049078547,21.4072880008716,247.4793438112849,250,258.4353356010075
-158.070188647687,21.4129137548821,264.4998218804424,250,258.8275639850482
-158.069886509904,21.417836111954,265.0812558913255,250,258.64546799100333
-158.069282234338,21.4244458733728,272.41561270438956,250,257.72813954923333
-158.069131165446,21.4302115911291,282.20392623589845,250,257.67613980862177
-158.068073683205,21.4362583187502,290.10258519680303,250,257.5951449744105
-158.068073683205,21.4444139730673,296.39605945903804,250,257.4478872966275
-158.067771545422,21.4408986607303,289.7671536652816,250,258.0714713176729
-158.067927675618,21.4504375756408,302.0281126139322,250,257.89286206221607
-158.068077228654,21.4579538651057,307.1846432320168,250,257.68026282937655
-158.069423205978,21.4637996000949,313.1779671407537,250,258.61501579985634
-158.070320524194,21.470201802692,330.7781963559434,250,260.1389635054823
-158.071666501519,21.4768820619545,293.55497908175755,250,258.069127970821
-158.073162031879,21.4838403395067,289.8759678732419,250,256.81753244069154
-158.074956668312,21.4909374399837,299.7521883602878,250,256.98121394863296
-158.077499069925,21.496781851087,302.3974754650189,250,256.7711003927026
-158.080639683682,21.5020694493026,299.2876134226673,250,256.91210920666146
-158.085574933872,21.5066611549581,302.90450002474597,250,257.27865734579876
-158.091257949242,21.5094439363045,309.22143970538485,250,257.41868711239823
-158.097389623721,21.5119483939756,343.34393012441376,250,258.378953338207
-158.088266888521,21.5083308301573,308.7925449201131,250,257.2714528400878
-158.083331638331,21.5048523185227,294.17800771444956,250,257.4366709727975
-158.07884504725,21.499703968598,300.54034191891316,250,256.87702095066953
-158.102474426946,21.5133397407046,417.97940264920976,250,261.27406155821603
-158.094697669072,21.5109744433416,318.49831237015576,250,258.58295316394896
-158.111298056074,21.5162615254845,631.6883649233965,250,266.1857107799083
-158.120719897345,21.5187658656878,622.7782817278825,250,265.69705063668584
-158.129543526473,21.5214092890801,549.1490011703556,250,266.2730158388505
-158.136123860059,21.5243309116139,465.2511853959894,250,267.09633764283916
-158.141956428465,21.5264177488794,514.8846274672148,250,264.63169929058114
-158.148835868124,21.5292001519306,475.26493394962074,250,265.4298106154571
-158.154219777422,21.5321216177664,349.5140200573081,250,262.9953074328937
-158.159155027612,21.5340692290055,366.90480817399236,250,262.08444640464495
-158.163492065657,21.5367123739024,385.46484750626604,250,263.5950024298157
-158.167679550667,21.5386599235617,468.9280525526782,250,263.22932762200725
-158.172764353893,21.5408856626074,481.9079861264702,250,265.94892260934574
-158.17740049801,21.5438068933109,432.67491978597565,250,264.08861517665787
-158.182634854272,21.5463107585434,482.6886088870932,250,267.2399832575201
-158.186971892318,21.5493709796003,431.22365542305727,250,267.1320469663923
-158.191608036436,21.5535439042928,375.9325612456222,250,266.51999500177493
-158.196393733589,21.5572994338809,357.61509756935885,250,264.2240225911147
-158.199915077566,21.5598717672146,365.7896172324645,250,263.4615314194742
-158.204250690095,21.5630321585851,365.7043652138842,250,265.28478706264843
-158.20999244723,21.5672822314659,354.3401418722346,250,267.93997265207446
-158.215148310779,21.5708783496537,261.7476689486707,250,268.91187707486824
-158.218780851006,21.5740385010672,162.5928546326311,250,266.1460430595772
-158.222061855083,21.5768716816743,41.30157435859424,250,263.0655148592242
-158.226045931462,21.5801406673785,22.226034176969563,250,261.05116061303073
-158.228623863237,21.5825378766782,9.220202980318644,250,259.9953381864827
-158.092621393593,21.2962233563023,2.1635376354432205,245,253.19226831521755
-158.089393543398,21.3000661422195,8.830507223436527,245,252.81417665951207
-158.085089743139,21.3062478043661,9.921455662296118,245,252.38253837999724
-158.080785942879,21.3134315714173,12.995570466192179,245,252.1145214617739
-158.074509567501,21.3237889424934,19.555246202067508,245,251.6291925051908
-158.071461042318,21.32896735399,19.514458630053362,245,251.43032094633946
-158.076302817609,21.3201138299435,19.952671638761466,245,251.74061814807075
-158.067874542101,21.3344796557428,24.16249230326809,245,251.29166157984525
-158.063929391864,21.3419960970544,26.223924403002886,245,251.25632940312678
-158.061060191691,21.3498461910974,35.49193059687791,245,251.20096727286844
-158.058370316529,21.3576958647487,46.482308579560495,245,251.24008915946698
-158.058370316529,21.3618710517531,54.38474468757666,245,251.36975836784436
-158.057832341496,21.3668811190807,64.21741054854901,245,251.57803121820075
-158.058011666507,21.3718910150202,76.37169748551082,245,251.94663393435263
-158.057473691475,21.3779026638695,101.31558282368863,245,251.81162051287558
-158.057115041453,21.3847489632239,123.25506794922846,245,251.9834322655467
-158.057115041453,21.3907600839099,145.66765495528986,245,251.9462536322667
-158.057115041453,21.3942664569043,160.80325974361602,245,251.9474839702142
-158.056039091388,21.3989414901241,171.71166959060045,245,251.83724522295668
-158.055321791345,21.4027815841612,181.02266866856405,245,252.06077059122563
-158.055142466334,21.4086250119674,185.99867539350709,245,251.81207807308982
-158.055501116356,21.414969040468,192.30659530358304,245,251.49648164685425
-158.056218416399,21.4194764722629,204.44949888412577,245,252.0607608681244
-158.056296035906,21.4241687384723,220.28206989055246,245,251.8611846781542
-158.057237492213,21.4292517896458,235.94774817618907,245,251.49926017527318
-158.057802365997,21.4357368048751,243.55032646575086,245,252.0922763365037
-158.059308696088,21.4432730821377,259.41134682371353,245,251.75123903246322
-158.060061861133,21.4487059707563,264.788727081503,245,251.61287758553243
-158.060438443656,21.4544891459247,265.66764486715766,245,251.5336888645413
-158.060815026179,21.459571140796,269.047642847029,245,251.65783217026353
-158.061191608701,21.4644777263389,272.0140113878077,245,251.74177521601416
-158.061568191224,21.4720125181712,276.5457403113762,245,251.70871804694178
-158.062321356269,21.4795469202658,270.8672030601147,245,251.81099821603684
-158.063451103837,21.4830511605089,271.65549880591396,245,251.57558108288043
-158.065710598974,21.4907601921228,287.6820132131876,245,251.52535900580446
-158.067405220326,21.4954905320796,287.5805331822345,245,251.3444782517971
-158.064580851406,21.487431342197,281.3161316253161,245,251.56394851933368
-158.070606171769,21.5005710962814,286.24333564571793,245,251.59926780828687
-158.073221867028,21.5039564589214,275.8814808802151,245,252.53341655131226
-158.07663758152,21.5071343785135,273.25281117167754,245,252.93823181497032
-158.080866561366,21.5103122286496,288.04076872649443,245,251.94496422734724
-158.085420847355,21.5133386880075,294.7763237507393,245,252.37340264988492
-158.091926970196,21.5153058527998,310.52351013813325,245,252.996529623026
-158.098270439966,21.517272990967,366.30082562575706,245,254.03425569172722
-158.104451256665,21.5198453622393,476.6591835591266,245,258.1118316167095
-158.110144114151,21.5215098135026,567.1535979802624,245,260.9353861359222
-158.116487583921,21.5234768676857,480.40128429590277,245,260.5057349156602
-158.12429493133,21.5252925863696,471.74133102558534,245,259.5030454318641
-158.132752891023,21.528016121842,402.0721760872902,245,258.2687602699426
-158.140560238433,21.5305883028964,413.9668506549875,245,260.3429486107025
-158.148530238913,21.5337656401257,451.92900683727635,245,258.7317776777485
-158.155524320967,21.5367916109444,285.8014116062304,245,258.37591914021914
-158.161379831524,21.5401201060005,327.36332390251994,245,258.56933352161894
-158.167235342081,21.5434485247343,425.6650954129722,245,258.2181907146281
-158.173741464922,21.5464742937087,363.81763543774593,245,259.42411346859285
-158.179596975479,21.5513153928348,335.131595143125,245,257.44671455428994
-158.18447656761,21.5552486669275,289.87547228874524,245,258.67347931466486
-158.189030853598,21.5588792868071,255.23227939297962,245,259.8542775881869
-158.194235751871,21.5631148951197,225.14582715740565,245,261.2108175740085
-158.199603303215,21.5673503796966,221.82640995296666,245,259.4448022981584
-158.20350697692,21.5715857405183,135.87272491397903,245,262.1726635753281
-158.207026681686,21.5744485340265,95.05298442952369,245,261.3603022754563
-158.209962415041,21.5771785658314,24.393924747037282,245,255.89864428428456
-158.212793300776,21.5797135493034,15.838593802263588,245,255.38752572303494
-158.082962307061,21.2946023857263,-2.8977137128439034,240,247.02516704923497
-158.0809550808,21.298342705695,-1.521393743050512,240,247.36094228476546
-158.078546409287,21.3024569477181,7.595469548048923,240,247.1660262958876
-158.073729066261,21.3105604208346,1.8182842182152452,240,247.2615127165159
-158.069714613739,21.3171675372727,17.0645690896932,240,246.52797008845218
-158.065700161217,21.3234003934514,18.084976629607024,240,246.2890382073362
-158.06382675004,21.3281371871445,19.71284864045882,240,246.2164063908037
-158.061685708695,21.3318766531124,21.60536358074985,240,246.1196586125215
-158.059946112602,21.3358653117595,22.69077930281931,240,246.0204288477915
-158.057671256173,21.3404770631187,22.716650058392506,240,245.9944138938142
-158.05526258466,21.3450886694551,26.20898568620058,240,245.94747543780133
-158.053389173483,21.3493262338808,30.004882292881074,240,245.8572314690446
-158.05231865281,21.3535636758065,35.54345202932493,240,245.897114947754
-158.05098050197,21.3571778676905,40.58408217420962,240,245.99786068069704
-158.050311426549,21.3617889485972,45.84545551115641,240,245.78568850728107
-158.049988138003,21.3664009177751,51.82528607847743,240,245.84905406746373
-158.049304995105,21.3721265179177,61.482183875826294,240,246.14899407371243
-158.048963423656,21.3819867488436,88.99061440353216,240,246.53094442580056
-158.048621852207,21.3902561076988,129.28766870772264,240,246.76137533856834
-158.048621852207,21.3961397899394,151.502865922449,240,246.06824690299368
-158.048280280758,21.4010691792934,155.08576218025598,240,246.04123992111863
-158.048621852207,21.4074294360926,167.68320620421557,240,246.3754530013196
-158.049304995105,21.4156973561266,191.34013221317025,240,246.25923135701697
-158.050671280902,21.4207850743535,205.02253519436363,240,246.57462488833497
-158.050671280902,21.4284163193729,213.9256553242853,240,246.66745379805363
-158.0513544238,21.4338215432614,220.752724742963,240,246.4090029044653
-158.052037566698,21.4379548146992,227.89579195589909,240,246.2307712197607
-158.052891495321,21.4441545023319,241.95037929086251,240,246.75151521201622
-158.053745423944,21.4511487053904,246.7470626922966,240,246.5724677765254
-158.054257781118,21.4567120364555,246.55079890855535,240,246.821454375724
-158.054940924016,21.4630698691304,256.28276048129686,240,246.4674959268765
-158.055794852639,21.4684738088279,261.19753451244685,240,246.17112564998635
-158.056990352711,21.4743543389867,268.39259414289046,240,246.458290916726
-158.058015067058,21.478486461389,265.63479221777476,240,246.9036252919003
-158.059722924304,21.4846844251341,271.5791792986221,240,246.19843695549594
-158.060918424376,21.4884984255119,278.7023769932704,240,246.30827066014402
-158.061537404606,21.4931119021369,280.304960330689,240,246.45133232179234
-158.063608608481,21.4971413955641,281.0108887382319,240,246.3451235003925
-158.065303229833,21.5013459653639,279.2831570347224,240,246.35978982403103
-158.067374433708,21.5059007788201,256.5209770724333,240,246.57135779078936
-158.070387093889,21.5108058029871,265.0703652732397,240,246.53182097580446
-158.076412414252,21.5153603201009,259.5503006127061,240,247.5765713821777
-158.081872860831,21.5185133637292,237.64808151914124,240,247.24584730563583
-158.090345967592,21.5220166653011,369.7092260832841,240,250.96121074842335
-158.098630783091,21.5239434451604,439.8830462473924,240,251.26083615564306
-158.093735210296,21.5228924774958,429.33718408105375,240,252.40622675649567
-158.086015268581,21.5202650250733,288.8689955706885,240,249.71885720598803
-158.073023171548,21.5129079055418,272.24283846321015,240,247.21904374852306
-158.079425074434,21.517112019451,254.21086902008426,240,248.33220588106101
-158.103714647148,21.525344723553,430.3741412012957,240,253.85883343239496
-158.108798511204,21.5265708310583,402.23790700337753,240,251.52482895904103
-158.112940918954,21.5276217721113,379.92884663275197,240,252.5477618101313
-158.117271617965,21.5293733236349,377.8342163927854,240,252.4164128009548
-158.124426685896,21.5321757621351,358.8616819587556,240,251.2332298311112
-158.133652957702,21.5353284408025,287.49479202066425,240,250.39165220495087
-158.142314355724,21.5383059077985,332.2557480167666,240,251.71104247636197
-158.147586511041,21.540757893589,375.40162325173236,240,253.45365905033586
-158.151728918791,21.541983870952,293.781249320215,240,251.2145861317219
-158.157001074109,21.5446109304304,199.18769377793853,240,252.44823359826225
-158.161896646904,21.5475882070168,284.03144143459633,240,254.5707232293612
-158.166039054653,21.5500400359836,312.2577617205795,240,254.55684136432603
-158.171311209971,21.5533674518784,245.12050449696594,240,252.09389224754892
-158.175830200243,21.5570450332789,210.70531385402168,240,251.99761996380437
-158.181102355561,21.560722521428,167.08564309544423,240,250.42883188844314
-158.185244763311,21.5638745798972,101.08323981705989,240,252.03736202903949
-158.189010588537,21.5672016783804,70.09035788182324,240,253.40546747533224
-158.193341287548,21.5707038048115,39.205975266730725,240,251.66866205109542
-158.198048569082,21.5743809464866,14.66223116308661,240,249.66708955256613
-158.201061229264,21.5771825156088,10.689122962414153,240,249.04255319559832
-158.203885598184,21.5801591234435,8.919109517089645,240,248.8298110364278
-158.207274840888,21.5827854913287,2.6714025972919524,240,248.74223918198834
-158.073296947537,21.2985139857429,-1.9034885190088189,235,241.89211031394066
-158.070284287356,21.3034259741786,6.169409260983905,235,241.76863156214142
-158.065765297083,21.3102673987081,10.882364741230168,235,241.640488710949
-158.061999471856,21.3160560475032,13.468507400064528,235,241.2649610839833
-158.057103899061,21.3228968836895,18.184971099013847,235,241.13334275263665
-158.052208326266,21.3320175026736,19.214198945507864,235,240.82948748011415
-158.054279530141,21.3278080566579,20.353153635946057,235,240.94444530946802
-158.050325413653,21.3369283703814,20.303717059799396,235,240.71303577898652
-158.048065918517,21.3413129347581,21.880898349845147,235,240.65779649618088
-158.046183005903,21.346749612522,25.467839973001322,235,240.78707607672894
-158.043546928244,21.3534136521605,31.115333759396893,235,240.6585742488021
-158.041664015631,21.3600773887848,35.67174823917615,235,240.77255717299545
-158.040910850586,21.3653380193975,41.49864398019931,235,240.55487552795876
-158.040534268063,21.3725272423291,47.988668336559485,235,240.6572685461881
-158.040534268063,21.3772614158803,49.19697915541452,235,241.48589131880848
-158.04015768554,21.3848007094994,87.19164245442163,235,241.3606973481103
-158.040534268063,21.3919889765211,114.56113102369355,235,240.77568390464327
-158.040534268063,21.3997028213184,135.33062926103491,235,240.85717799534987
-158.040345976802,21.4060138461817,155.41251755122317,235,241.23715531728595
-158.04015768554,21.4151292898909,176.6268745320973,235,240.90672384797898
-158.040534268063,21.4223160656717,183.78401618872275,235,240.94867465783176
-158.040910850586,21.4288013890059,186.6282691104263,235,240.99411084527486
-158.041664015631,21.4349358891675,191.58197815368038,235,241.6757574610688
-158.041852306892,21.4398433036476,193.04628085519045,235,241.780091474697
-158.042793763199,21.4449258089284,207.90596843764527,235,241.0134426544863
-158.043923510767,21.4519358704478,217.0304759965549,235,241.05482486819497
-158.045241549597,21.4585951167476,235.49248565896335,235,240.96092414821328
-158.046559588426,21.4656045210373,245.94711345628235,235,241.2320553449814
-158.047501044733,21.472087919819,245.29826001603254,235,241.11286543064293
-158.049383957346,21.4782205990263,243.22463114336352,235,241.59231751313968
-158.050890287437,21.4852290590117,263.02600302774954,235,241.37711258074404
-158.053149782573,21.4911859847063,270.5673577945038,235,241.08766053886916
-158.055409277709,21.4978434366276,272.78951573593747,235,241.15314439566646
-158.059551685459,21.5052013185001,259.287923069956,235,241.15308797723173
-158.06256434564,21.5104567204861,268.2068261600988,235,241.48179234502118
-158.065388714561,21.5153615909381,290.167252816645,235,241.9424013528327
-158.070095996094,21.5202662958677,288.1234036504264,235,241.6006007553272
-158.067459918435,21.5183394672447,291.53474728171494,235,241.5655349772924
-158.073108656276,21.5234192330452,283.690730938957,235,241.69513032296473
-158.076874481503,21.5253459943029,284.35971941580726,235,241.94775581137475
-158.081016889252,21.5269224163236,258.59003404003596,235,242.0453603302384
-158.086665627093,21.5295497483386,186.9991236011913,235,243.68730021794588
-158.092126073672,21.5314764282763,197.0383724886261,235,246.18280935638927
-158.096833355205,21.532877633994,223.9549643067164,235,245.58444843312316
-158.100599180432,21.5344539742648,233.48349600662704,235,244.12998645867344
-158.105683044489,21.5367308799987,169.58418556456718,235,247.19834965963332
-158.112649821159,21.5381320350095,233.32063972203352,235,245.20356171248955
-158.119240015306,21.5404088830585,241.7184450843285,235,244.98356520347207
-158.12677166576,21.542685695394,195.2354744568309,235,244.89721527986825
-158.133926733691,21.5458381458168,161.6923503252022,235,245.36275513449286
-158.139575471531,21.5486402664791,158.5964653409332,235,244.83621071724744
-158.122252675487,21.5411094445042,244.89886044989407,235,248.1018782312378
-158.130914073509,21.544787336618,166.77534248341587,235,245.97790073280112
-158.136374520088,21.5468889474064,165.88911197452546,235,245.38727846882267
-158.144659335587,21.5503915644129,176.72934175274588,235,246.64509403253157
-158.149554908382,21.5530184716754,156.34177888668768,235,244.09918119783796
-158.153320733609,21.5549448401014,122.1863258146758,235,244.80176197230708
-158.15765143262,21.5570463037513,141.0141428174156,235,246.10151008186273
-158.162923587938,21.5598482079183,113.81250990934358,235,244.78434605928254
-158.168007451994,21.5631753988002,73.17362732206168,235,246.75607219724662
-158.173279607312,21.5668527314698,44.832185525636746,235,245.35875570256383
-158.180058092721,21.5719307994124,19.01290573295399,235,243.5507049591199
-158.1772337238,21.5698295514973,22.650792352086413,235,243.62136903483002
-158.182830102814,21.5744024813282,13.124606693268813,235,243.1480210146278
-158.185765836169,21.5765475113299,8.95165202737688,235,242.92939248614223
-158.189120960004,21.5792775035847,8.537739599605704,235,242.80934576130085
-158.192266388599,21.5818124503278,6.299177644717419,235,242.83102488054058
-158.193943950516,21.5837623791734,0.6732518535899903,235,242.8666321329061
-158.196669988632,21.586199753313,-4.414221021201978,235,241.903619249637
-158.060307101045,21.2982110123266,-2.97370425079905,230,235.95482813906708
-158.057618183866,21.3038895169807,3.882753547657673,230,236.3269055550207
-158.055108527832,21.3092337914768,10.854391484071668,230,236.24826304946885
-158.052061088362,21.3152458678688,13.155367320108088,230,235.98134214854056
-158.048475865456,21.3214246898898,15.124246373134987,230,235.79367041352222
-158.046145470567,21.3262673685959,16.728822167376393,230,235.7967872417171
-158.042918769952,21.3312768680696,19.19169530510739,230,235.56277828297357
-158.040409113918,21.3369540940416,17.061212146443197,230,235.4659674395076
-158.037899457884,21.3432989689195,19.018990923094695,230,235.49043850070913
-158.03574832414,21.3483078867398,20.52794549457259,230,235.4698411806443
-158.033417929251,21.3546522702855,22.252560266889123,230,235.4390492815397
-158.031087534362,21.360328591172,12.988715334240409,230,235.6516443478937
-158.029832706345,21.3670063341729,13.416545916138713,230,235.37323253519983
-158.028398617183,21.3730160425503,22.099137729073036,230,235.29948463755855
-158.02660600573,21.3793593559966,25.834076321733225,230,235.46790858252646
-158.026247483439,21.3847008804066,41.575124878084175,230,235.27588408130907
-158.025709700004,21.3898752962304,62.18498735256583,230,236.25162352101393
-158.025171916568,21.3958840655534,90.37889419451702,230,235.67015594381596
-158.024454871987,21.4027270854574,113.21601247017585,230,235.36731495510733
-158.024675130463,21.4069529496419,119.99619094739677,230,236.2021728270167
-158.024854391609,21.4106245757699,119.73873199497645,230,236.3860298196152
-158.024675130463,21.4156311899935,119.50413169107,230,235.7742373973154
-158.025392175044,21.4203038751317,130.02543284565573,230,235.44699736661195
-158.026288480771,21.4268120088744,144.36244378067514,230,236.3521862753082
-158.027005525352,21.4319849338893,171.63294037894127,230,235.76245887129116
-158.027722569933,21.4366570956882,168.993560004507,230,235.55743258792495
-158.028439614514,21.4423302339131,178.36369738383317,230,235.87986098046483
-158.029515181386,21.4480031515299,194.01178693624257,230,236.3287634101327
-158.029694442531,21.4536758484916,193.47308993887674,230,235.57051930121392
-158.030232225967,21.4590146557873,198.63621801104875,230,236.01530581404143
-158.031880811598,21.464711620794,206.4319549607083,230,235.74934635954682
-158.033852684196,21.4710509526347,231.42872770212128,230,235.9328981005125
-158.035824556794,21.4763891233769,245.8535467994392,230,235.8146573706843
-158.037796429392,21.4828947544125,257.0746786600359,230,236.36555108198866
-158.0394097797,21.4894000947422,270.7352898707438,230,235.9673210902729
-158.040485346572,21.4960719366132,271.0775180934321,230,236.02492218431362
-158.042995002606,21.5050784378021,277.2760752130498,230,236.1210596531542
-158.046042442076,21.5129169755643,289.539617931467,230,236.22354802316175
-158.048372836965,21.5174197741988,286.6992843737975,230,236.18334650018417
-158.05159953758,21.5224227201657,272.8708090394987,230,236.26401878263266
-158.055543282776,21.5270919809762,275.1869329174844,230,236.3920928698567
-158.059307766827,21.5305938280873,269.0594116473522,230,236.4666637335186
-158.06414781775,21.5339288420717,257.47436332224265,230,236.51034277203243
-158.0698841744,21.5367635437341,246.09494890375015,230,237.13235619555462
-158.07597905334,21.539598190049,235.44391855481248,230,236.87201349105635
-158.08243245457,21.5417658234116,201.7988413884431,230,237.10323127829608
-158.066657473784,21.5354295733753,251.07521958696887,230,237.04301463277255
-158.073469397305,21.5387644762904,248.42934964348905,230,237.03484280630806
-158.079205753955,21.5407653812667,218.48358031623337,230,236.83097634042272
-158.087093244348,21.5434332116625,182.6541995108388,230,237.44729077230247
-158.092471078706,21.5447671084708,170.8452493347955,230,237.13008409930117
-158.098565957646,21.546601196563,143.4654693038884,230,237.38993040400973
-158.103226747424,21.5481017968505,119.2020071029371,230,239.07916961412158
-158.108246059492,21.5492689196781,83.28554969129522,230,239.4162587033693
-158.11290684927,21.5514364085922,51.077772575700756,230,238.0988874316396
-158.119539511646,21.5536038651227,32.8178388253374,230,238.46979316920851
-158.116133549885,21.5524367771689,36.101283267172136,230,238.16530973232807
-158.123662517987,21.5551043929799,41.601997309557234,230,238.310344834914
-158.128681830056,21.556938350391,54.11910210584044,230,238.0026999675967
-158.133701142124,21.5594391640325,46.910556225940155,230,237.66785711462973
-158.139078976483,21.5621066510478,36.32165247939022,230,238.01701639185123
-158.144098288551,21.5637738055123,35.260208224117754,230,237.82328545997268
-158.148221294892,21.5657743655643,36.9962083967757,230,237.80690141701785
-158.152702823525,21.5681083173983,29.473397183133706,230,237.88411188388937
-158.156108785285,21.5701088176308,21.401215024832595,230,237.8306075274872
-158.061458900571,21.5324280952571,264.1065808502176,230,236.70397384298198
-158.057156633084,21.5287595377497,271.4814123850808,230,236.60576934926783
-158.053212887887,21.5247573693309,274.5793634065618,230,236.7020430080788
-158.159653233565,21.5720582930361,13.226040509260246,230,237.48089813693045
-158.164470438054,21.5746673766922,11.685299047538019,230,237.3306979804486
-158.167805425777,21.5765380115295,9.416914211520796,230,237.2632649850431
-158.171193349813,21.5787532057597,8.247839413438985,230,237.25537083298818
-158.175110636979,21.5811652676217,7.484154983607983,230,237.32260732430757
-158.178551497328,21.5834296156753,2.0128363077587252,230,237.9005885618201
-158.181833548738,21.5854970329816,-1.8313398913308274,230,237.1740733610244
-158.046625265119,21.3011071927449,-2.6897468238899878,225,230.58180703087368
-158.044288271315,21.3052056583558,5.561870857725239,225,231.32692761905162
-158.041470131727,21.310840861888,9.498932976148751,225,230.7780367755169
-158.038033376132,21.3176284336257,11.651437233361996,225,230.7325780058194
-158.036108792999,21.3233271902156,12.43074629126013,225,230.5288044300524
-158.034046739642,21.3280012860805,12.526703489567627,225,230.44193598351768
-158.032465832069,21.3320349751608,13.717020108414406,225,230.3209357247768
-158.031366070278,21.3354283102433,14.03344578350723,225,230.37933445568757
-158.030128838264,21.338437428515,14.864733110281623,225,230.31969098551264
-158.028685400915,21.3424708306348,15.00657610117703,225,230.2271196570631
-158.026475059553,21.347648477674,16.44270858402902,225,230.12207626615344
-158.023326143617,21.3551899367536,12.574241099769843,225,230.09407864316145
-158.021526763082,21.3610552477323,4.895672609420185,225,230.38813433204476
-158.019277537413,21.3676185315944,8.385330805706909,225,230.18728639210153
-158.01807795039,21.3750193286212,3.5757940011989957,225,230.31860394418703
-158.018827692279,21.3719473450787,2.095164519489888,225,230.55487994001183
-158.017628105256,21.3806045880825,16.074481858784576,225,230.15507503236813
-158.016428518232,21.3860500108342,23.176175369236322,225,230.0344832802701
-158.015828724721,21.3913556124229,34.709942319505544,225,230.09839640330574
-158.015528827965,21.3969402482942,49.70443848809643,225,230.2832739834714
-158.015078982831,21.4035019229062,56.18511808910318,225,230.24457427396803
-158.014329240941,21.4107613048047,86.00464459787379,225,231.33342791787248
-158.014029344186,21.4156472241862,108.45509925087526,225,230.98974299276654
-158.01372944743,21.4213705219161,123.37227842690197,225,230.9923854455631
-158.013429550674,21.426814426251,127.97818549960756,225,231.577078159216
-158.012829757162,21.4328164444728,150.75945191391224,225,230.9514452462544
-158.014029344186,21.4372829025103,172.5449588547245,225,230.61867993642974
-158.014092254068,21.4416189632272,183.0982649693841,225,230.45561226497753
-158.014422890242,21.4460813137427,194.84803633610636,225,230.4114145020569
-158.015745434935,21.4536208371518,212.89696614932294,225,230.4179132099987
-158.017729251975,21.4599291183882,204.56727987116963,225,230.48788681324584
-158.020209023275,21.4673140763328,211.0148888219549,225,230.55523878492554
-158.021696886055,21.4736217648443,235.46851769617152,225,231.4652465950995
-158.023184748835,21.4803906876707,259.7684853275577,225,230.8752393379649
-158.024507293528,21.4865439808163,266.71191197883775,225,231.23808997992384
-158.025333883961,21.4925431911876,272.2140494597108,225,230.91540304386052
-158.026656428655,21.4997726801725,281.02664760711133,225,230.9011713611738
-158.028640245695,21.5063865787639,290.6974825100333,225,231.33265162497779
-158.030789380821,21.5114621573877,299.72293275201355,225,231.15054892409287
-158.032607879775,21.5179217284287,295.77105250306033,225,231.36633732030847
-158.035252969161,21.5225355319609,294.5513030871178,225,231.24212589342122
-158.037567422374,21.525918894768,301.04219160479295,225,231.47562707641103
-158.041039102194,21.5299173128522,302.47660012135714,225,231.79844253750707
-158.044695750013,21.5331977519814,296.2534572182931,225,231.79580156277723
-158.048514597814,21.5370729492191,289.9357829607556,225,231.65220196863766
-158.053374949562,21.5403022012371,279.0788780040108,225,231.98269703716275
-158.050597605706,21.5390105090502,286.37649963029486,225,231.61869793761508
-158.046431589923,21.5351353635289,293.4050958899586,225,231.68023433152678
-158.039314646292,21.5283536099993,303.6051183044618,225,231.65950531281274
-158.042786326112,21.5315830559411,299.83936076566465,225,231.59959394325668
-158.056846629382,21.5425626349055,270.93558961414385,225,231.55642206664146
-158.060665477184,21.5449844890556,261.688370015636,225,232.07520511143142
-158.064484324986,21.5480521129578,245.58352334795234,225,231.8560088944068
-158.071774852608,21.5516040175057,217.22337922428716,225,231.57786873543458
-158.078023876284,21.5540257207474,188.47808678306637,225,231.68241141456045
-158.068303172788,21.5495051753286,232.67626730429265,225,232.3125284592028
-158.083404980005,21.5558016107624,159.2634391091176,225,232.03781000621163
-158.088786083726,21.5577389205251,135.34592204429475,225,232.79397027107782
-158.095382275383,21.5599990825399,90.94569249538932,225,232.65693715778585
-158.101110547086,21.5620977728679,52.24581258064953,225,231.66428423433445
-158.107533154753,21.5638735640346,25.589540845090006,225,232.03255189056588
-158.114129346411,21.5651650348581,10.391755709666974,225,231.90198450686503
-158.120378370087,21.5661336304255,12.297258380820852,225,232.049707392354
-158.126627393763,21.5675865116419,20.82643877748131,225,231.99055981293705
-158.132355665466,21.5696850921344,15.713019913506225,225,231.90949915007798
-158.138778273132,21.57226791872,11.541774771071257,225,231.84141777600783
-158.144680128826,21.5745278542216,6.703034092770353,225,231.90648196067667
-158.148498976628,21.576949174575,5.343904985433285,225,231.84132731597418
-158.152491408421,21.5790476194829,7.52319590535832,225,231.95621066674994
-158.156483840214,21.5819531084051,5.346715070638574,225,232.14913447125883
-158.154400832322,21.5803389550875,7.90296273120949,225,231.8498033058804
-158.035845680095,21.3034494100583,-0.9727016041943166,220,225.59855391845946
-158.033884242771,21.308474704502,4.573313013067561,220,225.84218901047603
-158.032086258557,21.3136521007883,8.553008378384764,220,225.5966997722194
-158.030288274342,21.3194383865183,9.0,220,225.39477690373286
-158.028817196349,21.3246153962357,9.64573720523028,220,225.30897491054986
-158.026365399693,21.3304012498284,13.3538015295433,220,225.3602609735366
-158.024567415479,21.3357301236683,13.970195526666089,220,225.13931072815544
-158.022442525044,21.3404498216948,13.76837851305849,220,225.07177897348888
-158.020971447051,21.3451693678302,12.873795571491195,220,225.02235688684817
-158.019173462836,21.3501932338763,13.046102284081384,220,224.9594459881015
-158.01655821307,21.3558258486241,10.445664313308733,220,225.11165541902272
-158.014106416414,21.3620671418167,-2.718346024630275,220,224.36987806850112
-158.011818072869,21.3681559520877,-2.3830047077190097,220,224.37175791693352
-158.009529729324,21.3736356648871,6.868156230073525,220,224.87838107749286
-158.007241385778,21.3783541421195,7.957236862143735,220,224.77345028196888
-158.004789589123,21.3830724672431,7.376546071063453,220,224.8407830365611
-158.001847433136,21.3883994256622,9.895622158645933,220,224.82197719415043
-157.99923218337,21.3931174268509,20.285199126600226,220,225.2258202102422
-157.997107292935,21.3989005755209,40.49460662475721,220,225.6166612993049
-157.995799668052,21.4033138771974,60.46406129275351,220,225.00989347750743
-157.996126574272,21.4075748696299,79.352019000498,220,225.03304539641655
-157.997107292935,21.4121400808071,99.36264853127386,220,225.26421845537277
-157.998741824039,21.4159443144984,112.18234968653155,220,225.24547445952768
-158.000376355142,21.4206614266905,126.95636655484924,220,225.04119127390229
-158.002010886246,21.4244654384532,137.20392127245924,220,225.0969580801727
-158.005152617694,21.4323984453855,135.57939706524795,220,225.59798281145783
-158.006317791607,21.4384992005898,136.93300108622884,220,225.4491332910873
-158.006317791607,21.4450063916651,188.03327445856567,220,226.40411032944738
-158.005443911172,21.4502932706748,216.22963635629762,220,225.6572581468823
-158.004424383999,21.4554444043244,220.73339119842367,220,225.61467068382137
-158.004861324216,21.4608664536491,225.06236587873343,220,225.52696811142312
-158.005443911172,21.4654750369866,228.5400792237939,220,225.46209439294685
-158.005443911172,21.4713033307027,236.86942354887276,220,225.67371380064918
-158.006609085085,21.4768603238217,246.439467145175,220,225.8361261572308
-158.008356845954,21.4824171048978,262.22450360452683,220,227.37805216048912
-158.009813313345,21.4885157668219,281.5768003867593,220,226.000608646602
-158.011706720953,21.4952917581308,289.1000854963157,220,226.79346560008275
-158.013017541604,21.5013898804987,310.0107644032119,220,226.64729358488196
-158.014765302473,21.5074877471966,299.22704725257705,220,226.40364909793146
-158.017095650299,21.5137208577271,316.8627979739065,220,226.3665830549883
-158.018989057907,21.5196827133489,317.9845596491547,220,226.2601227335262
-158.021465052471,21.5249668808925,314.81459400181245,220,226.52376983900615
-158.022921519862,21.5283540666872,324.12794252226377,220,226.70029183791638
-158.024960574209,21.5316056907364,325.7570082382647,220,226.93849122148362
-158.026853981817,21.534450802056,328.26951801798987,220,226.42611716785208
-158.028456095947,21.5367539465788,330.73432938167326,220,226.8479908979109
-158.028708234858,21.539179477139,333.0310644012251,220,226.6762359297738
-158.030135751318,21.5415031581037,318.7129027115321,220,227.82563985889294
-158.031444308074,21.5442693964627,298.90229512669333,220,227.29633849449647
-158.033466623059,21.5463717023524,293.3487746322313,220,227.63019908085374
-158.035607897749,21.5490272030994,279.17295383355986,220,227.01710714495087
-158.03774917244,21.5513507263849,273.0229761782549,220,227.48424432914524
-158.04012836654,21.5537848537223,263.84841094571755,220,227.7468685758073
-158.042507560641,21.5556657423254,256.5307085156575,220,226.96640933385294
-158.041436923295,21.5548912617368,262.5991786399554,220,227.6363622323218
-158.043697157691,21.5557763820719,248.8318624048016,220,226.9580655386876
-158.046314271201,21.5562189402138,230.9114086678285,220,226.7650217321685
-158.052381216157,21.5569934137129,219.59729046773705,220,226.92759043753802
-158.057972322293,21.5575466065373,216.55461387077537,220,227.41714321268114
-158.062611750789,21.5582104351412,207.47067830494103,220,227.75399267546362
-158.066061582235,21.5589848980053,202.6288699052326,220,226.8533470674657
-158.070106212206,21.561308261781,188.09964466382573,220,227.5895085776154
-158.074745640701,21.5637422219981,164.9676588907687,220,227.1398999450935
-158.078909230377,21.5655123492187,142.94192306098424,220,227.10702154240562
-158.083191779758,21.5678356083946,123.47854545508767,220,226.75503927325445
-158.087355369434,21.5699375727062,100.98994906963812,220,227.2989532018899
-158.091518959109,21.5721501337854,71.24088431165109,220,226.82745917170234
-158.095920468195,21.5741414098748,50.626625108387486,220,226.6294514098563
-158.100084057871,21.5763539067695,25.199655415392968,220,227.03381798293157
-158.105080365482,21.5785663698789,11.600982007984285,220,226.584247063321
-158.109838753683,21.5812212810096,6.294051322528098,220,226.3304739077895
-158.115429859819,21.5832124324249,5.375295722992886,220,226.37559636697375
-158.119355530084,21.5844292337035,5.256214227283399,220,226.3371300124385
-158.118320101476,21.5931219451994,-3.2707651967283553,215,220.81935018418798
-158.114327802986,21.5914163657411,3.342283339543517,215,221.79352507096743
-158.110551304414,21.5899114260031,6.851928953580527,215,221.30788499326303
-158.106882705801,21.5884064706224,6.7175529493756425,215,221.5014917512099
-158.102998307269,21.5873028267352,11.488389016988945,215,221.8606446451705
-158.099221808697,21.5863998391164,23.460177379389407,215,222.16359762428561
-158.094474210492,21.585496845867,41.98831698356031,215,222.20852804348075
-158.090050312165,21.5847945138914,63.132833290856794,215,222.05036743807048
-158.086597513471,21.583590508295,76.47772293165907,215,222.1459898588383
-158.082065715184,21.5822861576039,98.7597877720529,215,222.66101443072827
-158.07721021702,21.5809817951668,122.60375770313676,215,221.98495545036903
-158.072354718856,21.579577084022,141.82520220581125,215,222.08453897860784
-158.067822920569,21.5784733728525,161.71461535106056,215,221.88724724902087
-158.063399022242,21.5775703301866,189.97294282461374,215,221.94003405724615
-158.057896124323,21.576566942845,213.12385985840933,215,222.31136914478174
-158.053580125954,21.5761655859627,224.44464017687378,215,222.21476946240898
-158.048616727831,21.5751621888928,232.07554563164024,215,222.74486774909502
-158.043206820255,21.5745523012549,247.28259977913152,215,222.8014455391236
-158.03893778767,21.5748084264295,266.9120429443458,215,222.13919091630606
-158.035081887272,21.5750645511513,288.7292756088053,215,222.48403109104456
-158.031088276144,21.5760890455112,303.45501689282185,215,222.21138013797366
-158.025717557732,21.5777538333959,302.0697931025631,215,224.10899498630923
-158.020622260777,21.5796747187225,267.62432775023836,215,224.2131723668284
-158.016373667842,21.5816432940291,276.99746169272595,215,223.12754742062305
-158.013487055989,21.5828362865113,299.2048451104474,215,224.59393569597512
-158.009958974835,21.5849239997105,339.09335820320456,215,223.24367776011434
-158.00611015903,21.5876081581735,357.6688561210492,215,225.03680461964592
-158.003063179852,21.5911869587283,388.26697786625795,215,223.53733353313714
-158.000978404624,21.5943183366468,385.3692124346776,215,223.2303992886432
-157.999374731372,21.5973005383552,381.8050290438562,215,223.7311105303204
-157.997931425446,21.6010282040804,352.8533563748907,215,223.13687418736092
-157.99745032347,21.6044575717397,344.51022048603863,215,223.12996185590615
-157.99745032347,21.6083341503436,348.7297271930622,215,223.6479670723083
-157.99745032347,21.6126579039183,312.0044654050216,215,225.89093166025077
-157.997771058121,21.6168324398861,279.24138689973097,215,224.00510865222344
-157.998091792771,21.6210068553309,293.34708035478855,215,224.78642358615994
-157.998091792771,21.6260756263144,325.6709176508158,215,225.64700082946976
-157.998091792771,21.6301007001641,348.7243719030613,215,226.27553564408197
-157.998572894747,21.6341256618907,369.08053547380575,215,227.60316477440526
-157.998412527421,21.6387467759519,382.9466733366299,215,226.35927000992672
-157.998733262072,21.6427714967647,364.37418067354326,215,225.72221268983634
-157.998733262072,21.6460508159698,359.4688475973769,215,227.08042154849187
-157.998893629397,21.6499262789992,353.37816485048086,215,227.29533662553328
-157.999053996722,21.6533544864856,342.67823838477057,215,227.9892889945369
-157.999374731372,21.6569316596511,325.07107737915226,215,225.99491234034687
-157.999374731372,21.6606577873994,289.2755459961257,215,225.7029334455862
-157.999214364047,21.6637876603371,277.1498774373831,215,226.2182955786079
-157.999695466023,21.6672155384894,253.63701720745726,215,226.02179313329395
-158.000016200673,21.6715375295956,209.97164335110998,215,225.6569132188836
-157.999214364047,21.6749652235304,169.2815748715288,215,225.54077365756282
-157.999535098698,21.6791379583207,132.55120213205447,215,225.96715146026045
-157.999695466023,21.6833105723094,102.81219575970258,215,225.5842753546492
-157.999695466023,21.6873340499455,76.07711817583049,215,226.15000390775876
-157.999214364047,21.6907613681964,46.64189946106308,215,225.33657311887293
-157.99745032347,21.6943376133436,13.249975054082476,215,224.22513755561707
-157.994563711617,21.6980627742759,8.0,215,224.06517892885822
-157.996007017544,21.6964237153376,10.314068273935147,215,224.28422028435054
-157.991516732438,21.6994038086209,7.464015785118576,215,224.15015531463297
-157.987988651284,21.6997018145569,6.836027586155977,215,224.21514180953318
-157.985743508732,21.699105802068,6.736994289184788,215,224.2396152889208
-157.982536162228,21.6982117787087,6.929173109912308,215,224.20718340242334
-157.979649550375,21.6967217274413,10.345994445289715,215,224.43449037221546
-157.975961101895,21.6952316607555,8.258430718491809,215,224.33879122574047
-157.972593388066,21.6928475219902,10.942270176336477,215,224.46114627372629
-157.968423837612,21.6912084036957,14.215714407216986,215,224.48567761134316
-157.964254287157,21.6885261698898,7.791665719256135,215,224.03799994125694
-157.959603634726,21.6853968339974,7.237599922854123,215,223.7614048112379
-157.956235920897,21.6827144919935,5.943374419017535,215,223.8307806969735
-157.951585268467,21.6791379583207,7.906377243360598,215,223.7593720080229
-157.948377921963,21.6764554998218,9.426287092014686,215,223.56115578386192
-157.944689473484,21.6740710503605,9.224850080485911,215,223.70118340373136
-157.94148212698,21.6725807494199,7.581028966757386,215,223.48667157795694
-157.937954045826,21.6704943022234,3.780529711476288,215,223.67328502279605
-157.934907066648,21.6688549296749,-3.1677844490665965,215,222.9103757935456
-158.111085178447,21.6047829903259,-8.595114746589594,210,215.03592180701833
-158.107019219408,21.6042102152308,-0.8765121043589749,210,216.34150907584953
-158.103322893009,21.6040956599397,4.950394556355505,210,216.84526568681284
-158.09925693397,21.6038665490854,6.520647365313922,210,216.49904607860566
-158.094328498771,21.6035228821236,7.175241071781273,210,217.23484735244497
-158.088167954772,21.6026064329015,37.97054454457601,210,216.55905686101408
-158.082377043414,21.6012317481847,66.68980432313683,210,217.60416746699187
-158.077695029975,21.5993988149142,87.43449683153835,210,217.4830778938813
-158.071411275096,21.5971076156793,122.91676980685921,210,217.19060625965383
-158.066113207258,21.5949309428099,154.80043436743296,210,218.0934199791402
-158.061061561179,21.5935561851854,180.09733143436736,210,217.47138105620473
-158.0560099151,21.5935561851854,202.1939587157517,210,217.16386950305525
-158.051204690781,21.5936707488195,225.50414811179434,210,217.21603136457355
-158.044674514143,21.594129002449,252.85242334633625,210,217.9156957762695
-158.039006813664,21.5948163801732,267.84548892217236,210,217.7730426454742
-158.033585534945,21.5966493714797,283.21038570344075,210,218.1949752852842
-158.029149943266,21.598024099726,305.11569368511493,210,218.47165664827537
-158.024344718947,21.5997424916708,326.38683359991313,210,218.77245922329004
-158.020771603428,21.60203364919,318.2951529114925,210,218.2176253700419
-158.016828855269,21.6042102152308,299.7503986745129,210,219.16073495005205
-158.01399500503,21.606844961892,294.6362888905016,210,218.11447839475224
-158.01227005271,21.6091360069398,295.2223492899281,210,218.665405589287
-158.010791522151,21.6124579578026,289.24129088109805,210,218.191703574003
-158.009066569831,21.6149780075582,285.24809886605186,210,218.0394082640171
-158.007957671911,21.6177271026585,269.0266892829093,210,219.25881169855788
-158.006725563112,21.6205906878051,260.34059086487423,210,218.21478665115865
-158.006232719592,21.6237978358271,257.3889721869838,210,218.2848220547658
-158.005739876072,21.6266613007132,267.57771153714117,210,218.37390269014
-158.005493454312,21.6299828489019,276.944494952462,210,218.71307155836251
-158.005739876072,21.6333043207371,286.7374561959697,210,219.74074223603773
-158.005986297832,21.6365111866025,305.9670669321913,210,220.25622385686898
-158.006725563112,21.6399470353097,335.1597246428325,210,220.2110254247143
-158.006971984872,21.643153753689,329.2206953596304,210,221.01465358593344
-158.006971984872,21.6467039659702,303.67957044187074,210,220.22886452942456
-158.007341617512,21.6504831282722,272.24165437713737,210,219.41736191948243
-158.008204093671,21.6542621916302,248.02119877414736,210,220.40769591424217
-158.008696937191,21.6582701809947,231.34084550904666,210,220.63396616673526
-158.009312991591,21.6628506039415,235.9179241162565,210,220.72162717410671
-158.010175467751,21.6681179105296,223.43933692539585,210,219.60319572686006
-158.010914733031,21.6717820103459,191.58677828897646,210,219.44510133862224
-158.011407576551,21.6768199955567,164.13958712376223,210,219.79941288798938
-158.01214684183,21.6820867918356,134.44339900585499,210,219.8298739079698
-158.01239326359,21.6854070644817,124.16981754157977,210,220.38512081255206
-158.01263968535,21.6894141881957,51.34702077669398,210,220.04397139808478
-158.01263968535,21.6933067159311,14.077806710461259,210,219.49266047786722
-158.01288610711,21.6965122480184,9.21419695691749,210,219.05519877179538
-158.011530787431,21.6994887496374,6.872521586937009,210,219.2209757860547
-158.010175467751,21.7034954815719,1.2182463410779831,210,219.62866096617242
-158.008204093671,21.7062428904459,-5.418342592763535,210,218.32527434925225
-158.005986297832,21.7084178852794,-6.256450834164778,210,218.35386025592547
-158.004261345512,21.7104783763801,-7.627583250231718,210,218.115780461696
-158.001550706153,21.7124243686629,-17.191938123012964,210,217.10455812614285
-157.998963277674,21.7139124626507,-16.254503902632678,210,217.29329946611142
-157.996129427434,21.7151716070806,-16.84378002815706,210,216.81942420650572
-157.992309890155,21.7155150081944,-17.38651740170628,210,216.8781678467301
-157.988859985516,21.7152860742096,-13.460572016585592,210,217.5970281655208
-157.985533291757,21.714484802394,-6.817836376350724,210,218.56254840982248
-157.981097700078,21.7126533072012,-0.9444562538056509,210,220.00465376435338
-157.977401373679,21.7111652001909,5.180044903601465,210,219.96059003421647
-157.9741978908,21.7097915492912,6.4648313482200646,210,219.7717495478169
-157.9705015644,21.7079599943617,5.505684684602923,210,219.79157820704737
-157.967790925041,21.7065863128679,4.761364798907045,210,219.58255440848112
-157.964464231282,21.7052126182634,4.810407269773265,210,219.74043796215034
-157.960891115763,21.7031520517756,2.40922126667032,210,219.44520384114404
-157.958180476403,21.7018928021795,0.4361755216338956,210,219.61150523127907
-158.07729865096,21.6368076144695,-12.72007090952076,205,210.26225167096578
-158.07452472966,21.6345514353663,0.19352962737053603,205,212.34103380549197
-158.069843737465,21.6308447789132,34.342464720195956,205,214.0226810346202
-158.064989375189,21.6272991924544,97.93860408529753,205,213.4259923355995
-158.06100186332,21.624075856547,123.72457064467406,205,213.39039606249943
-158.056147501044,21.6208524487532,154.7295336495282,205,212.51544429649692
-158.051293138768,21.6185960205297,171.83008644121293,205,212.40780383344176
-158.045745296167,21.6160172022941,197.69713319870937,205,212.46965977362987
-158.041237674054,21.6145665968243,217.90732031363774,205,213.36885929873557
-158.035689831453,21.6135995184267,248.76922707753124,205,213.18690082921196
-158.030141988852,21.6145665968243,270.24419040793015,205,212.94477743691164
-158.025287626576,21.6156948467807,248.92682231475433,205,214.53988874678413
-158.019739783975,21.6184348457375,270.5013189727475,205,213.25050043803253
-158.022166965113,21.6168230879337,250.65414890850224,205,213.26167395635727
-158.017485972918,21.6206912764767,246.01411027639088,205,215.3992058814211
-158.016099012268,21.6232700113376,216.5266461179177,205,213.35609691880802
-158.014885421699,21.6263321992308,224.56451590739078,205,213.70824714571128
-158.014191941374,21.6300389714484,236.68486823034908,205,213.37104337704594
-158.014018571292,21.6335844906775,241.8102535435262,205,213.55811059167695
-158.015232161861,21.637774537583,263.364854194749,205,215.76280971349388
-158.016965862674,21.6413198669501,270.2232355770205,205,215.0715798353515
-158.019739783975,21.6461542667255,228.57915646910914,205,215.15704796012247
-158.02182022495,21.6501828095501,196.09077357291022,205,215.61255907897566
-158.024940886413,21.6545335095172,165.4034473442696,205,214.82339511620017
-158.026847957307,21.6580784273296,135.44510153357916,205,215.1443464144552
-158.029621878608,21.6616232580497,131.66868528413585,205,213.89189966400053
-158.031875689664,21.6653291243061,126.78922864307688,205,213.87529305889237
-158.03395613064,21.6690348953471,120.49973734099896,205,213.88172402394656
-158.03673005194,21.6727405711597,65.06296689070949,205,216.61631412143728
-158.038983862997,21.6764461517309,13.18407312161801,205,213.47118035498633
-158.041064303972,21.6793461048649,4.531692520020551,205,213.9145199945316
-158.037599526895,21.6744047876406,37.85665342085653,205,213.77370885867776
-157.977977184052,21.4480879709233,213.71961173509322,215,220.40118461619656
-157.980686511592,21.4484031836544,207.39636845015963,215,220.6264364448593
-157.982379841304,21.4493488177599,208.4068400978705,215,220.51757963851557
-157.983339394808,21.4509773954564,215.13069637763488,215,220.78987689483586
-157.98412961534,21.4525008871581,222.15937450768098,215,220.5634570279058
-157.984863391549,21.4544446293217,224.89387722959282,215,220.50090265691605
-157.985427834787,21.4563883455714,224.19273490007265,215,220.60788482084592
-157.9859358337,21.45785924875,213.7383614230136,215,220.85902486022138
-157.986726054233,21.4600655756883,196.60778610411717,215,221.75083826794548
-157.986895387204,21.4630072929866,208.86651643615855,215,220.65280709130116
-157.98683894288,21.4655287176946,223.71686552868155,215,221.71467334941096
-157.986613165585,21.4674722861289,235.58874219192379,215,220.55289851202102
-157.985597167758,21.4694158286366,248.84019598287546,215,221.0793976782803
-157.984016726693,21.4697309952487,255.98808622870118,215,221.02036128857776
-157.982210508333,21.469205717183,263.88099546923786,215,221.18170350943706
-157.980855844563,21.4679450420981,255.18882425927035,215,221.9146795974929
-157.97916251485,21.4665267695884,231.88004615508186,215,220.63611088751276
-157.977694962433,21.4647933066616,217.172433415113,215,222.02108345960784
-157.976340298663,21.4630072929866,236.20334700514655,215,221.16151287928744
-157.975267856512,21.4615889724162,254.29584188384004,215,221.2657665457243
-157.974590524627,21.4603807625247,266.01222812205395,215,221.0160788056913
-157.973518082475,21.4585421630378,262.961447652562,215,220.60803986243488
-157.972671417619,21.456913669839,257.1511162564738,215,221.2937074367826
-157.971881197087,21.4552851584477,245.84015181767347,215,221.50373722395682
-157.971373198173,21.4531838265467,233.54540116787985,215,221.4962341938348
-157.970752310612,21.4510824643607,232.75652692250588,215,221.2736087775124
-157.970413644669,21.4492962826926,237.22565846159526,215,220.79738578301902
-157.970300756022,21.4472474003097,238.48795623047295,215,220.42145963864738
-157.971260309526,21.4457763900788,233.89886066165175,215,220.91376997588063
-157.972502084648,21.4454611716705,230.60217287916788,215,220.72539363247705
-157.97374385977,21.4454086352029,226.41586827797818,215,220.47582441279016
-157.974872746245,21.4459865353058,222.6357283126987,215,220.87326911169802
-157.976058077044,21.4468271131861,218.891012809663,215,220.99747872598525
-157.976791853253,21.4475100791468,216.72895948941425,215,220.74321016774013
-157.979331847822,21.4481930419093,210.3860729993207,215,220.75704389068477
-158.020827266154,21.3037705867824,-3.3925887583359833,215,219.8271557286048
-158.020957679818,21.3082660975174,2.125582362092577,215,220.51009407866357
-158.020957679818,21.3134904371424,6.6688184124803715,215,220.32106218143852
-158.019914370504,21.3185931010804,8.628629569137258,215,220.23854782014214
-158.018610233862,21.3234526161477,9.286484946877588,215,220.17986191314793
-158.017827751877,21.3270971468706,11.001847657528211,215,220.1082902617072
-158.015871546914,21.3308630668661,10.65378474080602,215,220.04114115830706
-158.014436996608,21.3346288902044,10.718851535143216,215,219.98007028303428
-158.012611205309,21.3386375636593,10.718959523151181,215,220.03627269781927
-158.01078541401,21.3421602468542,10.795457969813267,215,219.87654791980447
-158.008698795383,21.3461687144484,11.580491467615934,215,219.82584663562608
-158.006481763092,21.3496912167096,12.023689451801703,215,219.77356130526914
-158.004395144465,21.3524848652105,11.265731720042968,215,219.86738663385253
-158.00269976683,21.3558857567295,8.410199193961923,215,219.86799335732846
-158.000091493546,21.3601367601327,8.249582385760009,215,220.14997639773566
-157.997613633926,21.3636589266547,9.717514175832122,215,219.6364054319877
-157.993962051329,21.3690027417112,8.993321335095942,215,219.58098128357122
-157.990049641403,21.372889030182,8.882937902697869,215,220.08546298031624
-157.986006817813,21.376289447973,-6.011826736687103,215,218.59098808045266
-157.980268616588,21.3796897867738,-3.598790862137772,215,219.24491134390846
-157.975964965669,21.3813899265497,7.0,215,219.47313782547053
-157.972313383072,21.3830900465742,6.586235829423606,215,219.50718966587564
-157.967618491161,21.3850330167011,-1.2156890023858624,215,219.42928449755647
-157.963445253906,21.3862473599283,0.867204796846149,215,219.8172928918243
-157.959402430316,21.3872188272532,5.589682374773277,215,219.69216992357525
-157.954446711076,21.3898903291337,12.819134107389345,215,220.38479231715178
-157.951577610464,21.3925617822248,26.253641903604834,215,220.31213760361126
-157.949751819165,21.3957188911511,41.2190721040586,215,220.01350585320645
-157.948186855195,21.3986330850488,55.45289849193527,215,220.45667382868842
-157.946230650232,21.4022757457415,76.52096578832864,215,221.68892187020796
-157.944404858933,21.4054326449224,109.01871151163951,215,221.59249211573425
-157.942709481299,21.4083466451867,134.4305799003186,215,221.0871060490022
-157.941535758321,21.4112605873473,151.16650758203363,215,220.75592009928346
-157.939188312365,21.4135674170129,168.30304139308632,215,221.41268153555032
-157.935797557096,21.4132031831713,187.76211666887718,215,221.3338105921202
-157.932276388163,21.4129603601058,209.66683855475006,215,221.1701154467654
-157.929016046558,21.4121104761983,226.11038512359377,215,221.10903323269832
-157.926668600602,21.4090751361744,224.72566765071065,215,222.15396721290787
-157.924842809303,21.4053112269839,207.40366729752736,215,224.30127652346656
-157.924060327318,21.4013043784312,135.01266898921682,215,221.8035409362724
-157.923147431669,21.3963260196692,147.0305452054557,215,221.99126469038006
-157.923017018005,21.391833208948,109.05961504232164,215,220.80191911472886
-157.923277845333,21.3877045584965,93.70810948144765,215,220.93629133267652
-157.922625777012,21.3828471734943,69.00995967618118,215,220.81949944080597
-157.921582467698,21.3785968293456,52.18950668759537,215,220.39068048775584
-157.919887090064,21.3745892489506,38.123384166870494,215,219.89761851208476
-157.918322126093,21.3703386650075,29.515444253828825,215,219.81463207601584
-157.916496334795,21.3656021546897,39.10577759091796,215,219.482414559482
-157.914670543496,21.3624443960411,34.40727109980523,215,219.37753396482114
-157.912714338533,21.3585578304093,36.265764674079925,215,219.71645674698524
-157.910497306241,21.3551570009053,29.259964647630888,215,219.46524610050935
-157.908149860286,21.3524848652105,11.489991492204169,215,219.56800355953942
-157.904628691353,21.3501770724477,9.092761629986017,215,219.51320408026794
-157.901629177076,21.3481121744389,16.230984979327243,215,219.51445812492344
-157.898238421807,21.3459257801381,16.02210464002743,215,219.35215237568846
-157.895630148523,21.3431320066369,7.856290465703258,215,219.52481627496766
-157.893152288903,21.3407025951054,6.066037538470447,215,219.3748050301795
-157.891065670276,21.3379087220891,5.787221809006314,215,219.2374220734749
-157.888196569664,21.3340215058817,6.550173868301348,215,219.26271908717501
-157.885849123708,21.3313489849865,6.757434451460861,215,219.27755813644208
-157.883371264088,21.3278260421545,8.750158400744278,215,219.17608653728797
-157.879719681491,21.3243030147446,7.610521982913246,215,219.19219285191426
-157.876850580878,21.32065841464,5.811182923884972,215,219.27205806160697
-157.872677343624,21.3172567062362,5.378975568684574,215,219.25303443370814
-157.869286588355,21.3140979064332,4.657672130203009,215,219.34916438815102
-157.86541678935,21.311173716867,6.508461060787065,215,219.97045688109316
-157.862548357108,21.3082201035907,13.838496190468526,215,219.37144632505192
-157.859227014512,21.3047038198742,12.308417976054491,215,219.50362750571213
-157.854848881089,21.3007654821998,7.617327811177504,215,219.420098417922
-157.850017837312,21.2972490200814,6.079431630653721,215,219.2671060546056
-157.845488733772,21.2942951268825,8.388574990931867,215,219.2836184235829
-157.840959630231,21.2912005084371,10.265468380302556,215,219.36092831847617
-157.835456681266,21.2875085739425,13.446673355879632,215,219.30319674759787
-157.829823869941,21.2840445318152,9.891987135407158,215,219.26009809588567
-157.825655589561,21.2816301511737,10.42402266324513,215,219.28390687388472
-157.820360746916,21.2782709469662,8.548176136451684,215,219.53541487339635
-157.815854497856,21.2748066872921,8.046476811909113,215,219.50618509968342
-157.81055965521,21.2724971355308,16.52032399601198,215,219.7847384441458
-157.805602781245,21.2706074753116,54.85701274427497,215,220.9332216735755
-157.799294032561,21.269557653595,49.71816078729728,215,221.07804554156488
-157.79321059633,21.2687177908304,17.385362233505163,215,219.37124614597397
-157.786000597834,21.2678779232737,7.811529072798087,215,219.39412067830676
-157.77969184915,21.2674579876983,1.4553462991917843,215,219.55592006492583
-157.774622318958,21.2673530036172,-2.594091269569555,215,218.82247380803773
-157.769778101218,21.2670380509249,-4.780045828556634,215,218.52378903924085
-157.765271852159,21.2672480194613,-5.718558116143882,215,218.35222406577023
-157.760765603099,21.2672480194613,-6.17678655482429,215,218.25089669432407
-157.756259354039,21.2670380509249,-8.283113577365183,215,217.86437044725412
-157.751189823846,21.2677729394921,-11.480733840040225,215,217.18325346971034
-157.746232949881,21.2688227739381,-12.82534254855863,215,216.9031522758218
-157.741163419688,21.2696626361037,-10.945644290005294,215,217.36210624488115
-157.735530608363,21.2712373647472,-8.599946138922586,215,217.73827883449974
-157.729897797038,21.2720772131344,-8.833480966512425,215,217.5620633405919
-157.725616860432,21.2727070962796,-5.4572741402007985,215,218.1966483816015
-157.722011861184,21.2735469362794,-3.694115000606755,215,218.55115625050536
-157.715815768726,21.2747017084529,-1.9419186822441916,215,218.8372303883866
-157.711460089704,21.2760049482993,2.0422510633996667,215,219.3576014044471
-157.707399711046,21.2769919806073,6.4692907895769665,215,219.38093122030688
-157.702986255982,21.2781435099311,10.61296497187625,215,220.14487885190826
-157.699278953728,21.2789660253585,18.222549157420776,215,219.43682341346639
-157.696101266082,21.2801175392312,29.64975294615698,215,220.5330299245628
-157.692747040234,21.2811867940421,56.77814489587364,215,221.02432353155413
-157.689569352588,21.2820092924539,104.7238972411592,215,222.56510789117524
-157.686656472246,21.2824205399352,147.9810334461486,215,227.29043245553726
-157.681978209878,21.2833252803466,128.48372578798404,215,221.84823154654256
-157.678006100321,21.284065518362,69.6022127626527,215,221.2650043823113
-157.674916681776,21.284476760094,27.777001766674754,215,223.07558623780804
-157.671915532333,21.2853814878569,-4.200208276265652,215,218.69653020502253
-157.667943422775,21.2863684572506,-3.1112425312164578,215,219.0847455282475
-157.664765735129,21.2870264331664,-8.487904909983518,215,217.749531835781
-157.662823814901,21.2872731733759,-9.045945269845918,215,217.66013989979885
-158.010134082726,21.309277346724,-2.136718393119971,210,214.80126848638818
-158.010134082726,21.313433330286,4.466891681836733,210,215.49612346631775
-158.009911031103,21.3184203553119,7.79953273957842,210,215.17897413474802
-158.009018824612,21.3234072109458,9.195964736816167,210,215.02267634602737
-158.008126618121,21.328809446691,10.304912186180719,210,214.9258510824668
-158.007011360008,21.3350425484978,8.236551673477361,210,214.88291406471998
-158.005003895403,21.340859871239,9.704362500463349,210,214.82694425431293
-158.002327275931,21.3462614643062,12.544205210045146,210,214.77409730016555
-157.998312346722,21.3518706003136,9.38445325616455,210,215.33801577770913
-157.994297417513,21.3570640533693,-8.679833645934842,210,213.1886005155415
-157.9882750237,21.3641268541204,8.034399650337253,210,214.56093507797215
-157.981583475018,21.3689044379991,8.15646000515661,210,215.23408524774922
-157.975338029582,21.3728510201625,-3.9979500742400473,210,214.38888098050705
-157.969092584146,21.3753435435596,5.760449029259103,210,214.4342731629347
-157.96284713871,21.3770052022472,-10.912487170185125,210,212.47315955466468
-157.957047796519,21.3782514338841,-9.305980162047797,210,212.75094846116735
-157.952363712442,21.3786668420717,-7.276299250346856,210,213.09958140616573
-157.947010473497,21.3763820824498,-7.863213581679731,210,213.07356598862935
-157.941880286175,21.3726433079639,-3.569150553346149,210,214.40553634304675
-157.93652704723,21.3682812837233,9.40105198882011,210,214.4027027107198
-157.932066014775,21.3637114046788,14.196101399305745,210,214.67363622855243
-157.928051085566,21.358725919473,25.18568320147223,210,214.44690600496926
-157.922474794998,21.3541557423334,47.352922595335336,210,214.78454446297945
-157.915560194694,21.3504164004774,33.384774844242415,210,214.34051075863752
-157.910206955749,21.3466769632227,14.524177730567192,210,214.87173851529147
-157.904184561936,21.3433529389196,24.06505142093186,210,214.51432015116296
-157.899723529482,21.3379512387099,7.57792856655796,210,214.21148763271944
-157.895039445405,21.3325493395526,1.985467887405802,210,214.21317618435071
-157.89057841295,21.3283938971555,3.7436562269237657,210,214.23845109917562
-157.886786535364,21.324861678593,5.939998374136048,210,214.21728043511732
-157.883440761023,21.3200826593462,0.278432471831935,210,214.20729621397157
-157.878979728569,21.3163424488018,1.8168493037402338,210,214.28279506717163
-157.873180386378,21.3113553532052,-7.802205265274079,210,212.95692642469615
-157.867381044188,21.3051212455694,-2.925790688877111,210,213.73543751981077
-157.864704424715,21.3013806540039,6.6143922435971465,210,214.40498381260227
-157.861135598752,21.2972243294743,4.09741457549272,210,214.4196001238013
-157.949464041347,21.3774206139718,-10.241412408547804,210,212.75112212501674
-157.959724415992,21.3778360245174,-10.488645549413468,210,212.5169070208821
-157.965746809805,21.3767974959428,-6.371062194490814,210,213.3165918455963
-157.945226060516,21.3749281259405,-5.777546133696497,210,213.428241284878
-157.93987282157,21.3709815997662,4.7833678450425134,210,214.91440413929618
-157.93407347938,21.365373195375,11.400291014443399,210,214.30214926385378
-157.930058550171,21.3612186832842,20.489126584582387,210,214.38555559728383
-157.925374466094,21.3562331132491,34.392074289827235,210,214.57246746165904
-157.858682030902,21.2932757123006,-2.4723503312520556,210,213.85683913977167
-157.856451514675,21.2907817941741,-0.4789145472100178,210,214.2933706377587
-157.853997946825,21.2880800017987,-2.782226191368875,210,213.91633879896594
-157.850875224107,21.2853781597804,-1.3112886890111648,210,214.16124896450367
-157.847529449766,21.2824684282487,-2.490523394758032,210,214.01892926745214
-157.843291468935,21.2793507948746,-3.44485036730583,210,213.85444896877857
-157.83883043648,21.2768566406041,-2.592869067172882,210,213.9636374989326
-157.834592455649,21.2745702953798,-2.3015645544241066,210,213.9896878170047
-157.830354474817,21.2724917688938,-2.8931380445743082,210,213.89654503728715
-157.825413086189,21.2695505051961,0.7203497698020598,210,214.58637447466464
-157.820274942772,21.2678404401275,6.634013734721187,210,214.47878546296977
-157.813485253258,21.264591261766,46.80929461854986,210,215.09694894540746
-157.808714120085,21.2623680984114,97.77427920832906,210,216.5360962709299
-157.801740925449,21.2592898168125,49.39903586103227,210,216.4561822007982
-157.795685256422,21.2577506518827,16.850650997008053,210,216.29355717717215
-157.787060515688,21.2565535124828,-5.90421407638238,210,213.39665260649844
-157.780637836417,21.255869428457,-13.59018592205763,210,211.98741319212706
-157.772196600805,21.2556984069541,-16.54708504051139,210,211.47987767554707
-157.762103819094,21.2574086130471,-17.038949154830956,210,211.38587465962016
-157.753662583481,21.259631851279,-17.448101967532367,210,211.21003217502786
-157.743753306892,21.2623680984114,-16.594547192538535,210,211.32648991722198
-157.735495576402,21.26373620291,-15.606083526960228,210,211.37114410064518
-157.727788361277,21.265446315656,-14.54785943416096,210,211.58193176196664
-157.719163620542,21.2671564085374,-6.299235141112177,210,213.10338955965543
-157.709988364442,21.2702345256606,7.343520873294739,210,215.03978848465067
-157.703749190293,21.2726285722518,31.484462234108477,210,216.7556764901499
-157.697326511023,21.2746805811897,42.74400178818904,210,215.62231376822817
-157.69255537785,21.2763905667792,41.36305945489883,210,214.6992487402414
-157.688334760044,21.2772455521217,29.507534953241212,210,216.45227322403028
-157.683930637116,21.2784425232542,25.546520513363443,210,220.69755098194707
-157.679159503943,21.2801524651214,20.879645103795454,210,218.70163464423422
-157.674204865649,21.2808364363032,-12.759176339916454,210,212.28564948247524
-157.670534763209,21.2815204043047,-17.647537181569284,210,211.63617248153466
-158.000487234178,21.3065694350321,-2.9616677961479616,205,209.5518816325193
-158.000872594935,21.3101596029949,-2.5308476406117126,205,209.63506398960683
-158.000101873422,21.3153651906675,3.798194364578531,205,209.96970301871337
-157.99933115191,21.32146805845,10.118024412881779,205,209.8954793347001
-157.996366554898,21.3266607590154,9.55251286434822,205,209.8191520202811
-157.994828797406,21.3306275041035,10.519652801846917,205,209.81182520892176
-157.992344727612,21.3355857846561,10.027378068067648,205,209.72059461658526
-157.989505790704,21.339001391545,11.688645913666267,205,209.7471071819974
-157.98536567438,21.3425270958661,11.384937858277185,205,209.58646848646202
-157.981462136132,21.344950968414,3.5070902944875906,205,209.56408297385136
-157.977913464997,21.3472646275567,1.7336210840806445,205,209.83602655811703
-157.974601371938,21.3493579067462,0.25113910838142184,205,209.4602330071443
-157.971052700804,21.3511206449836,2.0837590536411996,205,210.02145407793614
-157.967504029669,21.3524426847495,4.174358895998329,205,209.8968213934781
-157.958632351832,21.3558578989472,-4.962338121729835,205,208.5354146546466
-157.950115541109,21.3581713859234,-8.851058354160203,205,207.701985822337
-157.944201089218,21.3588323754931,4.9199783104131525,205,209.65873333434718
-157.941598730386,21.3588323754931,6.725018259033073,205,209.3139513905299
-157.939114660592,21.3578408900204,9.463440666152806,205,209.56601827993998
-157.937103746949,21.3562985659493,14.367276892902462,205,209.32150052569153
-157.935211122344,21.3542053858867,16.648912379467646,205,209.66755799825623
-157.933318497738,21.352112175926,17.52114059119584,205,209.29644332497983
-157.930952716982,21.3501291073335,20.575204933881153,205,209.50714866945214
-157.928586936226,21.3482561845831,24.578106126226125,205,209.24878462470298
-157.925274843167,21.3464934118995,26.905900102413845,205,209.56062364305657
-157.921962750108,21.344400091808,24.508742757197414,205,209.55253980174243
-157.918414078973,21.3425270958661,21.23497410456296,205,209.60183479459621
-157.9147471188,21.3405438976155,17.888834710014656,205,209.19552764317308
-157.910607002477,21.3373486884663,13.7127996156839,205,209.32891005995873
-157.907413198455,21.3344839590156,8.571243168430573,205,209.48645050258872
-157.904101105396,21.3308478756864,4.651585700087504,205,209.2765574011395
-157.900907301375,21.3275422671907,-1.7313106138957473,205,208.85689370181444
-157.897739737538,21.3247855651721,-3.170340869962774,205,208.77605381481004
-157.894013632846,21.3216616380357,1.3094342177383376,205,209.41747116108783
-157.890039121175,21.3176120039112,2.8816445260685404,205,209.37908927962926
-157.885567795546,21.3134465494228,4.664525729988616,205,209.29158835163022
-157.882214301324,21.3092809767798,4.559082591654712,205,209.18293287642337
-157.878985010591,21.3048838552719,3.383785139570639,205,209.30526017244992
-157.87488629543,21.3002551641397,2.347089954654086,205,209.62879701776822
-157.871035987249,21.2957420499105,-2.991683650431378,205,208.95923354283244
-157.866937272089,21.2909973445102,-5.4574289788526364,205,208.61029467988567
-157.862465946459,21.2868311354666,-11.763627741787243,205,207.67292615498442
-157.858864045257,21.2838221333041,-13.480953070136241,205,207.59604972098566
-157.855137940566,21.2810445382065,-11.21653590230793,205,207.66397061358407
-157.850169800977,21.2775724705793,-14.141786283656877,205,207.17985375479287
-157.845450068368,21.2745632790216,-11.58113978514293,205,207.90730173197016
-157.841488194014,21.2721379809298,-8.983782257451931,205,208.02706147986302
-157.838209627395,21.2701795124289,-8.02907957910623,205,208.28392254696283
-157.834594797533,21.2679076563192,-8.057809680938627,205,208.27601381294443
-157.830475572807,21.2658707899964,-7.567567345138829,205,208.25183269120885
-157.827281071999,21.2643822929379,-4.292405491542193,205,209.04419727037782
-157.823582176326,21.2628937808301,1.4418363476769098,205,210.17999984061117
-157.818538227682,21.2608568451391,11.67026308511593,205,210.6310834252945
-157.814250871334,21.2592899523567,48.900239822815344,205,212.02598498707516
-157.81038384404,21.258114771829,79.1433837178798,205,213.97941620647197
-157.806853079989,21.2569395819238,61.09904186158903,205,212.32393150057695
-157.803070118506,21.2555293416599,9.251202352397833,205,211.43556885345205
-157.800211880941,21.2541190878937,-3.7119470276488697,205,209.1752067159166
-157.984950390738,21.3123164279371,-2.0608833969235425,200,204.42564744323116
-157.984713812662,21.3152917875271,-0.6110866116113554,200,204.78153349699136
-157.983057766133,21.3189282562649,6.560477322080134,200,204.72097258242323
-157.980810274414,21.3223442509101,6.006895466873279,200,204.72885712346272
-157.978089626544,21.3257601660608,6.68243985459166,200,204.62786734286894
-157.97513300683,21.3291634817123,1.9220395868425801,200,204.53473981383922
-157.971298845103,21.3320972218751,-7.518462479079663,200,203.4512103936129
-157.96719081468,21.3349033532251,6.907217794257978,200,204.58063296632554
-157.961302637742,21.3373267871023,9.392965491960537,200,204.40187218770282
-157.954592854719,21.3380920736923,7.744137433564605,200,204.44300393953066
-157.946239859527,21.3388573562892,7.490397270301299,200,204.4429932618299
-157.940625551283,21.3388573562892,8.607949343564385,200,204.38918550895292
-157.934600439997,21.338347168335,8.740311729867113,200,204.2646798594416
-157.929944672185,21.3369441423099,9.444320856623264,200,204.2143608868902
-157.925288904373,21.3354135531581,9.721260940919528,200,204.36958464987487
-157.920633136561,21.3329900876723,11.12008152180272,200,204.2246813465462
-157.916798974834,21.3306941360724,8.911280321589494,200,204.30057957045543
-157.912417075717,21.3273776981118,5.2486724292308775,200,204.23036628341384
-157.909130651379,21.3248265409854,3.4954635116637816,200,204.38035942619194
-157.905570358346,21.3227855833552,-3.779097579025673,200,203.55570909625553
-157.901051524882,21.3199792202767,-2.3823022683101023,200,203.7080396333157
-157.897491231849,21.31717280355,-2.823095472982173,200,203.67018044352017
-157.894341741859,21.314621469067,-3.8573320383519305,200,203.47784399176606
-157.890918383174,21.3111770971999,0.8880841238476758,200,204.3065781103326
-157.888590499268,21.3082429389323,0.655276623288424,200,204.20919503204038
-157.885441009277,21.30543629792,3.569029061904695,200,204.28462884697242
-157.883113125371,21.3023744465731,-0.17427296123236657,200,204.3018090314398
-157.880100569728,21.2993125314229,-2.287730631543728,200,203.89193545702858
-157.877088014085,21.2956126321673,-5.211503019002433,200,203.53609779109402
-157.949937086907,21.3384747154899,6.960799098560162,200,204.37351778470185
-157.957879279057,21.3380920736923,8.926299861014787,200,204.42790931028173
-157.963356652953,21.3363063987709,9.044863642460045,200,204.4033536600135
-157.973489794661,21.3306941360724,-10.066677116678337,200,202.9997114150487
-157.976776218999,21.32699502737,6.908223355686984,200,204.6811133101454
-157.9793779716,21.3240611851999,6.274684447975362,200,204.6243865641981
-157.981705855506,21.3207445973461,6.516636706117204,200,204.68247832798534
-157.983896805064,21.3167901062036,2.4301936975492486,200,204.90832776420214
-157.965273733817,21.3357962019434,8.594000118167807,200,204.44896873400518
-157.955761829441,21.3101383166919,-1.9279812903196656,195,199.23562477618643
-157.955113051546,21.3122969399805,-2.1990367147527077,195,199.1556806952493
-157.953722813201,21.3146282174958,-3.0191997331255225,195,199.09169184615718
-157.951127701624,21.3169594580009,1.3472943218325573,195,199.66801905069178
-157.948625272602,21.318599938391,4.693874317636174,195,199.42234627644058
-157.945474065687,21.3198087016861,5.481088611132687,195,199.38699917414442
-157.943249684335,21.3199813813444,6.049103415462052,195,199.3911259632417
-157.940747255314,21.3199813813444,6.294703984223808,195,199.35781278563016
-157.938152143736,21.3198087016861,6.4045475070994105,195,199.34974925009112
-157.93500093682,21.3196360218247,6.362064286217411,195,199.3377655325914
-157.931015586898,21.3187726194711,6.9280656613347995,195,199.41378852990007
-157.927308284644,21.3179092120398,5.650410093668144,195,199.3237478119579
-157.923693664947,21.3169594580009,3.748761177869014,195,199.31070705764856
-157.92007904525,21.3154053017765,3.256046704510314,195,199.2796260486657
-157.916835155778,21.313419411552,-1.2737033939880344,195,199.15174855883456
-157.914518091869,21.3116925286577,-3.974752903720043,195,198.58451132441658
-157.912386393074,21.3097929340216,-3.476815893832252,195,198.65429614636096
-157.910069329165,21.3077206209452,-3.379917078759716,195,198.69690081268223
-157.654440442684,21.2946877459949,-5.946409740418717,220,223.10024361462254
-157.661068807017,21.2935520323792,5.386702329565991,220,224.48438166446826
-157.666223777889,21.292932282448,11.275758524182464,220,224.61674492084163
-157.671877616909,21.2927773445569,22.25453789214063,220,224.5401626711217
-157.669216986782,21.2926224065026,16.521673676095247,220,224.32025465357592
-157.657909308741,21.294326716119,-0.167240599638624,220,224.4171257306714
-157.675702272717,21.2920026526523,52.54535946473508,220,225.4709179749324
-157.680857243589,21.2918477137815,95.11718026360971,220,226.17635190531368
-157.685347056929,21.2921575913598,83.98003911966974,220,227.37699163538093
-157.689836870269,21.2920026526523,31.69817799148135,220,225.39080381740598
-157.693162657928,21.2912279566655,14.90942969890494,220,225.3523416984762
-157.696987313736,21.2898334936026,7.363026375272143,220,224.44408104679175
-157.701809705842,21.2885939597773,14.830736041813893,220,224.397295327089
-157.707130966096,21.2867346394475,6.917803401845994,220,224.54603888767903
-157.711485685436,21.2845880668463,3.4883283324133987,220,224.26790518743996
-157.715795096073,21.2828480234462,0.029166230946684468,220,224.46091289816437
-157.720822741817,21.2805725510166,-2.253989694263872,220,223.81457186341802
-157.726568622666,21.2789663139915,-0.4880495904240048,220,224.35148959904032
-157.732027209473,21.2776277697405,-1.9356813035890144,220,223.9692994625928
-157.736192973089,21.2765569255715,-2.3554751338850135,220,223.84432112247072
-157.74093332479,21.2760215005643,-2.4271121355381977,220,223.88502327788495
-157.750557675213,21.2737459225477,-2.5471316328162166,220,223.90423672308543
-157.760469319678,21.272139610996,-2.278561708994091,220,223.9292771436482
-157.769950023079,21.2718718906995,-2.533464532643809,220,223.89593843675976
-157.778856138396,21.2718718906995,5.915557764739495,220,224.48916997866857
-157.785463901373,21.272139610996,8.722697793172298,220,224.29403003525317
-157.793364487541,21.2736120639214,34.17438901377585,220,224.90282444005467
-157.799254015412,21.2750845021135,63.69855352793063,220,224.77187848419985
-157.804712602219,21.2769584930482,51.56406707177403,220,224.7017039721256
-157.809596600941,21.2788324601144,25.652464350330277,220,224.3340589693738
-157.814336952641,21.2815095145153,9.824156218708785,220,224.55545722778893
-157.817928128172,21.2840526710696,7.394498477431075,220,224.24861466174028
-157.822524832852,21.2876665547379,7.619882428332613,220,224.27501099378762
-157.826116008383,21.290209604822,7.537020783185799,220,224.2350845888239
-157.828988948808,21.2922172448722,6.278374747421902,220,224.29416926665385
-157.832323834089,21.2944899214966,6.586836957731974,220,224.30187245490094
-157.835607194574,21.2964019045907,9.843654528699465,220,224.60970462788123
-157.838206521625,21.2980589364877,10.819716972679117,220,224.29137506871524
-157.841489882111,21.3004807187312,10.57898474586312,220,224.58869906679345
-157.845183662657,21.3025200833493,13.67635905386564,220,224.34678586689319
-157.84942466995,21.3067261834811,30.16401646317426,220,224.8504380597528
-157.853665677244,21.309657636602,23.119940431744446,220,224.51337914111758
-157.857633071164,21.3134811831847,15.62188829140388,220,224.50817017014387
-157.861463658397,21.316794843033,9.994887938851203,220,224.4002266716939
-157.864883825569,21.3203633161609,8.376623396086636,220,224.4471445023937
-157.868577606115,21.3236768206831,7.949234877337901,220,224.39820461124071
-157.871860966601,21.3267353738508,8.327368472558318,220,224.420755055282
-157.874733907025,21.330303605315,15.380698147730032,220,224.61788812018273
-157.878290880884,21.3338717500058,17.911955496143417,220,224.59188049093555
-157.882412550605,21.3382436159738,18.428564438315576,220,224.81152034794914
-157.885572048881,21.3425804720172,15.982856520761889,220,224.97842229917305
-157.887650666168,21.3452135006104,21.950356073059545,220,224.5322483531137
-157.888814691849,21.3481562413158,27.497311761459304,220,224.91710250129776
-157.889729283455,21.3505568544554,26.37456868712941,220,225.17663039079497
-157.89056073037,21.3532671768747,36.69303859636468,220,224.81711476305537
-157.890727019753,21.3563646268356,63.62899128343528,220,225.45120920163913
-157.889729283455,21.3596168788273,101.23239250469668,220,226.0629413842665
-157.890394440987,21.3583779341999,84.55323446998203,220,226.26431996473244
-157.887650666168,21.3610106790096,120.3587732075935,220,225.4381403562727
-157.884408023201,21.363411081571,157.79441030475948,220,226.80737419730482
-157.882911418754,21.3650371383766,180.80605400383354,220,226.09295908896692
-157.882412550605,21.3674374749528,178.00044153116852,220,225.94705083669072
-157.885904627647,21.3622496013724,137.5515284543514,220,226.48235588038153
-157.882217766797,21.3695337797528,166.22476192559225,220,227.2865406818868
-157.882543497004,21.3722637797266,125.66100720019074,220,226.22973860720833
-157.902135814119,21.3605074863277,53.3370111371784,220,224.93026853654683
-157.90496273363,21.3608946520214,45.62720658400523,220,225.69991069411657
-157.906293048693,21.362365872326,62.346055317647156,220,226.22631500332386
-157.907457074374,21.3645339595262,86.2274187287118,220,225.7179745990919
-157.907706508448,21.3665471546191,77.22281896715707,220,224.72457660581992
-157.907457074374,21.3687151799244,69.90071362578608,220,225.68892767440465
-157.906376193385,21.3707283175389,63.12110431419238,220,225.04930967149005
-157.904796444247,21.3719671576985,61.121349276065516,220,226.33660079782234
-157.902634682268,21.3725091469723,65.79107811504421,220,225.32529329485882
-157.900389775598,21.3725091469723,78.75830626431784,220,225.48345436978292
-157.89822801362,21.371502593867,96.69281954110785,220,224.80751475415363
-157.896897698556,21.369644323801,103.45793309788814,220,224.90154808090955
-157.896232541024,21.3671665936957,85.22995041851685,220,226.15015411826013
-157.896980843247,21.3651534071175,66.77277702787184,220,225.2409529930813
-157.897812290162,21.3633724882313,57.383445547729856,220,224.93454555295503
-157.898976315843,21.361746412946,55.25293236626529,220,224.66528915611465
-157.900556064981,21.3607397858667,53.461830460975946,220,224.83371773356686
-157.903466129183,21.360662352728,48.912435018822684,220,225.3816616663751
-157.882679956313,21.3743673806784,135.52099474960752,220,225.95815065346196
-157.883428258536,21.3758384656346,150.00508826795573,220,227.4866410860219
-157.884342850143,21.3780063533605,168.47641272369796,220,226.2824720439576
-157.88534058644,21.3796322480836,187.29014371219932,220,228.14707511981814
-157.886255178047,21.3814129691986,213.81830333108047,220,227.74102244031485
-157.888229881962,21.3844790730163,257.673167936504,220,229.03199394323127
-157.890402876549,21.3881885815767,252.48404454445688,220,228.3670147323981
-157.893300202663,21.3920666035918,183.09460257608808,220,227.87153515057057
-157.895654280132,21.3952701094435,266.74911968200126,220,226.6923771319536
-157.898913772011,21.3989793443377,310.5042300366952,220,227.002305808533
-157.902354346773,21.4030256750846,249.88423232132118,220,226.67203403504982
-157.905613838652,21.4069033036181,211.9307850922607,220,228.55248896567102
-157.90959766206,21.4102750708924,182.64374466547247,220,230.4167816070167
-157.913219319704,21.4133095949202,300.5961508338929,220,230.07073086574252
-157.915754480054,21.416512635241,316.75101252037757,220,226.36284143517457
-157.919376137698,21.4197156053304,311.4540595351767,220,226.14559186089227
-157.921911298049,21.4225813611354,314.2746074519142,220,227.73135276455062
-157.924084292635,21.4259527665536,271.1090202504787,220,227.29448908183704
-157.926076204339,21.4296612226007,226.01851392699564,220,226.61212615896844
-157.929154613336,21.4337067035723,264.6363384085126,220,226.73053432340745
-157.931327607922,21.4372464074401,283.4571225371731,220,225.92620948558525
-157.93277627098,21.4401118191126,295.45497959171473,220,226.556296289141
-157.935673597095,21.443145723076,248.4969687033135,220,227.44232899535132
-157.938027674563,21.4465166534776,204.22060907776736,220,227.55124521482958
-157.940562834914,21.4498875059726,233.3413441151362,220,226.08243923145656
-157.942916912382,21.4532582805511,287.05325187601244,220,227.76300358714636
-157.945901308845,21.4573776764553,327.20026958351446,220,226.35177492145166
-157.949992894735,21.4647005653238,362.49603666859167,220,228.7383592065143
-157.953455005873,21.4698263685854,311.46313715208566,220,228.24045136385197
-157.956917117011,21.4752448787884,335.13197742378486,220,226.13303057563925
-157.960693965526,21.4809560632049,325.7215589387232,220,227.2444550677187
-157.963526601911,21.4854955628113,345.130951865626,220,227.55705871129138
-157.966044500921,21.4901813494004,329.60982786845744,220,226.2332850847539
-157.968247662554,21.4945741373061,369.6169992252798,220,228.98802040211558
-157.970765561564,21.4998453077276,395.31519076376844,220,227.2367003233726
-157.973283460573,21.5045306321887,409.5272772707789,220,227.00167193021105
-157.975486622206,21.5100942589224,401.3844948764712,220,227.1094530568003
-157.976745571711,21.5147792531401,360.9566893620385,220,227.8600260640376
-157.978948733344,21.5201960894554,418.82951290022135,220,227.11529334236988
-157.980276406845,21.5264248832527,441.7863764490409,220,228.46529596197234
-157.981490899696,21.5315895003543,440.6726368591152,220,227.39864987215012
-157.982011396632,21.5357856165099,448.67548505126325,220,228.1367237073745
-157.984093384375,21.5409499006842,395.8897038700342,220,227.79108390131032
-157.985134378247,21.5477277448268,421.62300102223645,220,227.8414319287041
-157.947727858683,21.4610777205691,321.7134950200924,220,227.9796628364443
-157.986063025296,21.555856240431,473.165133006488,220,228.24476635167255
-157.986459252397,21.5630421031711,445.9267249170948,220,228.87352503292072
-157.986657365948,21.5707803263031,404.6543304781427,220,229.48296529325532
-157.987251706599,21.5764916069454,385.7865232275701,220,228.17416741693393
-157.986261138846,21.5825711099261,388.623137785537,220,229.00106065460437
-157.985864911745,21.5890187887985,447.7642198664833,220,228.93889914962432
-157.985072457543,21.5965714188957,435.7182262618482,220,229.1522637839589
-157.984280003341,21.6030184742568,378.23480736404446,220,231.0426930260309
-157.983289435588,21.6094652423653,356.8884382845798,220,230.60350060763642
-157.982893208487,21.6142540841102,431.1247081919656,220,232.3134945168731
-157.982893208487,21.6216212232802,442.41010323428,220,232.49067455899035
-157.982496981385,21.6267779973148,479.15265696180387,220,233.61104924567962
-157.981308300082,21.6324870682194,454.4404855593191,220,234.2173020089151
-157.980318670027,21.6369463453266,389.50116498538114,220,232.0810751448255
-157.978859175614,21.6405640516179,343.71520963281847,220,234.62593176577576
-157.977886179339,21.6445208141065,304.359036140332,220,232.424451771918
-157.976669933995,21.6500600994257,245.03228225224174,220,231.72970330183966
-157.975453688651,21.6548078890879,197.13412845234285,220,229.6798383378369
-157.973629320635,21.6581990717883,172.65928420485363,220,229.71794017923241
-157.971075205412,21.660685888447,153.36051846095407,220,230.60902947984718
-157.967912967518,21.6622683858204,117.45986592177259,220,229.0330027571001
-157.963777733348,21.6628335592466,87.37970032065198,220,229.17675565909505
-157.958912751971,21.6629465936661,74.23530675454757,220,228.5708243365779
-157.954291019664,21.6611380323251,53.433333792050824,220,229.36941768819443
-157.94893954015,21.6593294483106,35.58211571915171,220,229.12283936445456
-157.944196183308,21.6570686864102,40.84946670932692,220,228.5906348513471
-157.939939324604,21.6549209297952,34.512525438493824,220,228.54134904126198
-157.935439216831,21.6525470563465,15.535974113295033,220,228.38608883355343
-157.930087737317,21.6490426956076,9.555584073988719,220,228.3260675056985
-157.925101131406,21.6454252017372,7.313488995773601,220,228.00684977616586
-157.920722648168,21.6414684640311,2.5201585052904854,220,228.3675316090024
-157.917438785739,21.6384160494365,-2.3146914226388753,220,227.52010978818757
-157.914641421447,21.6359288491054,-2.986058852721259,220,227.43272959675423
-157.649269794616,21.3046699166201,20.015993833324302,225,232.92615891787185
-157.654296197594,21.3030171167133,43.852399781958425,225,232.18891152222298
-157.659618271336,21.3015020337996,35.952667367378645,225,229.63416525855266
-157.667157875804,21.3005378819936,41.226558097952626,225,230.37729082703532
-157.67277562031,21.3002624088871,30.83098367967318,225,229.8910604161538
-157.678689035579,21.2994359864694,94.18876287560683,225,232.02258125479815
-157.68563729852,21.2980586054458,14.90778644438241,225,230.6356441397319
-157.691107207644,21.2965434714104,9.30502496008728,225,229.7675452911778
-157.695837939859,21.2948905801043,13.268368161744716,225,230.24691916683804
-157.701012178219,21.292962183423,49.78670514291847,225,230.82889453661699
-157.705890745816,21.2911715067114,25.77377776763545,225,231.0243202617186
-157.712543337994,21.2886920721822,7.870368202177548,225,229.65310726742308
-157.718013247118,21.2862125958439,7.743832894548449,225,229.91737466660453
-157.725700686967,21.2837330777003,13.144265180157744,225,230.58597139218855
-157.732501114527,21.2822177960342,6.971815147542852,225,230.45896351547256
-157.736788340597,21.2809780085147,2.081357294970947,225,229.6608352035854
-157.742997426629,21.2798759663919,18.198465361591026,225,230.54179639058987
-157.752606726441,21.2787739160132,3.5210139032394148,225,230.1710510768142
-157.758963647855,21.2779473728114,19.519968452782262,225,230.86825669810625
-157.764581392361,21.2772585832628,23.276618932736564,225,230.5114815546358
-157.770938313775,21.276432031548,10.052967079611475,225,229.61989349973658
-157.776851729044,21.276432031548,11.843238555175365,225,229.52066947717887
-157.781434625878,21.2767075493022,14.412993038414474,225,229.46096623589818
-157.786017522711,21.2772585832628,18.07278391749144,225,229.7087705103551
-157.790304748781,21.2784984021285,32.98360561138716,225,230.35491028356398
-157.794591974851,21.2787739160132,50.39916689723644,225,230.19995843531095
-157.797696517867,21.2796004545712,62.404842652871366,225,230.19833607156843
-157.801835908556,21.2812535177554,55.22894278627604,225,229.48608940178138
-157.806862311534,21.2835953254667,37.577384566633796,225,229.61983014589435
-157.813935331434,21.2873481781238,12.731829944444506,225,229.3215193622543
-157.820454871768,21.2906747736049,9.208557542178252,225,229.3875081548541
-157.826974412102,21.2950136980765,7.590148398369664,225,229.40662381103334
-157.833183498135,21.2993524944766,16.03151488172613,225,229.6817288242785
-157.837840312659,21.3034019222159,19.196276016446156,225,229.71671362448814
-157.843894171541,21.3075958547246,45.61239341082361,225,230.92042170488716
-157.847153941708,21.3107773788284,84.50347201551195,225,229.94582665742104
-157.84948234897,21.3132357820715,69.31921064205056,225,231.2745278342544
-157.852431664835,21.3172848271111,27.557517376056087,225,230.55455225032404
-157.855536207851,21.3213337604919,24.5437607387972,225,229.72242360159674
-157.859261659471,21.3246595865123,24.56423959261928,225,229.58116020869315
-157.862055748185,21.3279853371704,25.84879959738945,225,230.0055878212294
-157.864539382598,21.3310218262938,22.740375345558657,225,231.54142340504416
-157.867643925615,21.3337690718285,28.01291011453072,225,230.18296140390714
-157.871524604385,21.336371678037,31.1710490058519,225,229.51887202897902
-157.874008238798,21.3391188233817,32.66112176463622,225,229.94176468028712
-157.875715737457,21.3425888281607,44.907806400740114,225,230.9393493085678
-157.876957554663,21.3463479073413,68.08165150907286,225,231.07803923366296
-157.876957554663,21.3502514644751,88.31705575609375,225,231.7861119679136
-157.876802327513,21.3535766348541,103.76106719547924,225,232.18244889657785
-157.876026191759,21.3571908649125,126.19827976383702,225,231.1655746094998
-157.875715737457,21.3615278233058,159.47527986025418,225,230.8448778836839
-157.875560510306,21.3661537707388,226.14566740770493,225,231.85478830054876
-157.876026191759,21.3704904637602,242.69724115418978,225,233.40023874521208
-157.877423236116,21.3742488271541,183.8937124540321,225,232.59095249065572
-157.877888917568,21.3774289054347,196.03806958081708,225,230.55302309845166
-157.879130734775,21.3808980029445,211.78580702626766,225,232.69806307643114
-157.880527779132,21.3837888547198,257.5403015251586,225,233.77233760766757
-157.882235277791,21.3866796493829,321.49346926850615,225,232.0640617676804
-157.884098003601,21.3902930623882,322.9694758201349,225,231.79503842731134
-157.88596072941,21.394484509649,221.69572502338352,225,231.66601376207447
-157.888449397935,21.3989321154775,298.6559040715551,225,232.3469849180552
-157.891688890824,21.4051151347111,321.6630914796389,225,233.97636542196204
-157.895090358357,21.4100915211968,337.8136072396257,225,234.1150936933242
-157.89994959769,21.4170280195947,235.84876981018425,225,232.33128960687438
-157.902541192001,21.4214008601815,346.4076636258762,225,233.28879455162843
-157.90723845669,21.4284875996233,304.1918379190465,225,231.5688664270385
-157.910477949579,21.4345185962749,333.3623281765074,225,235.03634186396397
-157.915013239623,21.442358519334,357.6136168291082,225,231.9039842433361
-157.920196428245,21.4529115965968,335.5729470085245,225,231.65691836770077
-157.923435921134,21.459544568549,290.0612743808134,225,232.69357796956518
-157.926513439378,21.4652728014253,376.4583771203462,225,234.5184391218005
-157.929267008333,21.4710008091231,396.7873338035644,225,232.33857079863276
-157.932830450511,21.4800445732207,449.51900666998733,225,234.00397249217613
-157.935584019466,21.4866763099129,475.1452701212793,225,232.82763575630327
-157.938013639133,21.4924034757264,436.3968387622524,225,233.53673683994157
-157.940281284155,21.4990346492724,418.9161027827856,225,231.96429847976708
-157.942548929177,21.5038571310825,451.63828668329865,225,233.3033862102103
-157.944816574199,21.5092822319698,465.20701036335174,225,233.14648806294895
-157.946245862035,21.5160479562513,417.37342882828983,225,233.8031678849347
-157.947924899489,21.5212546413927,495.2093354033799,225,233.14687886561248
-157.948764418217,21.5275024172798,507.66496534144187,225,233.78042322215137
-157.94988377652,21.532057917786,526.4332958686301,225,234.14523760439866
-157.950443455671,21.537654479915,515.1181931836011,225,234.4786562286454
-157.951702733762,21.5423398078719,530.1868958292391,225,233.97275582087798
-157.952122493125,21.5472852677437,543.1660255995164,225,234.14815631070138
-157.953381771216,21.5523606960364,585.6035506766762,225,235.7137183395519
-157.953661610792,21.5576962112405,556.3484429135448,225,235.12642948853062
-157.954886668783,21.5639269577869,553.340338760562,225,235.3881722192792
-157.955613876757,21.5697431009638,613.461253799053,225,237.6962589513521
-157.956922851112,21.5743417466243,569.234843383336,225,235.51930731544243
-157.956631967922,21.5792107417841,536.2520260203107,225,235.8064994224028
-157.957940942276,21.5859729635799,582.7900221326735,225,237.90379577777563
-157.958377267061,21.5909768044342,619.5085570044732,225,239.28859309411718
-157.959249916631,21.5967918616629,633.0227229905106,225,238.28099420632225
-157.959686241415,21.6011191944946,612.2831171340148,225,238.32533434939816
-157.960268007795,21.6065281785582,570.3205913783959,225,238.86008011680664
-157.961431540555,21.6113960913069,513.5626697248917,225,239.70477980019592
-157.962158748529,21.6165342659072,431.9334769691135,225,238.23292684046368
-157.963467722884,21.621131425258,381.41630524251525,225,236.42481339644593
-157.963651525132,21.624262810576,344.7842721414832,225,238.21855298349772
-157.963238074628,21.6276258520662,295.656850086435,225,238.13612917452716
-157.962617898871,21.6307005643689,231.889916637768,225,235.69393512766706
-157.961894360488,21.6343517002462,179.60592924123415,225,234.90996867136582
-157.959723745339,21.6381949014784,142.93544415983348,225,234.43900297069973
-157.956106053424,21.6406929274424,145.87504784395804,225,234.13157009327168
-157.95217827363,21.641941924221,121.65400010522335,225,233.91527516185613
-157.947320230202,21.6424223047209,77.59377569392139,225,233.5283783242599
-157.942358824147,21.6420380004488,53.4319024632082,225,234.19882173572012
-157.937087330213,21.641461542123,42.51652927418227,225,234.05287075448865
-157.932436012037,21.640020386241,30.01632620005198,225,233.48641988935088
-157.928404869617,21.6382909801991,19.80705091466058,225,233.8062227651732
-157.923443463562,21.6356968323089,10.263995604118932,225,233.2148992428459
-157.920342584778,21.6335830477297,1.8611666349255769,225,233.39258174904512
-157.917655156498,21.6309888152929,-4.2053575777154215,225,232.42310278481278
-157.915071090845,21.6280101946819,-2.361156679237454,225,232.63938246345526
-157.931536933461,21.4763210816415,377.82520973559514,225,232.79120390286909
-157.916682737123,21.4469748751443,353.7707661315071,225,232.1533815501053
-157.648782631529,21.3124883652821,-10.505117621672207,230,233.85823449948165
-157.652417472966,21.3114490613552,62.721482504151155,230,239.02314844363613
-157.656962923385,21.3098467615981,58.19510653022922,230,235.52926290173377
-157.661754073827,21.308931153889,112.82374116564975,230,237.88430290372108
-157.667896574394,21.3073288266649,104.67195220222062,230,237.81741960927255
-157.674161924972,21.3060698430133,80.74404543670326,230,239.33635034326608
-157.68042727555,21.3045819393331,111.19113373414051,230,235.96400169830787
-157.686078376071,21.3032084764078,33.554324344832,230,236.08987273842314
-157.689763876411,21.3020639141627,50.207494483642584,230,235.59374680688816
-157.693817926785,21.3004615120416,12.013239890521398,230,235.33847129750706
-157.697749127148,21.2987446332365,54.767380185759826,230,236.3703090973554
-157.701188927465,21.2972566553813,103.57432079722824,230,236.3284573800121
-157.707577128054,21.2945095797645,39.67153847922051,230,234.97546294423353
-157.71359677861,21.2919913820166,25.591053888898102,230,235.7667494824289
-157.720353529233,21.289587607565,20.90043437582136,230,235.1871164453024
-157.726004629754,21.2880995370201,46.86384090197714,230,236.58552677775987
-157.733252780423,21.2862680449075,34.02620354816236,230,236.9104044691948
-157.677356025267,21.3054975741504,155.14045515177128,230,236.52551833634925
-157.737798230842,21.2852378205703,16.0166078348854,230,235.2335355119452
-157.741483731182,21.2842075890162,48.84964230092804,230,239.34378194039647
-157.745596107902,21.2830889750924,63.02714226352906,230,238.54159902213289
-157.750494415976,21.2821983898333,21.753113501999337,230,236.37098475161196
-157.75634849148,21.2813077991821,26.249759034656325,230,235.57832970358155
-157.763636218127,21.2806398526551,81.46121039357625,230,235.97035797586338
-157.768892938987,21.2801945532855,63.49542375571746,230,236.76375359361316
-157.774985956348,21.2801945532855,41.73849663706886,230,235.7376897969335
-157.781676328351,21.2814191233084,37.39632372880628,230,234.87229492811292
-157.785857810854,21.2820870662968,37.305894886665214,230,235.6576572999719
-157.788964054998,21.2830889750924,53.72361151353688,230,236.8532810566891
-157.792787124715,21.2842021990831,59.86359502886979,230,235.4314469504672
-157.796610194431,21.2858720192703,63.76807169257676,230,234.72004157333078
-157.801269560648,21.287987097623,45.43829895203133,230,234.5684583032413
-157.804734217579,21.2897681926398,45.88890337707692,230,234.68417592637635
-157.808557287295,21.2914379496235,46.55482827711674,230,236.27752903355267
-157.813216653512,21.2935529479127,22.26334253640736,230,234.57768008488046
-157.818114961587,21.2963357940387,20.354655807069104,230,235.31679744347457
-157.822654856875,21.2990072767521,25.816679984046733,230,234.98279844797673
-157.825568020782,21.3011359975654,33.98566907473703,230,235.39857440383193
-157.829578794262,21.304486170169,40.84094358083403,230,235.82520749710827
-157.832344844937,21.3065477768797,38.16739713757098,230,235.17769516421336
-157.834972593078,21.3102843653009,60.216583748474235,230,236.03036277040022
-157.838015248821,21.3141497015687,79.65889730839099,230,235.545983628771
-157.841887719767,21.3174995773715,75.3487305165672,230,235.4653911719145
-157.844377165375,21.319947515203,58.33529288576058,230,235.88026995860446
-157.847004913516,21.3229107537544,56.88962203058384,230,235.55442946879973
-157.849632661658,21.3262604296485,56.859964765752366,230,235.16620633424287
-157.852813619934,21.3296100290893,68.68324724813596,230,236.7733945636403
-157.854749855407,21.3332172045134,105.31817473604664,230,236.66595192537997
-157.857515906082,21.3366954682476,123.0801808438456,230,237.14764436412236
-157.860143654224,21.3397871889915,130.01784288061506,230,237.28090431705928
-157.862633099832,21.3426212090841,88.23240732988486,230,235.53419826475184
-157.864569335305,21.3451975434567,69.56763565529336,230,236.3934657691129
-157.86622896571,21.3476450191783,82.71506785463316,230,237.62397988079627
-157.867058780912,21.3511229407025,159.27078650771077,230,239.40351245722084
-157.867197083446,21.3544719723217,211.67551228053907,230,238.06303387799127
-157.867611991047,21.3583361444714,231.66594264759087,230,237.2724269617913
-157.868303503716,21.3622002147105,222.77408101784184,230,238.59075792387628
-157.868856713851,21.3663217772875,247.10648788512768,230,237.82192444019455
-157.869963134121,21.3707008104382,289.4683473393932,230,236.19997381468482
-157.871198633661,21.3751324146553,218.9854363417759,230,239.16474963694367
-157.873533900305,21.3811125338191,286.59134022670827,230,239.0149805269812
-157.876258378057,21.3858239707542,252.98549227064626,230,238.14423753724802
-157.879177461363,21.3905352559757,358.69993188853886,230,237.20592896465757
-157.880928911347,21.3954275838676,249.77367217079842,230,238.39089587839035
-157.884166333018,21.4014828709189,351.1749691201159,230,242.1109991895519
-157.887361121548,21.4078373384662,359.9329561972562,230,237.16517875827094
-157.890410692418,21.4141915297255,344.0604090881274,230,240.222383580798
-157.894622004571,21.4214917487336,302.14480123710746,230,239.78575480520513
-157.897816793101,21.4283860649634,391.1673678782889,230,238.74028344149957
-157.901011581631,21.4370372952804,337.3485611150531,230,236.9430330353866
-157.903625499519,21.4424440537994,389.41024588462045,230,237.36576144666014
-157.906239417407,21.4485264176159,445.39997214292936,230,240.07392835857996
-157.909434205937,21.4539327502811,363.9610972337216,230,238.22452145595685
-157.913064647449,21.4604200848614,344.32296694754007,230,239.2385428885067
-157.915533347676,21.4646096683263,351.740577896895,230,239.36654461340706
-157.918147265565,21.4701505453215,429.28577807597793,230,237.46970922195675
-157.920035095151,21.4752858041176,439.69290053623206,230,237.77302652424746
-157.923229883681,21.4806911440813,469.7904425957774,230,240.74695498920607
-157.925698583908,21.4854206519414,544.6400848759683,230,241.6314443890652
-157.928265858265,21.4920576699129,494.37301150599774,230,238.28766838763244
-157.931170211474,21.499353990659,435.34450814525167,230,237.80019158683837
-157.932912823399,21.5052988703136,475.70366918369217,230,238.9489380865896
-157.934365000004,21.5107030954703,519.1846038780757,230,241.06781726387317
-157.93625282959,21.5155667263494,446.36906712014024,230,238.59728870685436
-157.937269353213,21.5202951003372,462.88892325360763,230,239.86734472325134
-157.938431094497,21.5255636786776,521.6744907213836,230,239.25422703713966
-157.938866747478,21.5309671502784,553.1589024993259,230,239.69714981307794
-157.940028488762,21.5361002620823,563.6554328857665,230,240.77531736495158
-157.941045012385,21.5404227417919,584.3392666782454,230,240.68502380532203
-157.941916318348,21.5456905899081,612.4796752058064,230,241.11568499146716
-157.943078059631,21.5509582468012,619.9318250683532,230,240.45411183180914
-157.944198066652,21.5577244988201,630.5649361974237,230,242.00702805623496
-157.944863325486,21.5640353315064,637.5422241824403,230,242.6226607951372
-157.946726050223,21.5708408236031,676.102367203348,230,242.6863502424042
-157.947524360825,21.5780171781819,621.9665339269806,230,243.02935746913928
-157.94858877496,21.5851931772989,690.9846949919105,230,244.66299920005642
-157.949520137328,21.5913790980624,628.5124749865266,230,246.92774353524462
-157.950451499696,21.5975647545285,531.8349067597158,230,245.3284397113743
-157.951382862065,21.602018263497,482.4493897517884,230,243.92953776301886
-157.952048120899,21.6077086588223,442.2256050150632,230,244.8291432221119
-157.952979483267,21.6111722681276,400.88001249479225,230,242.92708828406495
-157.953112535034,21.6148831860542,336.768270747248,230,241.39171649624214
-157.953777793869,21.6187177012002,291.0536988401386,230,243.06211002856338
-157.954443052703,21.6232942474372,231.4592975528754,230,242.9377921502732
-157.95417694917,21.6273759096694,188.98965049284445,230,241.97019880966732
-157.952846431501,21.6307153657496,165.02404488672306,230,240.07646066032152
-157.948455723193,21.6314574566196,143.26403017668858,230,239.49391092840142
-157.943532807817,21.6304680012793,133.09841585451497,230,238.65925560284822
-157.938476840675,21.6283653861834,129.66905340675868,230,240.21335140562843
-157.933686977067,21.6262627404928,108.5168564825016,230,239.26050348550493
-157.928897113458,21.6242837518968,85.39204956613474,230,240.15854992065678
-157.923708094549,21.6219336677447,90.30857244906016,230,239.62259695974535
-157.919450438008,21.6199546198762,45.27372240332014,230,240.84258620785798
-157.915591936768,21.6180992378937,17.717308548943986,230,239.1205907658472
-157.910935124926,21.6156253582123,-1.4629696350058514,230,237.97853855462762
-157.906810520152,21.6129040416767,-4.328497342118602,230,237.30365682700736
-157.902952018912,21.6103063735769,-2.5739322628223857,230,237.63409322662724
-157.898960465905,21.6070901484332,-0.7275054030828192,230,237.9057539075778
-157.894968912898,21.604121261755,-0.6394647567324465,230,237.79684596162338
-157.892041774026,21.6016471429845,-1.9434829690103996,230,237.4210727223648
-157.888981583388,21.5992966909686,-3.2405463513092645,230,237.12744492698803
-157.886852755117,21.5974410439897,-3.756648882240587,230,236.9909367035557
-157.950584551463,21.6313337750726,149.8401019738004,230,239.40607835873018
-157.953511690335,21.6289838055641,177.40566461972568,230,241.456830829651
-157.954310000936,21.6253969363164,208.40078356499998,230,240.51794063232862
-157.945661636088,21.6307153657496,140.73130139654174,230,239.66938058771237
-157.940605668946,21.6294785391631,129.82127320448728,230,239.86470344465388
-157.953777793869,21.621067837636,255.40024388557663,230,242.02794400524112
-157.936214960638,21.6274995946042,117.24998306166582,230,238.8666874645767
-157.660741009632,21.3169412454747,3.8467322000826467,235,240.3259710885074
-157.663385958457,21.3160715988668,28.589449346996783,235,242.83145970034468
-157.666653248181,21.3150570046479,100.06564164398601,235,244.89189989532812
-157.671787560605,21.3130277951794,129.39550460490645,235,241.52601324734047
-157.677855384379,21.3108536110627,193.02269442100618,235,242.3810227590347
-157.684389963827,21.3088243435156,83.17550327273425,235,240.46765267304156
-157.690457787601,21.307084949019,100.45710961178732,235,240.86588089705856
-157.681422251513,21.3100113907204,111.35908816511312,235,241.12296445524126
-157.687486748762,21.3078321452019,94.4674229167559,235,243.04017462116167
-157.67475130454,21.3121098928833,155.57813573805777,235,245.78259470324335
-157.69511068816,21.3052492938338,42.03793951313398,235,241.66110296325493
-157.700308828658,21.3037157043489,146.62964144732425,235,245.53636718897735
-157.704640612407,21.3022628153343,130.38971474497657,235,243.57145745429762
-157.711051652356,21.2996798660597,47.79717611570007,235,241.3470555655468
-157.717549327979,21.2974197482031,140.49463428550322,235,242.6288880295149
-157.724566817652,21.2954824766634,70.6297549937664,235,242.39730767385313
-157.714343808005,21.2983883743976,82.04853422122278,235,241.97167107179146
-157.729158508426,21.2944331105851,109.48913225451909,235,240.51133928849134
-157.734789827299,21.2935451795908,144.2671916027565,235,241.4151316805398
-157.740767688873,21.2924150778414,140.63271866065386,235,244.31286119725604
-157.745705922347,21.2923343559555,227.7979684794478,235,243.5801509528933
-157.749171349346,21.2917693015128,184.33434102479572,235,247.03009065121154
-157.75393631147,21.2912042448984,76.20317638461341,235,243.01373111068392
-157.758528002243,21.2908813544293,148.08424493955312,235,244.55723077046665
-157.762859785992,21.2906391861122,226.86839636644896,235,242.90730446942078
-157.767971290816,21.290235571364,186.4222563967875,235,241.9494904441805
-157.77238971024,21.2899934019832,153.4818153429604,235,241.39257555551129
-157.776883184027,21.2897372844715,192.94591129904538,235,242.7660565317163
-157.78419748972,21.2904945214377,150.77058198446986,235,241.98630151174737
-157.787912692611,21.2908190503722,164.89967114508966,235,243.21566563084872
-157.791511795413,21.2917926328776,152.53617351700024,235,241.68415298392767
-157.794646497852,21.2924416842995,108.46623182617026,235,243.9632071668755
-157.797432900021,21.2935234303015,60.692729441064245,235,241.24145104159686
-157.800915902732,21.2948215149967,88.0762732203871,235,241.7117871808048
-157.80347010472,21.2961195882288,121.72720413566759,235,242.72316849930706
-157.807301407702,21.2980666765826,122.73883204628108,235,242.82082477371432
-157.810784410412,21.2995810608022,83.71156805517606,235,241.7720833887603
-157.815196213846,21.3018526078713,38.88048746843122,235,241.5792423537713
-157.819737717396,21.3049462655166,56.780319263983046,235,241.5835172149869
-157.82658840151,21.3093862035964,112.80396929717155,235,243.2386170078535
-157.832446232854,21.3145659617365,128.8605536179168,235,241.26341344350038
-157.836119788103,21.3177107257584,122.04893661660947,235,242.44572669071374
-157.839793343353,21.3210404024834,90.60519692688243,235,241.89978478212805
-157.843367613325,21.3243700036857,90.3288275572777,235,240.14492000318702
-157.845254033588,21.3262197494946,85.21082154753822,235,240.47733628750444
-157.846346171636,21.3276995293556,80.01199392605469,235,240.016045032185
-157.847835450791,21.3315838804935,79.5465658512551,235,240.50305152929266
-157.849622585777,21.3362079739541,140.94934717002207,235,240.7007096829983
-157.850615438547,21.3402770556211,220.05041221392636,235,241.29609340500713
-157.851806861871,21.3451782995437,224.96664676938124,235,243.97413256938162
-157.853395426303,21.3508191510649,174.65170182596955,235,242.55195033741072
-157.854090423242,21.3544254833603,157.16706263363955,235,240.68563805059745
-157.855778272952,21.3580317269093,154.7318002154908,235,241.4456589890494
-157.85716826683,21.3612680237552,242.93807427268368,235,244.12826414850323
-157.858359690154,21.3639494726961,311.1540875807847,235,243.66014214552683
-157.859650398755,21.3666308725491,330.12510772385673,235,241.9063155992381
-157.861636104295,21.3706066509316,314.1441721106353,235,242.2247753598682
-157.863323954005,21.37375021323,325.6600085113343,235,241.79392554706288
-157.865111821803,21.3770263657113,259.3247317258348,235,244.14089984603513
-157.867870264654,21.3823776587602,283.18642127070717,235,242.77887659197265
-157.87108844798,21.3879427959486,291.8543536547326,235,242.3365050757247
-157.873157280119,21.3920094930972,367.9234286535942,235,244.04211190511913
-157.874536501544,21.3963971184728,348.64686815165044,235,244.2450182430906
-157.877065074158,21.4029248052648,248.2518546758644,235,246.3895001690034
-157.879363776534,21.407419108705,382.35621681757664,235,242.72127069071513
-157.880742997959,21.4111642559992,372.769166210704,235,242.99032776579867
-157.882122219385,21.4150163073592,440.3058950193315,235,245.56181831307114
-157.883731311048,21.4185472652152,368.5249725101744,235,246.01407676592703
-157.885110532474,21.4225061164595,242.24765714142438,235,245.05790798202182
-157.886374818781,21.4268928262723,291.18078613364503,235,246.69070043724926
-157.888658623094,21.4320693842868,433.66332504673505,235,243.56715620657366
-157.890812794559,21.4372592566607,403.97150153225346,235,242.2696969269122
-157.89322039796,21.4433925042242,435.10368209430465,235,246.16157039810838
-157.895628001361,21.4483460928624,492.5054192667101,235,243.90470268891247
-157.898415752667,21.4530636399065,447.4321479681963,235,244.06764267026355
-157.900950072037,21.4578989672217,421.18879548180445,235,243.56614506501447
-157.903357675438,21.4628520630443,432.8382963774833,235,243.16413356016443
-157.905638562871,21.4683946135364,413.3562138711186,235,244.5216104394823
-157.907792734335,21.4731115117025,489.1452443732955,235,245.36154757005608
-157.910327053704,21.4770028377,496.55516786769704,235,243.52674222442673
-157.912734657105,21.4823090237601,479.2803531880884,235,243.6017102320677
-157.914635396632,21.4860821939706,479.8121632692711,235,246.95263453155306
-157.916916284065,21.4903268935477,559.0586146241776,235,246.151045302593
-157.918436875687,21.4943356628021,509.4570093896796,235,244.77325919497707
-157.920191561441,21.4987613129399,533.0934586886558,235,243.99398849760894
-157.922812602205,21.5025934788214,505.4352321770987,235,244.3228084701845
-157.924684774179,21.5078189968393,518.0411845608726,235,244.3330937407895
-157.926182511759,21.5133926757287,505.0448534368295,235,243.73259244008239
-157.927680249338,21.5186178055896,515.4334067280414,235,245.4046896004145
-157.928803552523,21.5234944239562,547.1967584420968,235,247.78210497265246
-157.929926855708,21.529067501652,609.264912004455,235,247.01024376574642
-157.931050158892,21.5353369584489,614.2657446381072,235,246.44047776411887
-157.932360679274,21.5414320041358,655.7642671629922,235,247.24471558981128
-157.933671199657,21.5449147724793,650.0439641226559,235,247.09144252357873
-157.934045634051,21.5492681153707,679.423802787458,235,248.58062401616579
-157.934420068446,21.556059069456,704.7270639677071,235,250.36561038469299
-157.935730588828,21.5612826639375,751.3127519370101,235,249.74839073490892
-157.93704110921,21.5670284005251,747.6018062399555,235,251.5810129478753
-157.938164412395,21.571903392371,749.6536963987888,235,250.16436887949732
-157.939100498382,21.5771264159461,728.6504721127249,235,251.7129286451595
-157.93987648411,21.5830820551678,659.737180417956,235,251.40830424278283
-157.941170286143,21.5887966070456,632.6785286855512,235,252.7183150862482
-157.942625813432,21.5939094359839,522.199358276419,235,251.8651991907406
-157.944243065974,21.5984206056751,423.5637297786532,235,249.48386328413022
-157.9452134175,21.6026309038572,374.74776648498806,235,247.44103310893522
-157.946507219533,21.6071418016766,345.68197018078547,235,248.81633656413837
-157.947477571059,21.6134568223133,316.47594757042964,235,245.28578911113857
-157.946830670042,21.6167645802184,273.8224998447499,235,245.83198264990315
-157.946183769025,21.6193205231362,243.3095646117801,235,246.66370993146523
-157.942302362923,21.6196212193322,217.43079639161923,235,246.7823835377282
-157.937774055804,21.6181177320976,169.30094548469128,235,246.132361272916
-157.933245748686,21.6158624719301,179.1533746994468,235,247.34049255445927
-157.928717441567,21.6130057585548,227.01576446191513,235,247.308864393441
-157.924512584956,21.609547556335,147.55660419204008,235,246.84997172848918
-157.919660827329,21.6051870965565,122.15597988961191,235,245.87476449503808
-157.913838718176,21.6009768727521,141.91312232585065,235,245.77884874603492
-157.907693158515,21.5978191245067,72.14815287166039,235,248.18240141240818
-157.902679675634,21.5946613073628,22.592525060134147,235,245.211931951468
-157.897827918006,21.5924056815104,19.970191381191142,235,243.71920536516046
-157.893461336142,21.5903003990059,7.4457137552693755,235,243.64285575804163
-157.889256479531,21.5886462269906,5.631684399314976,235,243.06506896094194
-157.886021974447,21.586390507424,-0.8541997559290859,235,242.64506393308525
-157.670067816754,21.3212599248165,68.79762496541741,240,251.4788409955413
-157.674398081369,21.3194263289945,226.12170855694345,240,253.66216360464588
-157.678603272521,21.3170883852238,264.66251331520937,240,251.22797970668455
-157.683798947432,21.3153508666679,177.9523605662839,240,249.87617590605666
-157.689394289643,21.3133651060001,176.82123987157016,240,246.92031913651496
-157.694589964553,21.3113793184806,75.87201553439968,240,248.59092595115885
-157.686863063404,21.3142338795964,166.08839394711197,240,248.0194539805437
-157.681267721193,21.3162196285159,206.19836019937668,240,252.5771834304423
-157.698719859994,21.3097658463508,111.74280858339901,240,249.76629022275682
-157.702849755436,21.3080282411589,209.7321116606488,240,247.910764476882
-157.707512540611,21.3066629655173,125.65070056985017,240,248.3007666740113
-157.712175325787,21.3048012055578,102.71197388263258,240,249.71707720168692
-157.717504223131,21.303808257266,206.8956356273078,240,248.78177856157595
-157.723232787775,21.3023188222461,108.77134675415414,240,246.83306491376464
-157.730293576756,21.3003328854012,167.87867424513541,240,248.2000005452379
-157.726963015916,21.3013258571786,136.47453036942053,240,246.0115454639017
-157.734856710721,21.2993715756592,226.4427343803942,240,247.8823526867493
-157.739131205328,21.2983504115582,209.17320054654516,240,247.1575528626764
-157.742200073251,21.2975334751689,223.5355462622358,240,247.26093180216546
-157.74746098969,21.2971250052713,238.64277875349123,240,246.62943686177692
-157.753050713407,21.2970228876196,143.29502127489872,240,249.36700446261122
-157.758750039549,21.2964101802191,210.02409535264945,240,251.54587574225303
-157.764778172969,21.2962059438514,289.1673039531459,240,248.8646622126227
-157.77025829426,21.2965122982966,252.74510640386762,240,250.06718766147384
-157.775190403421,21.2958995887677,272.2901298630393,240,250.13482580613604
-157.781656946544,21.2965122982966,184.08720174163162,240,249.54854519197332
-157.784945019319,21.2971250052713,259.2339511522901,240,247.11378061686852
-157.788781104222,21.2979419439312,230.03157097007812,240,247.3291150777889
-157.79246756451,21.2991075642005,120.78548713332577,240,245.95054517443108
-157.796265288564,21.3002870020254,126.93274312175598,240,250.0373392441576
-157.799947930072,21.3013592100157,197.07278778835942,240,248.6264583531253
-157.803515489032,21.3028602880585,210.6374071744479,240,247.7478560758775
-157.808464038558,21.3054335290261,102.24799596713801,240,247.89117457881036
-157.813757835725,21.3070417817439,55.46810339095121,240,245.2627011388475
-157.816404734308,21.3083283712416,70.30022292276269,240,246.7267462667846
-157.819627045627,21.3109015164301,133.2257622146071,240,248.2602656542168
-157.823424769681,21.3134746165393,216.9614485259785,240,250.70889076013844
-157.827222493736,21.3165837190201,153.34410937701384,240,248.46891209517608
-157.831365465432,21.3196927556677,205.0706090654152,240,247.69063892757816
-157.834012364015,21.3220512912738,161.68716326225172,240,246.38002623491755
-157.836889427693,21.325053009056,141.48117868465442,240,248.23370075655902
-157.838845830994,21.3271970556002,178.53762201439778,240,246.60142152586272
-157.841262564483,21.3297698701047,125.7678300353135,240,246.8467198794068
-157.843218967784,21.3323426394977,92.6706166082923,240,246.28570661452002
-157.843909463066,21.3348081678306,94.02752491847266,240,246.63532086108341
-157.844599958349,21.3375952369169,130.31015013733574,240,247.69173856426627
-157.844715040896,21.3413469770559,206.21247465657717,240,247.02762186903496
-157.84494520599,21.3447770554745,279.02771077747644,240,246.86501511379143
-157.84575078382,21.347778308266,303.43923277674895,240,247.5405252330334
-157.846671444197,21.3519585222594,265.4568882652152,240,248.16852964021496
-157.847822269668,21.3554955332876,269.74284376575235,240,248.43734477793893
-157.848512764951,21.3589252806327,212.47726430122452,240,247.0604118819274
-157.850234940718,21.362831931356,199.12080535548714,240,248.74468554347462
-157.852054191868,21.3672557516101,328.0176899786351,240,251.61918221948798
-157.854884138101,21.3728088687231,358.40475355137767,240,247.73511708868136
-157.857208736792,21.3765735740865,344.077716518484,240,248.16388792200343
-157.8585226404,21.3804322966004,266.42632720809047,240,248.99217052780196
-157.860038683024,21.3838203593139,251.34611219278545,240,246.86854334776922
-157.861959003682,21.3887140891813,362.4312936930662,240,247.94123572899838
-157.864384671882,21.3934194442881,319.25893820220233,240,250.64813775212616
-157.865799644998,21.3973718255916,447.2684969484435,240,251.11606668200918
-157.867315687623,21.400947697575,374.73186255763744,240,252.31267275999312
-157.868427452214,21.4048998753781,273.2326626188197,240,249.42744175980442
-157.870145633856,21.4088519463205,358.21160357020955,240,250.8227083887212
-157.871257398447,21.4128039103861,420.6401807638794,240,247.97998873568736
-157.87226809353,21.4157207676798,415.3905582789898,240,247.47105112326196
-157.874289483696,21.4183552984029,398.38694029549043,240,250.36074996987247
-157.876209804354,21.4216483949844,320.61025616206217,240,250.87779029310536
-157.879792111992,21.428591495251,326.18081411368195,240,248.35841035228526
-157.878450900357,21.4256404688984,297.035368778829,240,248.59178913745987
-157.881382709917,21.4334778272199,429.53744868093,240,249.21737982931347
-157.882820413587,21.4379043640651,483.3629625630299,240,248.96555982931028
-157.885474635748,21.443874828955,426.27185340455407,240,252.14264007279553
-157.886912339418,21.4481981165093,519.1342826204633,240,251.78986747878537
-157.888792413448,21.4527271374443,547.4894045458701,240,252.71527990620527
-157.891999598558,21.4585940690373,523.7563458376933,240,249.65716782520695
-157.894211450358,21.4636373828894,539.6061781634075,240,250.98111332611035
-157.896423302158,21.4683717635911,552.922895402505,240,251.35455865252874
-157.899188116908,21.4714593202965,505.66954667221273,240,249.943228978639
-157.901213152368,21.4748875399803,523.5667553661978,240,249.97453590304843
-157.903523877384,21.4783433545395,559.1794710045863,240,250.28063078955995
-157.905339447039,21.4821830523055,532.9062655860364,240,250.99574602006078
-157.906824913121,21.4854851113926,517.2653043246513,240,250.07308360437844
-157.908310379202,21.4887103060955,538.4563805018395,240,249.46555739552392
-157.909639741053,21.4913742266702,553.6244757880773,240,249.49230748399154
-157.911985725521,21.4968832820338,559.6747795829513,240,249.10638368853685
-157.914555137081,21.5024960672826,550.1280590473102,240,249.18067140880828
-157.916454267365,21.5069653524755,549.087051401297,240,251.89654808420423
-157.91801825701,21.5117462961822,574.2123292310552,240,251.0594554849313
-157.918911965379,21.5166310110482,579.5500227549408,240,250.50429781203079
-157.920811095662,21.5215155617388,621.8659560247925,240,253.16235574000868
-157.922039944669,21.525672496815,676.0267369724095,240,255.1249067259497
-157.923045366584,21.5304528250945,701.9508210550237,240,254.5084360970527
-157.923939074953,21.5339860100867,707.3596383125087,240,254.74622488454986
-157.924497642684,21.537415195658,718.847596311387,240,256.4257238638402
-157.92516792396,21.5402208326971,732.6456731134022,240,257.58042051365
-157.925391351052,21.5436498709905,763.016390898043,240,258.608064172432
-157.926843627152,21.5487413238397,756.0196166586979,240,255.36798506519224
-157.92773733552,21.5531052840849,774.2696627308626,240,257.5085623251047
-157.928295903251,21.5581964051114,812.881642965827,240,258.4411158881575
-157.928966184527,21.5621444983756,829.87410393359,240,258.27053719989715
-157.92933047369,21.5673559644703,801.0708120517772,240,257.79689534970277
-157.929790008744,21.5712021642409,727.8812211285008,240,256.84985399116556
-157.930157636788,21.5750482619393,649.1002735857575,240,255.93168096891873
-157.929698101733,21.5788087920909,587.0079186651823,240,255.1540215714563
-157.928779031625,21.5827401510609,520.64029230351,240,256.54145073037915
-157.928595217603,21.5861586373431,468.2761381707325,240,253.86997576030103
-157.928411403582,21.5883806101548,442.5542108230099,240,252.26727647534582
-157.927032798419,21.589918879051,429.36475489801416,240,253.58890878704074
-157.925378472224,21.590431631718,376.86615356995924,240,255.68486397440762
-157.922896982931,21.5905170903193,309.27299826518146,240,256.07373397961607
-157.920047865595,21.5902607143641,347.79316787475034,240,257.3109725694219
-157.917566376302,21.5894915837747,361.5815769966542,240,257.364690656159
-157.914992979999,21.5885515297281,316.6934519327266,240,253.24160158092445
-157.912143862662,21.5871841674929,214.60607909360994,240,258.9333710892944
-157.908743303261,21.5853040233373,127.50962329884476,240,256.30589988529704
-157.905986092936,21.58419301759,145.60237644655334,240,251.4640373975294
-157.902493626524,21.5827401510609,235.12818803705107,240,254.6322526460633
-157.897898275982,21.58120180591,223.12899895914006,240,255.00671625767615
-157.893670553483,21.5794925143587,64.2928881407169,240,250.0641063169409
-157.889626645006,21.5782959982724,12.014505578096284,240,248.55068221074282
-157.885398922507,21.5777832026388,5.82559356823311,240,248.06867121794022
-157.880160222889,21.5759884036277,8.43029762406209,240,248.26912334345408
-157.878230175662,21.5752191972455,7.559616332996735,240,248.01612925227568
-157.875748686369,21.5740226458676,5.669501227213034,240,247.81261646098008
-157.672035262493,21.3257458993578,26.90973407767801,245,251.90939936412607
-157.675483859661,21.3241396583184,96.5886392952259,245,258.1842001829784
-157.680040934491,21.3225333997006,194.61436959560484,245,254.52283570703685
-157.683243203289,21.3203534491761,255.68272331808578,245,254.2728373486374
-157.687800278119,21.3180587294413,255.24915966303706,245,253.82352308632957
-157.690756218548,21.3166818803845,220.792933104038,245,256.15972262196254
-157.693588994794,21.3155344963078,150.26819511543866,245,255.1872392462529
-157.697899741254,21.3141576235812,198.08862553160674,245,253.54858090187216
-157.701102010053,21.3130102197807,238.04547138007868,245,255.64438803359414
-157.705289592328,21.3114038393991,244.9547660049035,245,256.51353520499913
-157.709723502973,21.3103711570187,143.47980265729672,245,253.222698875711
-157.713172100141,21.3091089798046,154.15303630773025,245,253.45780249801032
-157.716497533124,21.3079615365619,211.60214902572892,245,255.79392301397485
-157.721177772138,21.3070435755143,200.073392342446,245,255.6026499873414
-157.724133712568,21.3065845928395,163.62525834567867,245,252.15059041571442
-157.730291921796,21.3050928892426,222.52280731858644,245,253.01858337143491
-157.727335981367,21.3058961161384,183.9189283661197,245,252.61000193574034
-157.734602668256,21.304404405551,248.034499808539,245,252.62642029079703
-157.739898728193,21.3033716739644,264.8250206481717,245,254.29229213283344
-157.743716817915,21.3036011704999,276.22484500242047,245,253.5434132501194
-157.74790440019,21.3033716739644,295.63474287236386,245,254.60938441177896
-157.751352997358,21.3029126798181,230.4198293834154,245,251.7111287615215
-157.754555266157,21.3027979310575,175.46888547634046,245,254.18919976137775
-157.757511206587,21.3027979310575,201.0708922304405,245,258.24127007155073
-157.761206132124,21.3027979310575,332.15096260896667,245,257.1223290495069
-157.765270550215,21.3026831822073,343.6626640264418,245,253.02206170281062
-157.770689774336,21.3022241859103,324.57492641348193,245,253.75805975791204
-157.767733833906,21.3027979310575,315.5608234321238,245,252.63830165625464
-157.773522550581,21.302453684238,338.9352561014995,245,253.19826600525366
-157.776232162642,21.3029126798181,288.5718184736835,245,251.92686201891766
-157.778695446333,21.3033716739644,246.7866089571204,245,254.22481023143732
-157.781774550948,21.3039454146309,193.29239418036929,245,253.4461164412812
-157.784853655562,21.3040601624954,165.33856701142423,245,250.99109907667668
-157.788179088546,21.3052076362109,131.5874880326913,245,250.8129069167822
-157.79125819316,21.3058961161384,145.46805617596098,245,253.82110964751527
-157.794548406086,21.3075567971019,236.9156902150049,245,256.2433892214306
-157.796992599329,21.3092013718779,249.0766759144209,245,252.86617810201938
-157.799979946626,21.3105929207683,155.60937692680025,245,253.9699034455781
-157.802559928382,21.3116049480443,86.35682679527457,245,255.0129891090526
-157.806497795273,21.3136289816752,57.52849232221221,245,251.64032934591037
-157.80989250811,21.3156529874099,74.74981873016638,245,252.88142403622905
-157.812744066894,21.3176769652461,185.12467375421392,245,257.80815850216266
-157.816410356758,21.3199539069617,328.1607375695155,245,254.71263575627523
-157.820348223649,21.3222308133626,312.5895571432211,245,254.02080505569708
-157.823607147973,21.324254700514,289.4221493327841,245,253.57319922063033
-157.827273437837,21.3258990882754,307.1814396485263,245,255.63238694538646
-157.830939727702,21.3284288796235,219.84230514819455,245,254.3332879054018
-157.834470229052,21.3314645716723,201.7620796092954,245,250.92236972632003
-157.837457576349,21.3336148155389,133.96172764917836,245,252.41061193197373
-157.839087038511,21.3358915099872,106.55061476120262,245,251.05966234293538
-157.840716500673,21.3393064854036,125.07315495185614,245,253.25334407577068
-157.8409880777,21.3429743333918,193.69361010680694,245,255.914967021263
-157.840716500673,21.3465156168085,291.9922676357678,245,256.7923163141852
-157.840716500673,21.3505626931138,370.5987937536265,245,255.64467552641247
-157.841123866214,21.353977326831,361.05167460090036,245,252.60275332369
-157.841938597295,21.3573918809876,312.8305102209779,245,252.3284949276679
-157.842617539862,21.3611857367261,247.94791608042465,245,251.95052016096457
-157.84370384797,21.3647265801058,185.113724564124,245,254.52816382301938
-157.845333310132,21.3687731534396,312.4939330370769,245,255.70173583496836
-157.847098560807,21.3728196149549,451.53938379986425,245,255.7609672223178
-157.848320657429,21.3756014923743,410.83975711410534,245,254.11851776431683
-157.850357485131,21.3783833169284,371.947958742382,245,252.04743024133026
-157.851579581752,21.3819237444395,352.1084301187999,245,253.023528848005
-157.85266588986,21.3848318886764,251.91088588684167,245,252.7862220740382
-157.854295352022,21.3881192864732,284.3275710779092,245,255.25450449449053
-157.856196391211,21.3916594784095,373.4615610425689,245,253.66280958647098
-157.857554276346,21.3946938604427,377.98711487515135,245,252.43038217983178
-157.859101406368,21.3973523356056,385.2520616144809,245,252.72708757543973
-157.86113823407,21.4011451556501,402.4435124955475,245,254.81270051327914
-157.863446638799,21.4064549384003,264.1180553701883,245,256.06847225228455
-157.865347677988,21.4106267752387,360.6494016940955,245,256.05385379630866
-157.867791871231,21.4147984929729,433.0495150589128,245,254.02909392313867
-157.870100275961,21.4197285512591,380.58528268741526,245,252.63264696441945
-157.872137103663,21.4240264150167,338.9934258706267,245,254.8779887225115
-157.873494988798,21.427944945256,378.354912678565,245,253.27327359708016
-157.874852873933,21.4319897693792,445.57894692615923,245,255.93996856007251
-157.876210759068,21.4362872721976,521.7703927387544,245,257.1439524889707
-157.878111798257,21.4408374313593,554.6839752597073,245,255.86948102442392
-157.880012837445,21.4457666103144,548.8474138021013,245,258.68057710424523
-157.881234934067,21.4501900906326,602.4104654121539,245,258.95478021480557
-157.882728607715,21.4539815383971,619.1392022451638,245,257.347462045176
-157.883814915823,21.457520134024,628.3864983297293,245,260.7457843158333
-157.885444377985,21.4615641381305,670.3471587262031,245,261.4189671779098
-157.887345417174,21.4654816601039,619.8059295713825,245,262.57080611984367
-157.889246456363,21.4696518096967,616.7953587759279,245,261.9306927421801
-157.891147495552,21.47483273836,686.2483748635415,245,261.4215629771118
-157.893455900281,21.4795080523667,708.7765877136839,245,263.39607696659726
-157.894949573929,21.4832987373065,708.5222456707422,245,260.6219024092931
-157.896705082956,21.4876021506896,675.2344738433744,245,262.28977879379755
-157.898774241257,21.491212128323,657.2811795873323,245,257.97076811128596
-157.900972721952,21.4954236557101,646.2429096864864,245,260.02162828212437
-157.903429847434,21.4995147370082,648.7626187997619,245,258.6168162733256
-157.905757650522,21.5028837763886,663.7011889708673,245,259.061928272993
-157.907438841642,21.5073356015782,647.8755314912844,245,258.42316570232185
-157.909249355155,21.5116669763426,625.3548650334947,245,259.4854015933955
-157.911059868668,21.515757600677,570.9250549671934,245,261.9489082008376
-157.912999704575,21.5200887244832,551.2022740481176,245,266.14175955229246
-157.915068862876,21.5239385039355,631.6815940458056,245,261.67752031631863
-157.916362086814,21.5289911846475,601.4084369000018,245,265.66304116311323
-157.917525988358,21.533321913931,592.690800815143,245,265.5466282474839
-157.919336501871,21.5381336838735,643.206514587587,245,260.3510347566042
-157.921147015385,21.542945294332,767.42731186006,245,265.5613356797489
-157.921017692991,21.5475161765194,805.4958316739105,245,264.98672822276035
-157.921405660172,21.5519666339827,819.6532695017854,245,264.8360192338709
-157.921017692991,21.5549736225476,824.8315069361271,245,264.98785222231356
-157.920241758628,21.5587022017929,805.80654584062,245,265.8987854329013
-157.918819212296,21.5621901407527,750.585843253505,245,265.53729715047757
-157.916362086814,21.5653171871078,662.6863201116523,245,265.65508968719377
-157.912611737394,21.5684441660124,522.6766909034393,245,270.23307609857585
-157.908214776005,21.5700076301684,342.52591445755183,245,266.30312847184143
-157.904205781797,21.5709697535739,209.13757006551228,245,262.6382647209447
-157.899291530832,21.5710900185505,100.6979410631221,245,257.42989935636837
-157.894635924655,21.5707292233213,42.018392437602,245,255.15469018424457
-157.890238963266,21.5702481616186,43.758438052051616,245,255.4068301483405
-157.884548777939,21.5701278959434,110.26967115458024,245,258.1398808536952
-157.881445040488,21.5697670983191,122.66996728867115,245,259.13041069785686
-157.878211980643,21.5684441660124,96.364577484107,245,254.32412848483204
-157.875496210373,21.5672414898011,50.851953498023086,245,257.6412734256678
-157.871875183346,21.5657982651759,-2.9218684698094126,245,253.15600237496542
-157.868512801107,21.5639942141888,-4.972022977722612,245,251.74940034604052
-157.865279741262,21.5619495959318,13.247049757073373,245,253.31838062005357
-157.86178803663,21.5590630269552,58.125212206554195,245,255.03525274259337
-157.858684299179,21.556296677768,100.81034784185206,245,257.0970488346929
-157.855968528909,21.5541316720328,83.30782584981195,245,256.55379339912594
-157.85364072582,21.5520869147221,77.36164710769734,245,259.43694774351195
-157.85092495555,21.5494407154187,101.96264284553587,245,258.66185017408253
-157.848338507674,21.5473958919906,41.77258124894773,245,256.08519958248553
-157.844588158254,21.5448698938535,10.090991969221193,245,253.17874095312501
-157.841355098409,21.5421032740158,1.7076787999752354,245,252.57457291965596
-157.838251360958,21.5396974747673,-2.677350913935005,245,252.06995631007888
-157.684996621518,21.3289818445464,13.239518052421642,250,257.07641527979104
-157.687141192524,21.3277105857841,21.575344101788684,250,258.7020048289593
-157.689188283029,21.3264393160087,50.59993100758423,250,256.5032733190893
-157.690845451533,21.324986422781,99.5737370265942,250,262.3847273467038
-157.692892542038,21.3238059364429,123.04655240030534,250,260.87642137596066
-157.694549710543,21.3228070559718,141.1170939530737,250,258.61405233236485
-157.696499320547,21.3215357437228,182.49453734883673,250,260.58603571984446
-157.698448930552,21.3208092746371,219.1982529357034,250,264.4163499594766
-157.700983423559,21.3197195642677,269.2846367598697,250,264.327071218514
-157.703127994564,21.3188114661143,325.737369627999,250,262.5449917627625
-157.70537004607,21.3177217409158,348.3322056980309,250,261.2672756300631
-157.708391941578,21.3166320076292,341.49518821564124,250,262.45692527371756
-157.711023915084,21.3155422662549,312.04157095694336,250,262.0377018655754
-157.713460927591,21.3147249549167,315.6375858355023,250,260.0843375355602
-157.716775264599,21.3139076390296,325.8548881810344,250,261.0477797308985
-157.719797160107,21.3124546217761,311.8652928443064,250,262.2282636429434
-157.722429133613,21.3117281077584,269.5523866815968,250,262.2031392646967
-157.724768665619,21.3111832198866,243.88276113942112,250,260.64096805029357
-157.727108197625,21.3102750689413,216.3252880706999,250,257.8146658657651
-157.730032612633,21.309820991363,268.15777765161124,250,258.8819093561155
-157.733346949641,21.3093669123809,302.1091990563219,250,260.03525186418443
-157.73685624765,21.3087311994477,318.18279094511104,250,260.34988323488494
-157.739780662657,21.3086403830898,339.70778796587524,250,259.3946102349872
-157.742022714163,21.3080046670123,329.93095738836064,250,261.0472778050155
-157.74484964867,21.3077322164226,327.5232454290578,250,260.2236871846044
-157.748456427179,21.3071873137272,322.0140420452518,250,258.29508652050794
-157.752160686189,21.3070056790463,219.4783591288882,250,258.665050113458
-157.7564498282,21.3070056790463,206.69715800318446,250,260.3617662421346
-157.76044652871,21.3068240441408,374.3429279604994,250,263.0194538989366
-157.765710475723,21.3065515913614,363.1623296602504,250,259.0123689021457
-157.773021513242,21.3066424090107,300.6091227039864,250,256.737757339006
-157.776043408749,21.3069148616216,299.2688268923907,250,257.8789876612138
-157.779942628759,21.3073689481836,228.42305506405896,250,257.5163728058507
-157.783549407269,21.307823033342,181.2526489197991,250,256.8464554834212
-157.787156185778,21.3083679336792,162.83941275184736,250,258.3649214466476
-157.790275561786,21.3093669123809,184.76567442675423,250,257.951710843153
-157.793522713031,21.3117367723084,291.86675013120515,250,260.1183231662194
-157.79900018876,21.3158017447725,121.93987727136505,250,259.756365120144
-157.796307870181,21.3135530505069,212.14996616061302,250,259.1630318866432
-157.802249538768,21.3174449995738,76.35233600170062,250,257.85639160022885
-157.804570503059,21.3191747216014,77.55582423419072,250,256.65764666550666
-157.807541337353,21.3210773922936,128.0813668533529,250,261.720108279721
-157.811069203076,21.3234124544382,294.3101913043875,250,264.8831496150941
-157.814132875941,21.3253150702018,409.8885741192344,250,263.89705450053606
-157.816918033091,21.3272176613007,408.42708530038107,250,258.9772790546681
-157.819146158811,21.3291202277331,405.8657152628962,250,260.0749303674446
-157.822302670247,21.3315416402424,366.5894723002195,250,259.9579209759034
-157.825366343112,21.3343089198909,305.77469925398674,250,257.10560704550664
-157.828522854549,21.3374220470988,235.12235626592502,250,257.62031978829367
-157.83084381884,21.3400162692988,160.11029930992632,250,258.7309195231486
-157.832329235987,21.3427833890647,171.92173213312623,250,258.7194657052258
-157.833721814562,21.345550456613,220.9287167462199,250,259.15526938394487
-157.834278845992,21.3484904086618,290.5902329811125,250,257.0739618073873
-157.835021554565,21.3507385675039,374.4668492846859,250,263.1730043845199
-157.835578585995,21.3536784154984,423.4288441091658,250,260.09680240384927
-157.83641413314,21.3567046680099,396.781364474186,250,260.6509902683739
-157.837528196,21.3600767043281,334.70467956130403,250,259.8206484141254
-157.83864225886,21.3638809598186,227.1040642965847,250,257.81422580321066
-157.839570644577,21.3672528309499,228.56785859282198,250,258.64949790003925
-157.840777546008,21.3702788030468,318.9428348732813,250,259.1191608281218
-157.842907709076,21.375070291573,429.3346113690697,250,258.01179801112926
-157.845049500994,21.3803555354627,420.0460925949207,250,259.7180001238167
-157.847619651296,21.3866377468982,282.6952485216291,250,259.3612199905873
-157.85040398079,21.3925208431674,340.73539552008293,250,262.03535232073233
-157.852652862304,21.3980048723408,440.20908397604774,250,259.97337219842177
-157.854794654222,21.4024916523195,402.26051020322586,250,258.7646841731537
-157.856079729373,21.406380083578,297.70291936898906,250,260.5589242696374
-157.857793162908,21.4101687119665,361.82263986857834,250,263.9210184883635
-157.860684581997,21.4155523833339,526.7724776753531,250,262.7814761187437
-157.862612194724,21.4187426134901,458.6951571350402,250,259.0451995700679
-157.864004359471,21.4224312302474,405.34644249810015,250,261.82100288369594
-157.865182345026,21.4253222431182,444.60449635945497,250,262.17972802887107
-157.867324136944,21.4297084981635,500.3421249629157,250,260.52470232676154
-157.869923128542,21.4360122162166,581.4316996272818,250,262.2521279921677
-157.871580672514,21.4420433713134,545.4600307396142,250,265.46441686342104
-157.874745074643,21.4498975250854,630.5232989943796,250,266.7165567676978
-157.877457419325,21.4576110143797,728.6976621109387,250,269.6988130929281
-157.879114963298,21.4626596227398,637.6245108997664,250,269.8882312572732
-157.881375250533,21.4684092136876,284.22725244076054,250,270.6100454000227
-157.882580737058,21.4726160877061,285.7066613866669,250,264.7140964358114
-157.884388966846,21.4778043983291,485.5754537915194,250,271.6664728986113
-157.885895825003,21.4825718721435,457.14615123110514,250,267.27686765659394
-157.88740268316,21.4870587637103,512.1137208272205,250,271.4770538954933
-157.888909541316,21.4916857257737,548.6617867115734,250,272.5230090358748
-157.89086845692,21.4979949823993,511.1652062281957,250,268.81138748699937
-157.894032859049,21.5069676760385,392.401794479105,250,265.7897174852357
-157.891772571814,21.5022010014689,468.2878207396034,250,267.6709428066912
-157.895238345575,21.5120145729118,261.7740774125543,250,261.50679481016095
-157.896293146284,21.5150987014134,222.27691908440315,250,261.2612526515297
-157.897950690257,21.5194444077676,165.6481289229443,250,260.81611724421595
-157.899005490966,21.5240703394644,142.03675377840497,250,260.8006587426422
-157.89990960586,21.52771490918,148.46644218640995,250,261.12388246173185
-157.89990960586,21.5326209163092,207.9483958997345,250,261.8174914478962
-157.898704119335,21.5369660984961,210.9087185023959,250,258.7535515067728
-157.897046575363,21.5400496972843,201.06685325538993,250,259.1466000042978
-157.894936973943,21.543693865945,220.2332843117477,250,261.34924092632923
-157.891889067025,21.5471176633215,221.82424783209268,250,261.5831303907949
-157.888727374193,21.5488251800984,182.54739562174302,250,263.0919837381576
-157.88546369127,21.5493943478919,88.46203802972636,250,261.2106966662553
-157.882301998439,21.5488251800984,35.373213689230596,250,258.7310377548024
-157.87710050378,21.5475919755529,17.710194452193214,250,259.6683842489382
-157.87179701903,21.5460741709549,152.61990799183806,250,265.99163565578806
-157.865677613549,21.544271757375,430.54568707783454,250,271.5734584607868
-157.860272138708,21.5429436488337,495.2103952671666,250,269.9577924462244
-157.855988554871,21.5416155281389,370.2784856890253,250,269.10834038581265
-157.851908951217,21.5406668630593,177.78926591438145,250,266.68238157037575
-157.84833929802,21.5392438538144,43.076270726251344,250,259.17679691163045
-157.844973625006,21.5378208306198,22.79786045601455,250,258.0006893066618
-157.841913922265,21.5366824020209,36.909232004306595,250,258.25465550170117
-157.838854219525,21.5351644833359,62.14455478513062,250,262.31028069223305
-157.836610437515,21.533172190979,33.28998040020213,250,258.586147676044
-157.833754714958,21.5304208851668,-0.20573437554043772,250,257.4097709451983
-157.831306952765,21.5276695272306,-1.8238149998048967,250,256.52598772873927
-157.82865521039,21.5242539759066,-2.3113747531986624,250,256.05268190872994
-157.826207448198,21.5216922597126,-2.489063649448539,250,255.89573202548505
-157.823861676097,21.5194151407326,-2.791300387541855,250,255.73874634711407
-157.821209933722,21.5164738092356,-3.595464466917616,250,255.53859819896408
-157.818660181438,21.5141017243432,-4.372052369466021,250,255.35977837707532
-157.815600478698,21.5114449433039,-7.869540361816316,250,254.67655831725253
-157.812846746231,21.5092625511254,-7.4297596308901115,250,254.73731159690303
-157.8096850534,21.5070801261862,-6.8004318349519615,250,254.79858984271374
-157.805605449746,21.5042334357317,-7.83970538668542,250,254.6727054455688
-157.802395869163,21.5020376638775,-10.679688553611246,250,254.07600450360025
-157.798676781359,21.4992694326123,-11.459718404328978,250,253.9175534114234
-157.794585784775,21.4967318410052,-11.624283302610483,250,253.94515035760503
-157.789131122662,21.4945402489952,-13.120034761064197,250,253.70223337424665
-157.783428521362,21.4926946722235,-26.164201903766216,250,251.71149086906973
-157.775370497787,21.4907337212544,-57.82645295967472,250,245.87835380274728
-157.767684382992,21.4888880962034,-75.05280797379515,250,242.9648571459772
-157.759626359416,21.4878499218265,-184.312546682335,250,224.45891922246196
-157.753551849336,21.4870424477469,-245.68202002677893,250,212.96289141221072
-157.745741764947,21.4868117400442,-131.193652397723,250,233.66652908272692
-157.739295346087,21.4869270939413,-98.83088494824183,250,239.66533125445355
-157.73297289682,21.4866963860557,-90.71037139560686,250,241.11777441202705
-157.727642204301,21.4871578014611,-90.69723914571274,250,241.6375507029697
-157.722435481375,21.4878499218265,-111.74002042988138,250,238.54339397408233
-157.718220515197,21.4885420389007,-156.8917499548704,250,232.5267894216247
-157.712517913897,21.4894648565462,-248.1175319670394,250,214.31097783499936
-157.707063251785,21.4903876683402,-306.64010929225515,250,202.84057503660847
-157.701856528859,21.4910797733456,-313.38046568717084,250,202.12265233062064
-157.695658049186,21.4924639734811,-327.0512278698541,250,200.7640461681618
-157.691195143821,21.4937328120381,-353.45606255264727,250,194.55787783605712
-157.692936997152,21.3326299277664,4.407200188719634,255,260.32459259881443
-157.694703120352,21.3308934062989,11.623681428531338,255,260.08430059630484
-157.699216546307,21.3275117002496,28.073239885890374,255,261.7035363901063
-157.703828090218,21.325043919624,84.1003333960847,255,265.11138064388933
-157.709224577773,21.3226674990628,169.12925755891956,255,263.86286280695475
-157.716583424439,21.3193770070771,376.6256885745005,255,271.5942847156
-157.721979911994,21.3174575193587,437.6089107977699,255,270.2346311104759
-157.726591455905,21.315720818371,367.6844412849311,255,270.34164451604823
-157.731595471638,21.3146239440059,396.1450435744708,255,267.2254834341512
-157.736893841238,21.3131614321073,395.08826710528547,255,266.4443115544176
-157.74278091857,21.312064538625,394.21434982284956,255,266.65443259531537
-157.748177406125,21.3116074972561,360.24061418718475,255,264.2870685794629
-157.753770129592,21.3116989056437,291.58856807350276,255,266.352714185259
-157.759951560791,21.312064538625,405.70762163907744,255,266.1922998820368
-157.767016053591,21.3126129863902,379.26445428345113,255,263.638958873715
-157.772608777057,21.3137098757761,392.92853488170533,255,263.37119771582326
-157.777710910745,21.3146239440059,257.7982837022146,255,265.40598347401965
-157.782616808523,21.3159950356821,239.91837171104982,255,263.8101477937054
-157.786835880611,21.3181887557343,323.00039166411716,255,265.8401526161374
-157.792528221997,21.3209099000265,273.13108087296683,255,262.85302470137765
-157.796181337667,21.3236748856773,177.6492518815911,255,262.8920885647391
-157.801128265138,21.3260853434911,111.05913714791457,255,263.38905218351454
-157.806531832067,21.3291338069699,242.69079472611043,255,270.12977238572205
-157.810793800349,21.3320404224685,484.3807891173673,255,272.52721957774145
-157.814903555478,21.3346634162931,512.4854272832371,255,268.8877377436403
-157.818784990878,21.3375699222377,414.4508328687896,255,266.8253564509407
-157.822514213125,21.3409725877193,342.49413582427076,255,266.71339698735443
-157.825862902489,21.3440916283881,215.9005328146796,255,262.50344727966245
-157.824188557807,21.3423903417024,273.8464121232226,255,265.77663464759553
-157.827537247172,21.3460764379054,207.02219535491378,255,263.5621097450445
-157.828907165548,21.3484865276233,251.06635760738538,255,262.48422108461097
-157.830277083925,21.3516762913225,350.1084228124258,255,265.0740114043084
-157.831266469419,21.3545115785558,430.58026004248075,255,268.01590064899295
-157.831647002301,21.3569924098867,461.89732574082484,255,266.53493893924144
-157.832484174642,21.3605363817828,412.9681208936179,255,266.807238945795
-157.833473560136,21.3636550061352,300.01845109664055,255,266.5593233107887
-157.836137290313,21.3708134154327,289.4912702998076,255,265.24149719516646
-157.83834438103,21.3757744838898,438.37684426414586,255,267.08621802081984
-157.840475365171,21.381444070538,449.7026031275081,255,265.1377172570034
-157.843595734806,21.3879638236454,314.9068057778672,255,265.12540012960125
-157.846487784712,21.3933494875013,318.5853057985104,255,266.9061610078444
-157.848847088583,21.398593232803,472.91694252284464,255,264.9619478981264
-157.850749752994,21.4036950747596,407.68594599121553,255,265.19100032297615
-157.8523479911,21.4080881848744,369.2002405114598,255,266.6519368120065
-157.853946229206,21.4120560417959,459.0839120100608,255,265.83047017162335
-157.856153319923,21.4167323062656,563.2457250216022,255,267.5385809005815
-157.8575232383,21.4202748312065,533.6550802193502,255,265.8151422183155
-157.859197582982,21.4238172702232,503.9900499154202,255,268.56891634688884
-157.860719714511,21.4272179308312,561.4517591649278,255,267.10687315147766
-157.862089632888,21.4306185122308,600.5039482741944,255,270.92891098365385
-157.864677256488,21.436781864096,611.4809868788863,255,272.21576662703666
-157.867340986664,21.443865855025,273.60498747888346,255,274.81537437134494
-157.869928610264,21.4515161788427,452.112162632532,255,272.95137554164694
-157.872211807558,21.4588119470869,593.5818630589787,255,282.5281103153784
-157.874342791699,21.4644074830609,540.9139531348154,255,280.37559799410514
-157.876321562687,21.4697195019442,230.36244097098083,255,268.1759540285412
-157.877387054758,21.4743939183433,209.5087910242164,255,267.5415402862967
-157.878909186287,21.4776517562095,304.23102131459603,255,270.32595869551386
-157.880279104664,21.4812636216901,220.34744610276272,255,271.9796601149995
-157.881725129616,21.486645843213,258.11021984385263,255,267.47307764849654
-157.883464488143,21.4919016814078,309.19378018159875,255,269.3702862388941
-157.884926261128,21.4985975764348,344.6438576085508,255,266.5661946340907
-157.886275590036,21.5034100606187,294.15784788627343,255,264.6843929472894
-157.887325181451,21.5079853053298,321.67138418752,255,264.6229143783253
-157.888393649074,21.5129555526771,333.3558949307021,255,265.8730616830244
-157.888782182756,21.5171123563183,331.78579884290747,255,265.60102934354416
-157.888879316176,21.5206365097523,308.03754658088246,255,265.3127967366417
-157.888976449596,21.5245220157469,229.93312864432917,255,265.93683701926767
-157.888782182756,21.5280459894539,131.00131946733072,255,266.0045820687214
-157.887810848552,21.5313891675276,80.44796644294023,255,266.16017995243556
-157.885868180146,21.5342805027159,60.936836595329304,255,263.72217555042926
-157.882857044116,21.5370814287764,42.31802810690387,255,263.34374217993485
-157.87829177336,21.5373524832695,54.18644416620013,255,263.64191002770497
-157.873435102344,21.5366296701634,124.9071990292476,255,265.76374544900654
-157.884993979363,21.5360875579722,47.42513630593087,255,263.34620180267837
-157.880331575187,21.5371717803304,44.78955475482542,255,263.6685568781476
-157.87537777075,21.5368103737773,90.5158710759298,255,267.8993894638222
-157.88722804803,21.5329251965146,71.06757467712708,255,263.52086736791586
-157.86935549869,21.5357261487202,251.0305547151731,255,269.07807184494294
-157.865373028456,21.5339190889658,390.3026289416398,255,270.84052332927234
-157.860030690338,21.5321120067219,209.4844685010303,255,272.4531726576763
-157.854979752481,21.5302145461632,74.746840919981,255,265.0082762366765
-157.849928814624,21.5275942027307,142.96547218533993,255,267.36762466382925
-157.84604347781,21.525244889118,306.3704019508735,255,267.93971457943104
-157.84303234178,21.5228051770745,211.45816149941828,255,270.91972110118905
-157.839826938909,21.5200039756859,46.047329070162775,255,265.6827527418157
-157.836912936299,21.5181967203241,12.605534285235345,255,262.5552735101464
-157.833610400008,21.5154857951389,-1.112471428794962,255,261.1088753906307
-157.830113596876,21.5131362857423,0.2883774013527124,255,261.16014875608687
-157.825645459541,21.5097926876624,-2.4948446711827996,255,260.5545575318521
-157.821177322206,21.5067201243286,-4.260741458801331,255,260.1524303372151
-157.817777652494,21.504008985114,-4.410516417178612,255,260.0544991122544
-157.814377982783,21.501568916605,-5.172744146882788,255,259.8705942239031
-157.811463980173,21.4993999324518,-6.392660970050352,255,259.6162955974307
-157.809327044926,21.4981346767594,-6.96136037345947,255,259.50451805387297
-157.805150307851,21.4958752642224,-7.398545171245553,255,259.44896539432017
-157.806704442577,21.4965982800521,-6.896470161368544,255,259.54113829786974
-157.802697679067,21.4950709900065,-8.122849657973823,255,259.31122984159026
-157.799880809877,21.4942575884065,-9.772033487498211,255,259.0670542566976
-157.796966807267,21.4930826669564,-11.678682973801115,255,258.7460741341282
-157.793470004135,21.491636596763,-13.465672079539669,255,258.4661865945969
-157.78880759996,21.490190512199,-14.461289424487127,255,258.32128104829644
-157.783368128421,21.4887444132654,-14.692491561722594,255,258.4614825190005
-157.776374522157,21.4871175347897,-34.81703501689232,255,255.43167626101413
-157.768506715111,21.4858521722921,-67.97688699877416,255,249.10900753342077
-157.760833174904,21.4844964145522,-142.9128458806681,255,236.8385019121174
-157.753936702061,21.4835021841845,-179.35549376858688,255,230.59070191603604
-157.745777494753,21.482688717924,-96.90802377508903,255,244.27678905422135
-157.739366689011,21.4825079470266,-78.72315200346915,255,247.56837027147645
-157.73305301669,21.4827791032885,-76.64252319713579,255,248.1576569000738
-157.727807811992,21.4831406441854,-77.90742900184878,255,248.26513330424478
-157.722368340454,21.4834117992689,-77.99286289022288,255,248.95134583126074
-157.718677270481,21.483592569044,-87.09882510641822,255,247.93377108168377
-157.713917732885,21.4840444924996,-103.16441516259036,255,246.17195316395257
-157.707895460824,21.4844964145522,-148.3496908292094,255,238.37458542059886
-157.702747389547,21.4851291030689,-165.57985827145427,255,235.21074120832122
-157.699781462411,21.4857854131675,-168.39061917886823,255,233.79548258439004
-157.696965519081,21.4869893110209,-196.49415063378564,255,230.5556988942693
-157.694149575752,21.4880515655633,-224.92939624912484,255,226.9553951543034
-157.690724779811,21.4896803408038,-286.6163068028136,255,212.1995198321663
-157.696837395326,21.3385024176143,5.699869655365367,260,264.60217134348636
-157.698411612386,21.3368942347306,9.0,260,264.7216717548311
-157.701094344947,21.3350847112353,9.645412364683777,260,264.705924029995
-157.704147109586,21.3327581482277,19.163615781973167,260,265.8270071320462
-157.707292382244,21.3312070857245,29.96817707268866,260,265.56779089275193
-157.710622670941,21.3292251486639,49.158941662044676,260,267.20243382348775
-157.714137975677,21.3275017033725,79.66034944386755,260,268.15931814951136
-157.718208328529,21.325605890174,208.58256819695134,260,272.2546921989721
-157.722093665342,21.3240547520687,447.9168404528755,260,279.0595764358442
-157.726534050272,21.3225035975705,557.3066262170041,260,277.92044663173704
-157.72967932293,21.3216418379885,561.1515771129532,260,279.9376460254999
-157.733009611627,21.3208662500392,561.9679330825427,260,281.0699832213685
-157.736617424382,21.3201768350886,557.6431328263328,260,279.9426160192995
-157.740317745157,21.3192288842451,525.0464268981184,260,274.79080919831927
-157.744295589989,21.3186256396123,491.5422612578236,260,271.5437934884548
-157.74855095888,21.3181947490713,475.2766641611391,260,271.78886985659324
-157.752621311732,21.3179362141397,446.63600028258645,260,272.4685753750731
-157.756876680623,21.317850035728,402.80154427304024,260,271.0290362496297
-157.761687097629,21.3180223925009,442.89817363407406,260,268.9278826568306
-157.766867546714,21.3187118175688,429.7391815162117,260,268.30408585836176
-157.772973075992,21.3200906579921,355.07105434508316,260,268.6317998192049
-157.777228444882,21.3219003663943,361.36001770981466,260,269.43661311556303
-157.78185384585,21.3240547520687,336.78183940798124,260,268.8320808879292
-157.788884455322,21.3273293577301,339.7159528657265,260,270.0821391163903
-157.7949899846,21.330173034946,175.51099174858695,260,270.0597314366298
-157.800540465761,21.3334475040766,170.36509242330888,260,270.34538432816976
-157.804425802575,21.3355155521875,253.04381666420244,260,269.4961818857302
-157.809143711562,21.3376697379664,454.5897200771721,260,270.73017322946896
-157.812566508279,21.3399962230713,477.5473608126422,260,270.02834420240265
-157.815341748859,21.342839654746,429.91925845194567,260,272.2430546157047
-157.817561941324,21.3455968691679,337.9577066231859,260,271.9287333586937
-157.81959711775,21.3489571541375,253.3243957038478,260,267.9245677931185
-157.821262262099,21.3527481523974,273.5096225315972,260,266.94170133586795
-157.82255737437,21.3563667410802,340.5584837859718,260,269.3467402455319
-157.824407534757,21.361019080938,496.7969371679927,260,270.4835470111901
-157.826350203163,21.3642928611638,433.5832476795634,260,269.1562172940994
-157.828200363551,21.367308120322,315.40225707659636,260,270.66100259563444
-157.830698080073,21.3711847908748,269.21241978369386,260,267.72798301170405
-157.834398400848,21.3777318236364,464.3997345829411,260,269.8820440833246
-157.832363224422,21.3742860534179,338.12643009006234,260,268.1266773161257
-157.836618593313,21.3823834847571,479.4828935036868,260,269.80666608793683
-157.838931293797,21.3872072734446,388.52805561896434,260,271.40678983627294
-157.840781454184,21.3911695523156,329.2285626998568,260,268.77412161503065
-157.84281663061,21.3971989011746,459.8594659975079,260,275.3061468981232
-157.841706534378,21.3940119906053,336.04097453166935,260,271.0835277724623
-157.845314347133,21.4035725139339,526.616404488878,260,271.044548119293
-157.843834218823,21.4006441317651,545.2397102027695,260,275.0902790388089
-157.847349523559,21.4090846035722,473.7508522818973,260,275.3687444833136
-157.848182095733,21.412012816632,511.5670963726214,260,273.865039038984
-157.846239427326,21.4062424583126,475.28899020155745,260,273.7987023088138
-157.849939748101,21.4156299399802,584.2902231139665,260,272.7829499107919
-157.851789908488,21.4199359224304,634.837794866643,260,276.6246177934331
-157.853732576895,21.4243278937482,610.0644426413957,260,273.28947849213955
-157.855212705204,21.4283752797644,582.6314578935818,260,274.62351138718674
-157.856785341534,21.4331975506509,415.83558153264295,260,278.25473413516596
-157.858357977863,21.4369863660078,423.03615616406194,260,275.5136969405288
-157.859745598153,21.4407750829935,347.9729593487438,260,273.25545216118655
-157.861873282599,21.4443914937921,160.38299608410932,260,273.3610451263538
-157.863353410908,21.4480939167256,136.0343560141279,260,272.93530364300386
-157.865481095354,21.4534321285144,277.17056577923245,260,272.0856936196202
-157.867146239702,21.4570482254616,315.66068172220554,260,278.1637004821888
-157.870013988302,21.4624722026926,368.3793415012854,260,273.6874491491904
-157.872974244922,21.4690151446728,272.0059310269999,260,277.2700571866602
-157.87611951758,21.4759882198861,221.55578955231974,260,272.5861936476125
-157.877877169948,21.4806367512207,206.36356251058731,260,273.90943641691814
-157.879449806277,21.4854572936258,201.84408721962546,260,272.1978567095935
-157.880929934587,21.4902776763956,241.14543722150887,260,273.5853555125805
-157.881762506761,21.4942371570865,291.1240112963833,260,270.95136163531623
-157.882225046858,21.4988851056275,286.95757860794885,260,271.99773610017127
-157.882595078936,21.5038771812326,224.86585290511596,260,269.9539988707034
-157.883150127052,21.5078362917639,264.7597653492667,260,269.2407254424659
-157.883150127052,21.5117952944919,329.920269947644,260,269.12594858861644
-157.883150127052,21.5159263128199,328.0577514061768,260,272.07503846793986
-157.882595078936,21.5204875091561,205.4689136729992,260,270.25710237726395
-157.881669998742,21.5223807938876,156.08129189505155,260,271.4908292467998
-157.879634822316,21.5240158835739,124.99056426611223,260,269.9490129951433
-157.87759964589,21.5247043368836,111.80135590401525,260,268.4480916702156
-157.874916913329,21.5253927869308,116.32735412473193,260,268.98322114183594
-157.872604212845,21.5256509548573,137.23406912400446,260,269.42870636873397
-157.869551448206,21.5255648989327,221.51115522187212,260,268.77235605587197
-157.865758619412,21.5247043368836,191.40150871586513,260,268.07615992725135
-157.862150806657,21.5236716556955,114.78439419705919,260,268.04764001793615
-157.858357977863,21.5228110824313,112.18092082711684,260,271.67734893055615
-157.853547560856,21.5214341546057,230.41883130397406,260,270.47893749321963
-157.849107175927,21.5193687384006,237.20112381352277,260,275.533781372705
-157.846331935346,21.5179057174926,141.46335850059438,260,274.25808377808437
-157.843094154668,21.5160984360356,49.57846326340175,260,270.11189840836533
-157.840041390029,21.5142050694516,11.417688822573544,260,266.96018679884
-157.83708113341,21.5121395505034,4.790577998349488,260,266.3512525625729
-157.833565828674,21.5098158066043,5.098960172183716,260,266.401873522887
-157.831345636209,21.5081805571505,2.339258721038651,260,266.0151353685342
-157.827645315435,21.505770682327,-3.0553561863713066,260,265.3261298297561
-157.824685058815,21.5035329056575,-4.227688526598745,260,265.02501217626116
-157.820892230021,21.501209024208,-4.508203106438975,260,264.92620685995877
-157.817469433305,21.4990572490179,-5.033596242501211,260,264.81569802945035
-157.812844032337,21.4963029303267,-5.70679524213176,260,264.68107368241715
-157.808496155427,21.4944953803456,-5.672076783298243,260,264.70021900473176
-157.80457303165,21.4929134073381,-7.24333585734765,260,264.39851957527844
-157.79998347754,21.4912052333968,-9.507052494526281,260,263.9897035325544
-157.793048151328,21.4887378356378,-12.23375533260285,260,263.55133276158887
-157.787336706213,21.487124514485,-13.858174433847747,260,263.29276939284597
-157.781217300732,21.4853213696813,-15.568814420241521,260,263.06871466722714
-157.775505855617,21.4838029146271,-27.458049770482226,260,261.1070287194498
-157.767958588857,21.482569158233,-57.81728020169257,260,256.0796966182382
-157.76061530228,21.481809918332,-102.87528273237469,260,248.07170239831686
-157.753985946342,21.4812404858079,-134.41927664513918,260,243.24138211088137
-157.74776455077,21.4807659570032,-95.36226345299862,260,250.53435439892272
-157.740217284011,21.4801965203961,-75.43376364844917,260,253.18228654370756
-157.733791908256,21.4796270815619,-69.11005105537076,260,254.6403739405919
-157.727978473049,21.4793423613097,-63.45353104277004,260,255.98912991779352
-157.72196105766,21.4798168947541,-55.3734135429793,260,258.37653017496416
-157.717779463914,21.4800067076988,-58.03410607199491,260,258.3313134124718
-157.713495880078,21.480481238978,-70.81171461637497,260,256.1699320800231
-157.707886425054,21.4813353913833,-95.74706942715154,260,251.30998666474738
-157.703194880852,21.4826640629422,-128.90350983597213,260,245.87300451934547
-157.698809306924,21.4837080106604,-132.93841489977825,260,246.25786388248207
-157.695851594275,21.4849417574027,-136.561488382663,260,246.11868741983133
-157.692383931169,21.4862703960466,-164.28654669659397,260,240.54095214417754
-157.699982923163,21.3429129784545,6.738569284817002,265,270.0276208279948
-157.703756556543,21.339683095925,9.119526729855798,265,269.5888006291853
-157.707836160197,21.3367381410332,15.961737657605463,265,270.5351318295959
-157.711711783668,21.3339831297012,30.46345382957741,265,270.8581485525489
-157.717423228784,21.3309430571514,84.26182105475706,265,272.63356558772847
-157.722828703625,21.3290429798195,269.4168875484847,265,286.311191991025
-157.729356069471,21.3270478721406,298.59291647709125,265,277.3398112115949
-157.734863534404,21.3262878239853,401.24370725620156,265,284.2027060659321
-157.742614781346,21.3248627230846,600.6825645616452,265,285.47934419157946
-157.748428216553,21.3241026636128,629.6310597109089,265,283.3849531175685
-157.751283939111,21.323532616426,570.7817145586008,265,280.47266262002483
-157.754343641851,21.3238176402961,546.4427207263767,265,280.95190836789357
-157.759035186053,21.3242926788498,521.2519629092393,265,278.98705738972325
-157.765052601443,21.3254327651054,517.3603322755664,265,279.53533763912685
-157.770458076284,21.3261928176891,455.4590023300791,265,275.3115021868122
-157.775251610577,21.3279029216101,458.6828544348059,265,275.66038089680285
-157.77922922414,21.3292329886599,455.21914109929077,265,278.61233297981744
-157.78453270889,21.3306580471202,452.17656773817606,265,275.5917200667383
-157.792691916197,21.3336981255758,259.4589364016421,265,278.36861791181997
-157.80044316314,21.3375931340289,234.41210514186935,265,277.44368263551775
-157.804318786611,21.3414880390491,373.3793155075314,265,279.1993533406584
-157.808296400174,21.3454778344888,433.6278251396536,265,276.87566077392165
-157.811662073188,21.3503224401292,317.03194508111113,265,272.0740807168597
-157.814211825472,21.3552618731784,323.17855448351435,265,274.4185883909915
-157.81635361739,21.360391108203,463.05171673472876,265,275.77375350876105
-157.819107349856,21.3658051059081,495.0853108682439,265,276.8915101950005
-157.82165710214,21.3712189034868,326.6913924250296,265,275.305888994372
-157.824308844515,21.3760626579663,349.99178145273754,265,278.8997501522412
-157.827674517529,21.381571046709,600.7085255567641,265,280.9909736857196
-157.830836210361,21.3851798786418,579.3360300145931,265,282.22858002152736
-157.833997903193,21.3908778530946,459.6997767159006,265,276.6946914578592
-157.836649645568,21.3967655268507,440.1248469768811,265,277.3722675787509
-157.837669546481,21.401228605447,547.2652826906949,265,278.5791172035445
-157.838995417669,21.4052167731712,616.1890812612276,265,285.33964677674675
-157.840015318582,21.4098694979815,685.1412229987421,265,284.72178272801693
-157.842157110501,21.4162311472412,726.7596454909617,265,284.6829540369388
-157.843992932145,21.421832967202,696.6442404574545,265,288.6277247949223
-157.84664467452,21.4271497501007,533.7156926143715,265,289.9582933456371
-157.848888456529,21.4330359624673,252.46339411092382,265,279.45224696893376
-157.851744179087,21.4383523373498,182.56126077125708,265,278.4755371005372
-157.854803881828,21.4426242839499,230.2077284198078,265,276.01371771693994
-157.856741693563,21.4468961054558,111.20518644241997,265,277.5281930474319
-157.859393435938,21.4516424270559,146.85510156444082,265,276.44532082950406
-157.86255512877,21.4573378090473,201.07284831042156,265,276.0415232136329
-157.865512841419,21.4623685447207,180.08956530540766,265,276.5132541031334
-157.868368563977,21.4675889358682,220.5335378311537,265,280.68109988635524
-157.87091831626,21.4721447607474,150.19466034328175,265,278.03038657904057
-157.87316209827,21.4774597096834,160.50917098445595,265,274.698087536946
-157.874589959549,21.4816356049096,156.84201515636096,265,275.4122255660249
-157.875609860462,21.4838184115663,148.97217375081541,265,275.06828260852205
-157.876017820828,21.4872349127997,158.83363130426193,265,275.9592842349109
-157.876629761376,21.4931186991538,199.18032449621253,265,275.1065094325316
-157.877343692015,21.4993818231943,170.3206607670535,265,274.2263283389947
-157.877139711833,21.5045059968349,160.12799423207247,265,274.178046255415
-157.876527771284,21.5089657787822,305.0228655459868,265,277.81361923999475
-157.874487969458,21.512666345055,397.51545065031746,265,277.4616539658761
-157.871734236991,21.5154179871116,325.5795884480946,265,278.1556221737729
-157.86938846489,21.5167463473907,231.6587437257556,265,273.8363547890075
-157.866430752241,21.5166514649162,170.08423029897654,265,274.8716016756375
-157.862657118861,21.516271934399,138.9852902002196,265,272.693752890787
-157.858373535025,21.5148486861324,135.35929604260542,265,276.5230170862394
-157.85347801064,21.5129510000972,75.69201291856541,265,273.8133801548708
-157.849398406986,21.5111481754157,26.742085124440635,265,273.01656995096283
-157.845420793424,21.5095351028016,7.7811511752820435,265,272.0049346217855
-157.841647160044,21.5077322357586,1.5573658206347747,265,271.2386136837695
-157.838383477121,21.5051702283473,-2.129572598324085,265,270.5784920368444
-157.834405863558,21.5027979590146,-2.7365269158218566,265,270.34580229753055
-157.830326259904,21.5007103299919,-4.714221037062501,265,269.88945655555983
-157.825940685976,21.498053304263,-4.710957624503734,265,269.82656464184225
-157.820637201226,21.4952064371262,-4.191226130311199,265,269.85582883278204
-157.815129736294,21.4931186991538,-4.757088710195373,265,269.75039937213745
-157.810030231726,21.4914105276224,-3.6646862837848446,265,269.934427194209
-157.804930727159,21.489987036029,-6.368246977701941,265,269.5410906170087
-157.800851123505,21.4885635305114,-8.978596884468734,265,269.01796481868377
-157.795343658572,21.4866655014963,-9.83448460366153,265,268.8643875481102
-157.788816292726,21.4844827375307,-12.879840259372553,265,268.35592869210916
-157.782186936789,21.4824897505425,-15.955308884980852,265,267.87998284574974
-157.776169521399,21.4810661717037,-18.004075996679333,265,268.0883567396193
-157.769642155553,21.4798323921175,-38.51995057921537,265,264.5187578028073
-157.76417421834,21.4785224907996,-56.87278460305154,265,261.3665103521123
-157.758580384969,21.4776301390976,-82.35431352900757,265,256.5233767818684
-157.753066463504,21.4765890552007,-75.46206885650824,265,258.5644343041296
-157.748111925376,21.475919783051,-67.53697532777632,265,259.7714109535613
-157.742677915817,21.475622327775,-65.617838044249,265,259.8785696131329
-157.738122937215,21.475845419289,-62.53203420348105,265,260.5923719092452
-157.734047430045,21.4761428741093,-57.722026709382256,265,261.4508083033446
-157.729399591571,21.476373877331,-49.78137025384767,265,263.21524746286013
-157.724866698622,21.4767182171625,-39.0914565023222,265,265.62637684602913
-157.719316217461,21.4768043019931,-32.88179132209419,265,267.0488944356174
-157.712933164125,21.4771486408068,-38.08974408653443,265,266.35105547004576
-157.706827634847,21.4774068943828,-68.15981724208709,265,261.3844127627511
-157.70201721784,21.4785259879194,-98.53795083038588,265,255.47884077094255
-157.69757683291,21.4801615706944,-100.94806383892947,265,255.75892732053717
-157.69332146402,21.4818832169245,-105.51369109891137,265,255.34804770315722
-157.690083683342,21.4828301136732,-116.58039212942714,265,254.71947701125313
-157.691101271555,21.4825718697162,-113.44600890863464,265,254.74427688155876
-157.68888107909,21.4825718697162,-126.70463518900962,265,252.79932462958237
-157.687585966819,21.4814528072756,-133.1073610324509,265,251.1638055187929
-157.687030918703,21.4798172390054,-138.19769561484677,265,250.06701407963732
-157.687215934742,21.4780955683462,-136.38650679703377,265,250.4679212625328
-157.688326030974,21.4760295366854,-126.73250431705961,265,251.75166857536954
-157.689713651265,21.4728443471174,-115.06708368928241,265,255.5381211283368
-157.691286287594,21.4690564634501,-175.10869807485736,265,242.142300257412
-157.692766415904,21.4648380225438,-256.5011040526284,265,226.3928609202422
-157.693969020155,21.46148040066,-275.2779235051336,265,224.7501120662128
-157.694431560252,21.4577783176381,-289.3465887648852,265,222.06484305302666
-157.700693985219,21.3479108551116,-3.981338649764803,270,273.76847509701895
-157.703705121249,21.3450158243004,10.908600257678133,270,274.5515946901338
-157.707978991744,21.3424826254468,9.904092574834047,270,274.6758130066995
-157.711864328557,21.340039856534,13.184729989540898,270,275.15001470030745
-157.716623866153,21.3376875220872,24.1866767845489,270,275.60784829119945
-157.72157767059,21.3358780083783,38.685543290124464,270,276.8209765495365
-157.725463007403,21.3340684723468,68.33883454146049,270,278.74549097729175
-157.730708212101,21.3320779569314,90.49183386448684,270,280.659535118291
-157.737313284683,21.3299064547684,222.02043030974366,270,289.8586836018294
-157.744306890947,21.3288206916353,445.65795968128634,270,297.8885844234603
-157.752660365096,21.3278254017056,638.680639309496,270,291.87721737702776
-157.759653971359,21.3280063640131,589.2884347890147,270,285.6588865119321
-157.766161910522,21.3288206916353,562.3741633463475,270,287.7862501113353
-157.77441825125,21.3305398128858,501.5106047706761,270,281.02800615845297
-157.770435781016,21.3297254948042,523.6553612128416,270,282.91241818330127
-157.74819222776,21.328277807056,586.3346403401802,270,296.79308756680035
-157.779080655425,21.3322589139942,526.5825136995976,270,284.07414462899277
-157.785200060906,21.3346113355,463.34496811899714,270,284.2313000859083
-157.791708000068,21.3378684722303,419.19417103797866,270,287.532836655869
-157.796273270824,21.3404017507924,373.94715570516104,270,282.88352273291713
-157.788502597197,21.3360589607537,427.0155859976286,270,281.12832476001864
-157.801324208681,21.3437492303443,455.60510054927266,270,280.94368062826936
-157.806083746277,21.3476394484017,408.82361131864866,270,280.83519354704737
-157.809386282568,21.3515295632269,320.5284509477915,270,277.31992374985236
-157.810843283873,21.3537007452121,317.8759930912788,270,277.68996982627743
-157.812203151758,21.3583144001255,379.9989512384878,270,281.61063342969805
-157.813465886222,21.3627469905536,515.4452235752041,270,286.05226942288994
-157.814631487266,21.3657321289338,567.0170640821962,270,283.22800358957596
-157.81560282147,21.3695313079677,500.90545523628066,270,286.2324828623581
-157.816962689354,21.3729685754935,382.61188587318287,270,279.12084916881537
-157.818128290398,21.3766771157392,337.9072364566155,270,280.6011569166633
-157.821042293008,21.3805664594449,495.5889312704019,270,287.25275627234583
-157.824344829299,21.3854506051343,716.402429154972,270,293.05063694036113
-157.828521566374,21.3906059153753,648.4224908707375,270,288.1732998277373
-157.830658501621,21.3946757688053,572.1604050401612,270,288.57203065625333
-157.832406903187,21.3991072581758,441.63724290660184,270,280.7831713038875
-157.833766771071,21.4036290476534,377.32023985574835,270,282.21143465412774
-157.834543838434,21.408421991785,427.7836071418128,270,291.11381551191573
-157.83638937342,21.4138477765691,664.5586081548203,270,293.74154722111916
-157.838429175247,21.4192733598574,698.3525953427423,270,299.23414280576014
-157.839886176552,21.4241562125042,464.10362481679203,270,291.08229874669064
-157.841537444698,21.4294005760742,237.06903866322943,270,285.76866681750175
-157.843091579423,21.433921427943,142.75686271643596,270,281.17394990915744
-157.844645714148,21.4375380086152,97.0010756832128,270,279.6298422010845
-157.846588382555,21.4411544996538,100.93385777638045,270,279.6680527466746
-157.847753983599,21.4435051707572,122.5456713224077,270,278.7585519163087
-157.849988052266,21.4472119213031,96.69029545144497,270,280.626853427602
-157.851833587253,21.4502857405475,67.07686930195038,270,278.6881471661559
-157.856593124849,21.4572467975398,108.50267468046135,270,278.8425330209259
-157.860769861923,21.4632131532636,96.08087406397195,270,280.0292280143419
-157.864363798475,21.46890808314,150.76502686761583,270,278.4244991604874
-157.866306466882,21.4727045793887,117.2135325753502,270,280.3345202025117
-157.868249135289,21.4773144775173,89.70179403863311,270,279.93344484507895
-157.869997536855,21.4823761583523,107.50819229873932,270,278.10178426496907
-157.871163137898,21.4864434529314,107.76451690932554,270,278.90583904581393
-157.871163137898,21.4902394920006,124.36379341858591,270,280.0288585842638
-157.870580337377,21.4935835396205,110.84523992826635,270,278.91416797567547
-157.869026202651,21.496023742083,85.98841137883343,270,278.1923266172352
-157.866403600302,21.4978312730751,72.48762142212004,270,280.0502328725203
-157.861838329547,21.4992772816983,118.06934938195727,270,278.1112834787207
-157.858050126154,21.4992772816983,99.40106866281936,270,277.74525768806564
-157.853290588558,21.4990061561764,36.54249062901711,270,276.86280884287316
-157.848822451223,21.4971082633733,2.09078810748582,270,276.19418653540083
-157.844937114409,21.495481478406,-2.284907458158418,270,275.476153529874
-157.841537444698,21.493764296762,-3.322978118981232,270,275.17823119736613
-157.836486506841,21.4921374744048,-4.553207441338565,270,274.85822729956317
-157.830949901882,21.4911432962328,-8.557071732665715,270,274.08366544981953
-157.825121896662,21.4896068256981,-4.26462759944276,270,274.7417547325923
-157.819002491181,21.4879799568627,-4.577910456520284,270,274.66969585902774
-157.812106018338,21.4860819202374,-3.4054444011198073,270,274.8565647356164
-157.806180879698,21.484274243298,-5.219729647008358,270,274.6307498701094
-157.800838541579,21.4827377002499,-7.357048059975986,270,274.14959495213276
-157.793747801895,21.4802068881122,-7.500229314972983,270,274.2571612363224
-157.788599730618,21.4788510777996,-8.980969970755813,270,273.959534541767
-157.783160259079,21.4783087501397,-12.283908325305449,270,273.3843652322007
-157.777332253859,21.4775856434512,-15.910398856456712,270,272.85874046957355
-157.770727181277,21.4761394193022,-23.238530092478555,270,271.9949568541039
-157.764316375535,21.4751451318685,-33.74240823804985,270,270.3371258128268
-157.758876903997,21.4746027904071,-49.912470829107534,270,267.1377961097701
-157.753728832719,21.4742412283109,-60.55679373618353,270,265.1945519244966
-157.748187011793,21.4744460420919,-60.3951954582449,270,265.3581998848628
-157.741873339472,21.4740844796066,-59.13320610918168,270,265.59363723599466
-157.734102665845,21.4740844796066,-49.07951537265003,270,267.79573641703973
-157.726331992219,21.4741748703121,-31.65401891062215,270,272.2601013769406
-157.720212586738,21.4747172133669,-18.639459105358384,270,274.79692508977877
-157.713996047837,21.4747172133669,-27.695830691844456,270,272.7313110208852
-157.708847976559,21.474988384137,-44.84912928845935,270,269.8402651328686
-157.704476972644,21.4735421341957,-72.92954146602143,270,264.61489909289406
-157.701562970035,21.4717343015744,-90.73194239360603,270,261.45547092314
-157.699426034787,21.4691129044198,-99.62491996113158,270,259.9939159625604
-157.699231767947,21.4668530414275,-121.56713838151592,270,255.91218197824736
-157.699911701889,21.4641411595687,-133.7721554732147,270,254.02046768473494
-157.701271569773,21.4617908211335,-110.13070023499054,270,259.2431065145679
-157.702728571078,21.4590788450696,-87.57145899217969,270,262.565371005966
-157.703797038702,21.4560052111973,-81.52714789255225,270,262.88106723473874
-157.711082045227,21.4748979939364,-32.22479852362059,270,272.41341817703477
-157.706516774471,21.4742652609615,-60.36015150924997,270,267.7803634713971
-157.70020310215,21.4704688053892,-95.16509415230247,270,260.5757868378155
-157.702728571078,21.4726382206898,-84.94196596585905,270,263.0098389340589
-157.699426034787,21.4651355221105,-136.6306869638923,270,253.758923435306
-157.699231767947,21.4680281745581,-108.82809478490076,270,258.9003273647066
-157.695916099241,21.3573386106357,-7.31481619801705,275,278.12259542081597
-157.700007095825,21.3542212584797,-5.151421237950949,275,278.4495727590858
-157.705089849158,21.3500646857842,10.521127667031035,275,279.6356066149404
-157.711412298425,21.3460234604338,9.153913042070927,275,279.6403165861482
-157.691329224282,21.3625340501763,-3.754086021156198,275,278.8506607227645
-157.689221741193,21.3676138573377,-4.900889988410455,275,278.78169526270153
-157.686990288511,21.3726934882999,-9.547086604603745,275,278.21371547885315
-157.684634866235,21.3780038231468,-9.9435142949827,275,278.29572603443734
-157.682775322333,21.3846991881316,-16.324728387498745,275,277.52575086787346
-157.681535626398,21.3923176790691,-32.5774910655601,275,276.26581350305264
-157.680791808837,21.3983198469945,-49.09190187563033,275,272.70691220148024
-157.681163717618,21.402475049693,-57.26917176695899,275,271.36037110339464
-157.683271200707,21.4072072200246,-58.956279122539534,275,271.1322357600826
-157.686370440544,21.4121700633195,-58.81923497064697,275,271.4217301823628
-157.691081285095,21.4180560077717,-60.863251929467296,275,270.28325627950375
-157.695296251273,21.4226722688384,-74.41690670964685,275,268.3793556935497
-157.698767399891,21.426595976015,-172.14658952235953,275,251.2369017673294
-157.715503295009,21.3438296057343,10.692146576254311,275,279.7754555981442
-157.720214139561,21.3412893119149,19.19374310432228,275,280.7145259279397
-157.725792771267,21.3386335031429,33.493736088853275,275,281.060584625237
-157.732735068501,21.3359776462782,55.64968093360413,275,282.7474699115496
-157.738933548175,21.3337836412933,103.92581134007784,275,286.8959292378573
-157.744636149474,21.3327443643212,197.21417537212903,275,290.4260342879188
-157.750958598741,21.3320515089162,395.21415046035116,275,294.1494363987129
-157.75876868313,21.3322824610814,599.6545096634792,275,299.2984971352065
-157.765958919551,21.3332062661066,529.1210464511942,275,295.53886677568005
-157.771909460038,21.3342455398066,537.8321796447875,275,288.4941664577977
-157.777364122151,21.3355157532189,631.9476519694829,275,294.99635926600104
-157.784058480198,21.338171618447,529.3193460285154,275,287.40065956749106
-157.789761081498,21.3408274355834,572.5220643035112,275,291.28248536362247
-157.796579409138,21.3447533380299,520.6127176462101,275,287.7407739189627
-157.801910101658,21.3478708915604,514.9053040409203,275,287.7925428292375
-157.805753159055,21.3522584471745,335.1036371024294,275,284.86626019861205
-157.808356520518,21.3565304145929,329.8050728766676,275,282.604573915867
-157.809224307672,21.3613795239789,419.24209801748214,275,286.0854435756195
-157.810711942794,21.3676138573377,653.9767916261808,275,296.9889619456859
-157.812571486696,21.3738479253054,483.0529446805356,275,287.2423902812786
-157.814926908972,21.3799662894449,358.57455074832285,275,287.7301051756176
-157.817406300841,21.3848146227726,385.6532109950477,275,293.1850647499424
-157.821249358239,21.3892010716416,531.0475224527858,275,294.04746681436205
-157.825340354823,21.3940490989448,706.6961626187277,275,298.83100421376855
-157.827323868319,21.3968193281093,604.6321794425398,275,298.00128059484604
-157.829431351408,21.4013208385675,325.036788105709,275,294.1745804641547
-157.830795016936,21.407668886976,233.68166469023691,275,291.41100136770996
-157.832282652058,21.4145937162257,478.7168001084431,275,293.3135931610557
-157.833770287179,21.421287405839,395.58432709536504,275,291.492335414277
-157.835753800675,21.4268267790359,163.1047330680272,275,289.05994596628096
-157.837241435796,21.4308657728373,109.35733615194943,275,286.90131273105544
-157.840092736446,21.4369817506985,88.5730233471648,275,283.1832677347672
-157.842820067503,21.4441359655266,49.02359393529298,275,282.9697884082782
-157.844183733031,21.448866785837,32.250182691881975,275,282.25178276555386
-157.845175489779,21.4539435930161,20.943633082542785,275,281.3636049110443
-157.845299459372,21.4592509751488,14.305193993538666,275,281.3495631231472
-157.845919307339,21.4627122072122,13.180245131662614,275,281.2457197270449
-157.847530912055,21.4657118751732,18.58392013966416,275,281.9490932625662
-157.851126030265,21.4709034622487,66.67047631374382,275,283.0041767684403
-157.853233513354,21.4747105085173,107.54334800377825,275,281.47406635588794
-157.85558893563,21.4780560124823,72.93228531790969,275,282.6188306990858
-157.856332753191,21.4820935873225,34.1470701047245,275,281.5630785463408
-157.854845118069,21.4853235665763,26.103329001969346,275,281.99703409588795
-157.850878091078,21.4871692368291,12.05634284056893,275,281.52129943262895
-157.846415185713,21.4872845904429,3.2109523982710333,275,280.965490100492
-157.841456401975,21.4864771132269,-0.17370141901934316,275,280.723925546278
-157.836249679049,21.4853235665763,-2.400038514122025,275,280.1347764390928
-157.830299138562,21.4837085859076,-6.58717301953319,275,279.3891695834312
-157.824596537263,21.4830164458506,-3.4546092101045476,275,279.7865260579018
-157.819885692711,21.4822089449585,-3.230146790040364,275,279.80878644605554
-157.814059121818,21.4802478527167,-2.759484652008425,275,279.88819632097744
-157.80699285499,21.4784020947128,-1.7548629077926194,275,280.0504407551012
-157.798810861821,21.4763255889924,-3.051633308128839,275,279.9064940374266
-157.7916206254,21.4745951449409,-5.31671947563285,275,279.44835849159944
-157.783686571417,21.4733261395691,-7.597957163783191,275,279.1710390421291
-157.776248395809,21.4721724887277,-8.815356307413888,275,279.1615046867788
-157.767818463453,21.4712495614758,-14.426702392083094,275,278.0966351480079
-157.760008379065,21.470788095657,-17.889304160436875,275,278.1351400018865
-157.752942112237,21.4706727289739,-43.16072801985844,275,273.4158647416478
-157.74624775419,21.4712495614758,-47.07931229885439,275,272.9728686578926
-157.737941791427,21.4717110258327,-46.594606928711436,275,273.25852683829123
-157.730875524599,21.4721724887277,-37.690780125806555,275,274.89076904603684
-157.724057196958,21.4725185849395,-0.3976801788500044,275,283.15057821719955
-157.717610778098,21.4727493152905,-17.015127365020792,275,279.51455169196726
-157.712156115985,21.4719417574629,-25.97675159622851,275,277.90484156478465
-157.708065119401,21.4698651596339,-48.596311676040756,275,273.83770722086706
-157.705833666718,21.4667502073879,-63.19366046099653,275,271.66795696218674
-157.705461757938,21.4634044437607,-69.25093266360112,275,270.0870986755008
-157.706701453873,21.459020223422,-68.50254996466013,275,270.65208623028866
-157.715007416635,21.4725185849395,-15.40034698367686,275,280.10206323725686
-157.709800693709,21.4710188287491,-38.391631066828765,275,276.14482207447503
-157.706453514686,21.4680192700461,-58.385592615333934,275,272.710654044118
-157.705337788344,21.4650196495859,-67.44682963839111,275,270.5832907579419
-157.705957636312,21.4610969758119,-71.12003854674246,275,269.92323026036144
-157.707569241027,21.4567126860627,-63.781395354906905,275,270.9293151590763
-157.707941149807,21.4534820723949,-63.55532407096446,275,270.6345673208525
-157.708065119401,21.4501360042024,-66.01885447718506,275,269.9772608362236
-157.708065119401,21.4458667712451,-75.96357008662454,275,268.0964411189775
-157.707569241027,21.4412512436923,-97.35734564594098,275,264.68504111633206
-157.705957636312,21.4368663572622,-158.81606749671988,275,255.1013922722979
-157.703478244442,21.4325967359708,-226.6537285735952,275,241.6934657562723
-157.701370761353,21.4299425841063,-234.46556533692313,275,241.45383153686024
-157.701229656868,21.3604964051118,-5.658322898861212,280,283.390425744095
-157.706077739738,21.3562634805438,-3.546195458645608,280,283.82341505988404
-157.711531832966,21.3520304336932,10.456318015090659,280,284.6282648158094
-157.716682921016,21.3485028012547,12.152769059833698,280,284.6271726854494
-157.721834009065,21.3455395244002,13.631040598790618,280,285.0327959275717
-157.727591107473,21.3422939619805,23.65441503124536,280,285.8137001917082
-157.73380271365,21.3400361370582,40.360553957181565,280,286.26976757475603
-157.740923335365,21.3377782773747,72.20038837993408,280,288.0861934915017
-157.746225926004,21.3363670974216,127.21667746863932,280,290.8057800900942
-157.753043542539,21.3352381436838,275.2285670980946,280,297.711547922265
-157.760012661665,21.3352381436838,431.4616980270897,280,294.52544000580656
-157.769405822225,21.3369315710321,405.8195226427205,280,296.9017110444858
-157.779101987965,21.3403183670746,404.18680914392667,280,294.1313510372707
-157.786374112269,21.3434228614053,562.442613671692,280,299.87807404166404
-157.794252246933,21.3476561568369,620.1065669157274,280,297.95186370033025
-157.799706340161,21.35090160055,506.4640261822839,280,295.4743708710365
-157.803796910083,21.3541469724026,355.5889210582859,280,288.180738221048
-157.806372454107,21.3578155670848,332.9928919563748,280,287.639626408296
-157.807281469645,21.3619073527905,410.0055253506339,280,290.6654232862174
-157.806826961876,21.3662812042277,568.7971954812542,280,298.1131314509323
-157.806978464466,21.3710781814168,588.8067852257025,280,304.27511560839395
-157.809099500722,21.3760160820156,376.97426020804573,280,300.5729343502124
-157.812129552515,21.3825056409121,223.39593350243712,280,292.61012612750744
-157.815462609488,21.3877252946714,208.65075895168536,280,298.82368350950935
-157.81925017423,21.3928036979629,374.61591209041137,280,303.8983712783073
-157.822734733793,21.3975998058307,633.0753100357396,280,311.2667986429164
-157.824855770049,21.4023957563879,277.0615314806181,280,293.9907764002809
-157.825158775228,21.4067683977105,150.10428227159574,280,289.9458123539906
-157.82424975969,21.4105767206615,155.76249173523595,280,290.37517400290886
-157.825158775228,21.4162184981458,165.30306079351678,280,289.25645822197976
-157.826976806304,21.4224242017211,168.5507899969366,280,290.9824349741851
-157.82879483738,21.4269372750582,126.85533171613812,280,289.59834231124125
-157.830158360687,21.4315912358276,77.32620530536511,280,287.23435669675996
-157.832733904712,21.4362450482141,49.541268062084875,280,286.8129285971616
-157.835006443557,21.4416037998462,37.69248673213177,280,287.0212324915422
-157.837581987582,21.4471033665922,25.507401966279982,280,286.5960181482336
-157.839248516068,21.4520386986569,18.919821485917716,280,286.2357040965482
-157.840006029017,21.4573968700508,9.020015342341049,280,285.9427804886718
-157.840006029017,21.4633188303522,1.358178968419659,280,286.1328330779492
-157.837884992761,21.467548654667,-2.2038008686817685,280,285.1923080465845
-157.834854940968,21.4709324257065,-2.5590747461739607,280,285.031630693271
-157.831370381405,21.4729062558491,-6.843446368460969,280,284.2411390093643
-157.827431314073,21.4729062558491,-7.457198955205886,280,283.98918553098423
-157.821674215665,21.472624281752,-6.013835370840785,280,284.3688588214506
-157.814250588771,21.4714963799051,-4.833946516255782,280,284.4561029479682
-157.806675459287,21.4703684693246,-4.273819637870631,280,284.49455506610246
-157.79561577024,21.4699455006055,-1.9231098043170043,280,284.9297931665284
-157.787283127807,21.4689585688182,-3.9638141075073543,280,284.6430197328868
-157.778798982785,21.4685355960055,-6.115949755257558,280,284.36293418810874
-157.768799811866,21.467548654667,-9.697082555762353,280,283.90801606733044
-157.759255148716,21.4658567396756,-12.613285881618761,280,283.56708625333135
-157.754104060667,21.4655747519336,-24.206279231888743,280,281.35770521914446
-157.7477409519,21.4664207135224,-30.987337646660407,280,280.3945245984674
-157.741529345723,21.4682536134482,-37.344050706970044,280,279.5896830041901
-157.736226755085,21.4689585688182,-35.77693756783494,280,280.0059951533648
-157.731378672215,21.4696635207771,-32.329516345699005,280,280.7177611237802
-157.726076081576,21.4693815404029,-22.927942477576725,280,282.80124517872815
-157.720015977989,21.4692405500111,-9.18103885375923,280,285.44986050489473
-157.715622402888,21.4681126219648,-8.227952921604183,280,285.80484605325057
-157.712440848505,21.4667026996272,-23.84365267263526,280,282.9382167615183
-157.711531832966,21.4641648050379,-30.784623187894983,280,282.0421899981142
-157.712137843325,21.4607808768292,-29.506510746018634,280,281.8195227687302
-157.712895356274,21.4562688503332,-32.856252073449745,280,280.77721891791674
-157.713046858863,21.4514746691604,-37.8303113672128,280,279.6762416287685
-157.713046858863,21.44639830552,-42.916409536003904,280,278.6561663988347
-157.712289345915,21.440757694252,-53.92132324138535,280,276.6791116784851
-157.710774320018,21.4349758413713,-75.1537080123006,280,274.4998260574499
-157.707138257866,21.4303219885141,-144.69750476389203,280,262.0709073136809
-157.703047687944,21.4259500521852,-133.30604167883988,280,263.05971195079184
-157.698654112843,21.4210138376983,-53.686397734926324,280,277.8669803139677
-157.693957532563,21.415936414446,-29.327644280831635,280,280.89651938569847
-157.690321470411,21.4109998615296,-33.38646631956735,280,280.5972814581942
-157.687594423797,21.4057810385233,-25.951466251918063,280,281.4784811637787
-157.68577639272,21.3998567433375,-17.840480978581304,280,283.16381969606465
-157.685321884951,21.3935090178083,-15.470228135678862,280,283.2855200232277
-157.685473387541,21.3877252946714,-15.215851466887527,280,282.6474279472795
-157.686988413438,21.3808127402464,-12.160433337243317,280,282.94759397317506
-157.689109449693,21.3753106778414,-6.4210076209696,280,283.6620888597703
-157.692139501487,21.36980840863,-4.942347877252947,280,283.73719010119373
-157.695169553281,21.3657168436396,-4.009013171181822,280,283.8201480026915
-157.697965325843,21.3631096154453,-3.863661884448028,280,283.7757125169547
-157.705035446695,21.364050231961,-4.165239179298619,285,288.69529232487065
-157.708642651211,21.3610939882869,4.551189181140673,285,289.8266447199106
-157.711816991185,21.3578689271485,12.554908648829361,285,289.7132738015062
-157.716289924785,21.3537031181128,9.271191244296466,285,289.6239105969035
-157.724225774721,21.3480589298724,12.177730089876865,285,289.98519197277597
-157.732305912837,21.3440272337855,27.71153362394238,285,290.74421727313944
-157.73735599916,21.341742556791,43.264365706397335,285,291.2472028505613
-157.742983238205,21.3399954268358,68.0794567433821,285,291.9151712854689
-157.750053359057,21.3387858631352,152.98463922394484,285,293.5936362602613
-157.756834903548,21.3386514665527,277.16165391347334,285,299.1714899788847
-157.764337888942,21.3395922400441,261.8119242517309,285,294.44382864626937
-157.770109416168,21.3412049805603,264.2167844853288,285,297.7519090276229
-157.777035248839,21.3440272337855,224.65427118671937,285,295.48599876369315
-157.781941046981,21.3489996430057,324.28341757714384,285,305.0020274244128
-157.786558268762,21.3541062660985,702.6272494033723,285,312.31484395639626
-157.791608355084,21.3581376849549,652.5579310761345,285,307.28906750912637
-157.796658441407,21.3627064922324,378.55637916901577,285,295.1844605355646
-157.798822764117,21.3657970751785,393.31932185994197,285,293.9069459479639
-157.799832781381,21.3694250675948,433.2327631404326,285,299.13901166060487
-157.802285680452,21.3758746099442,183.82903463167833,285,300.4542753150685
-157.806758614053,21.3820551547259,117.9886201278776,285,296.3702792466872
-157.810510106749,21.3868919207427,105.49517599988725,285,296.22923240041985
-157.813395870362,21.3915941788481,121.42803990628522,285,296.15210086933763
-157.815415904892,21.3954902210478,212.77401566304087,285,300.83895172192047
-157.817435939421,21.3988487948084,365.5386642063439,285,302.6577215144182
-157.818445956685,21.401669937148,300.1954539297714,285,302.87031399556423
-157.818301668505,21.4043566887621,197.83666176526492,285,295.78166958583023
-157.816570210337,21.4070433909916,110.40690194095538,285,292.64608685722425
-157.814550175808,21.4094613807701,80.28256928727323,285,292.64321148335046
-157.814117311266,21.4129539620378,66.54898184061432,285,291.38643768958667
-157.815704481253,21.4176553819043,58.693060440107885,285,291.72155815872003
-157.81729165124,21.4236998422436,55.87569506719304,285,291.5665097035463
-157.820177414853,21.4302813034051,37.95332755116496,285,291.81439898420547
-157.822486025743,21.43619093405,65.67861767899,285,291.7596506298977
-157.825227501176,21.4419660236959,79.62872924084851,285,291.13841590017296
-157.827247535705,21.447069401015,91.27164174138333,285,293.6158406754359
-157.828978993873,21.4515011364515,64.36433105670488,285,291.7355340710306
-157.83071045204,21.4556641591707,47.139231972025605,285,292.4414823083839
-157.830999028402,21.4588870628605,21.280922487251065,285,291.3363633890303
-157.829267570234,21.4619756120286,-1.3832287010914541,285,290.2646932122091
-157.82623751844,21.4639898479628,-8.589226116254688,285,288.8989038664708
-157.822341737563,21.4645269728433,-13.171133053160704,285,288.1087402665284
-157.816858786698,21.4634527211025,-10.319010646178288,285,288.37765129390067
-157.811808700375,21.4619756120286,-9.810361273593323,285,288.3835620360668
-157.805892884969,21.461304193864,-11.479554339090372,285,288.10703361759664
-157.798534187756,21.461035625732,-2.1702209493551923,285,289.7505174051346
-157.790021185097,21.461304193864,-3.5865976197192904,285,289.5315080088817
-157.784393946052,21.4623784614427,-3.9379348185488903,285,289.5164410802216
-157.777612401561,21.4637212847801,-4.522176396077514,285,289.55587969462977
-157.771840874335,21.4642584106505,-6.310362031531431,285,289.39977114055125
-157.774293773406,21.4642584106505,-5.422332634243546,285,289.455094455548
-157.769387975264,21.4645269728433,-8.38448853169901,285,288.95553283544126
-157.766357923471,21.4635870030032,1.3472462572371628,285,290.9297598843915
-157.762606430774,21.4619756120286,5.303570594479677,285,290.7102252627673
-157.758566361716,21.4600956333729,7.531641768418936,285,291.1376320405947
-157.755969174464,21.4596927776489,5.6140325601707985,285,291.6201899509098
-157.75279483449,21.4600956333729,-6.871599847018059,285,289.4246294381119
-157.747600459986,21.4611699098599,-15.530897129266382,285,287.9463378776181
-157.742261797302,21.4623784614427,-18.88844774247783,285,287.8563136481214
-157.736923134618,21.4637212847801,-22.966710135636617,285,287.42694494374865
-157.732738777379,21.464661253754,-22.317484525800424,285,287.5163485229126
-157.727400114695,21.4660040560557,-20.61663933227206,285,287.8654317320473
-157.722782892915,21.4656012166645,-13.818105570767699,285,289.4045617693706
-157.719175688398,21.4643926918087,-10.043735002445814,285,290.1610159191793
-157.717732806592,21.461304193864,-12.28787631599434,285,289.7124015253627
-157.71729994205,21.4541869711667,-23.266100224735744,285,287.3846298916975
-157.717588518411,21.4492181380458,-25.884093970276666,285,286.6698117411568
-157.717732806592,21.4458607225231,-27.183990950171058,285,286.34929861429794
-157.71744423023,21.440220090468,-28.9845553882342,285,285.80261713233574
-157.716001348424,21.4367281613338,-30.66220806416572,285,285.7788154139874
-157.71282700845,21.4312214879221,-54.73358820956581,285,281.0650792645423
-157.70835407485,21.4265205047842,-78.20405564479431,285,277.0953233787147
-157.702871123985,21.421416408851,-44.793251655460026,285,283.99385471548004
-157.698686766746,21.4168494349587,-24.713417128819685,285,286.8288159895577
-157.694358121327,21.4110733517286,-16.34323702723038,285,288.23037529673485
-157.69075091681,21.4046253612075,-14.948562101078188,285,288.1537077259146
-157.689163746823,21.3983114281907,-22.457384695615904,285,286.4775228316741
-157.689163746823,21.3902506919564,-16.16226707584167,285,287.3852712606797
-157.690029475907,21.3844735577201,-10.702752089006388,285,288.2882168763346
-157.691616645894,21.3795023526496,-5.7110835681387195,285,288.8704602378039
-157.694213833146,21.3741278869457,-3.669827113952108,285,289.08438693376047
-157.697821037662,21.369828172315,-3.5284876198625565,285,288.9426844823489
-157.700706801275,21.367140786553,-3.6293097573638176,285,288.844308881558
-157.705035446695,21.36794700746,-3.3103766215891577,290,293.8975934278784
-157.708786939392,21.3635127375488,4.284082751749172,290,294.6214243944301
-157.700706801275,21.3717093130031,-3.262201809145376,290,293.9811772103644
-157.697676749482,21.3764120589814,-3.0851911695076137,290,294.1310742967703
-157.69522385041,21.3800397883661,-3.458564554040409,290,294.1960763611529
-157.693203815881,21.3854140369788,-6.785160150668533,290,293.80759554565475
-157.691616645894,21.3921315701496,-14.7172118527482,290,292.5516129074552
-157.691760934075,21.3975053745613,-19.428632624815265,290,291.91833889944803
-157.693780968604,21.4031476566468,-17.327961815424413,290,292.3619154773462
-157.697099596759,21.4094613807701,-19.77768634945582,290,292.01355401887355
-157.701428242178,21.4149688747931,-14.845990203502463,290,293.0445917290712
-157.706478328501,21.4199388741008,-25.110329091624195,290,291.64589569102833
-157.709508380295,21.4226252898006,-24.8733093739774,290,291.82911009186046
-157.714125602076,21.4257146067613,-21.019129409949443,290,292.84246707219336
-157.718021382953,21.431087176219,-19.556041253412612,290,292.4804370749641
-157.721051434747,21.4352507815444,-12.530437771401044,290,293.4226752783707
-157.723360045637,21.4382055261661,-9.297777762431163,290,294.0689155408173
-157.726678673792,21.4423689283967,-10.442968308473077,290,293.8155914848546
-157.726967250153,21.4469351038994,-7.464214711522006,290,294.9644560677777
-157.724947215624,21.4509639635717,9.118476701753062,290,297.34628239670496
-157.722350028373,21.4544555519171,-7.13951194271684,290,295.5694093592215
-157.721195722927,21.4588870628605,12.376188934780084,290,298.15209593425993
-157.722061452011,21.4618413286431,21.476265846928044,290,297.51266674801604
-157.724947215624,21.4633184390781,7.2545226600188,290,299.2990601872716
-157.72841013196,21.4633184390781,6.200301728552862,290,299.3689014057128
-157.731728760115,21.4621098952904,20.01276796790418,290,297.3829805000627
-157.736490270076,21.459827063014,-1.4121927658276885,290,296.6881304920951
-157.740530339134,21.4571413322069,6.417752308154527,290,295.93693014844075
-157.744858984554,21.4551270016283,8.791523612289822,290,296.21660870263077
-157.750341935419,21.4532469346442,8.701937285976442,290,295.56194764429506
-157.755680598103,21.4532469346442,20.358371607291428,290,295.92168349811317
-157.760730684425,21.4543212616038,8.90652717501834,290,295.5746198207237
-157.767367940735,21.4543212616038,6.323923919664779,290,295.4077977772395
-157.776313807936,21.4532469346442,2.582295291550783,290,295.2084713009682
-157.783383928787,21.4539183899216,-2.612777346289187,290,294.60691866623745
-157.791608355084,21.4549927119334,-2.9266741723658125,290,294.5292561749556
-157.799832781381,21.4563356033154,-5.505519102287559,290,294.1274751981717
-157.806614325872,21.4571413322069,-9.397827944003996,290,293.4722543511994
-157.81065439493,21.4562013147339,-13.590897790382979,290,292.8757238129363
-157.813684446724,21.4545898421067,-8.466178237531786,290,293.7630663350684
-157.815848769433,21.4524411842296,6.89202060923791,290,295.586960042865
-157.817868803963,21.4492181380458,59.21451459913502,290,297.792757257686
-157.818301668505,21.44317473446,80.58206944100677,290,298.38031731784594
-157.818301668505,21.4461293186091,80.39661943445181,290,298.48777454138076
-157.817147363059,21.437802609968,43.09146825029917,290,296.99395268593804
-157.814694463988,21.4308185524421,10.738042754396997,290,296.06137742680176
-157.812530141279,21.4239684791189,35.458408605556684,290,295.6344185309141
-157.810798683111,21.4172524089873,47.42654964281082,290,296.48386515573543
-157.810510106749,21.4125509761521,56.69385722778607,290,296.64436672201595
-157.812241564917,21.4086553886226,74.6414455065886,290,297.2722256711477
-157.814261599446,21.4050283689495,117.24385460400744,290,299.5704830989263
-157.814117311266,21.4014012592706,162.21118663438386,290,303.3518935027541
-157.812530141279,21.3980427441413,148.524136590038,290,299.05399403766745
-157.809644377666,21.3937437322069,81.18598707788303,290,298.518934108416
-157.805892884969,21.3883697895776,70.21090369995797,290,297.54137144338245
-157.80185281591,21.3829956495287,83.89377936641577,290,297.6992644991735
-157.798389899575,21.3778900336587,114.24318282810722,290,298.45191332196333
-157.793916965975,21.3715749466126,199.5804235084215,290,304.94356977224845
-157.790021185097,21.3655283314242,436.19471884728966,290,303.4603025548372
-157.788289726929,21.3612283642937,632.9610287148369,290,312.00764193873107
-157.784682522413,21.3567938909932,646.8330772801964,290,316.9912049925573
-157.780498165174,21.3526280513957,294.41588293629496,290,304.2750293371675
-157.77515950249,21.3467150434959,191.2302959596856,290,298.81192978656105
-157.771552297974,21.3445647996695,198.79059148507852,290,298.3892347257702
-157.766935076193,21.343220881264,218.5610180071905,290,298.4460371859892
-157.761307837148,21.3424145243082,201.81615411297648,290,299.74953893950163
-157.754093428115,21.3425489174421,172.47673588692078,290,298.63361388357134
-157.74399325547,21.3437584501043,71.77296701661737,290,297.3649683797193
-157.734470235547,21.3467150434959,29.174772830724546,290,295.4528951189173
-157.726967250153,21.349940350102,13.445039212530478,290,295.0528275703847
-157.721195722927,21.3534343521729,9.17756395204302,290,294.5976110539945
-157.716145636605,21.3571970304758,8.318109494003146,290,294.50971737613776
-157.711961279366,21.3605564830274,10.095554655000596,290,294.6396303840744
-157.701507600678,21.3771040217109,-3.0,295,299.11515143801444
-157.706052678368,21.3720250735354,-3.0050668016178093,295,299.0100358091425
-157.703780139523,21.3742824055897,-0.8642894517523069,295,299.59381508007573
-157.699083559243,21.3807720413536,-3.0,295,299.2115351639627
-157.697720035936,21.3837346054903,-3.1034723115127854,295,299.3308673838922
-157.69590200486,21.3883899422313,-0.3259003142196364,295,300.575158117295
-157.695144491911,21.3929040666862,-8.961837812324141,295,298.5952405126101
-157.69544749709,21.3977001712622,-14.537253330473405,295,297.65404013322467
-157.696962522987,21.4017908420317,-15.759507173017028,295,297.4889157102513
-157.699235061833,21.4054582426496,-16.60094160007648,295,297.3839961639212
-157.702416616216,21.4095486963192,-17.0884347992241,295,297.4392046023589
-157.706507186137,21.4132159022674,-19.73581828613384,295,296.81382998429774
-157.711052263828,21.4160367672861,-15.537633402806964,295,297.69783810795377
-157.715445838929,21.4185754992307,-11.158990746455705,295,298.3926969554449
-157.719233403671,21.4219604065167,-13.677087655704513,295,297.9252161929569
-157.721051434747,21.4257683334346,-10.761339380136814,295,298.5084527562407
-157.722263455464,21.4290120447017,-8.864442182730462,295,298.89591392292175
-157.72423298913,21.4323967100524,-8.746080974655463,295,298.92208386122525
-157.726051020206,21.4342300376807,-10.722431848230313,295,298.5352747049417
-157.728778066821,21.4359223196664,-9.64233525607653,295,298.7338106382948
-157.730899103076,21.4380376445521,-7.182691863003465,295,299.18969724985345
-157.731202108255,21.4415631178824,-6.090949287936647,295,299.532960351502
-157.730444595307,21.4453705333912,2.2554751282925825,295,301.415240600793
-157.730899103076,21.4488958295094,32.90032084800593,295,302.94231609654094
-157.732717134152,21.4508699581142,54.55187888510633,295,302.8809718296865
-157.735747185946,21.4511519743047,35.49823308446078,295,302.23310579314955
-157.738928740329,21.4508699581142,18.66786480543299,295,301.8343271697151
-157.741958792123,21.4501649152518,12.327198805899766,295,300.73693120637245
-157.745443351686,21.4510109662776,8.815205410199315,295,300.6070238589029
-157.749685424197,21.4507289498144,8.536464577502239,295,300.6010683226111
-157.75301848117,21.4508699581142,15.996094911446507,295,300.70269732354063
-157.758018066629,21.4505879413783,22.69092567373326,295,300.83702005108285
-157.761654128782,21.4488958295094,10.431256782556137,295,300.4194958305018
-157.765896201293,21.4483317878567,4.0492818641493855,295,300.19487250266843
-157.769683766035,21.4470626861621,2.952062580372771,295,300.09707647064494
-157.772562315239,21.4452295197741,4.314478953499358,295,300.09936178741896
-157.775289361853,21.4432553148215,-2.236513991007471,295,299.793591033518
-157.780288947312,21.4435373457362,-6.601088006407176,295,298.8752741875894
-157.785743040541,21.444383435209,-5.988093980368367,295,298.8564652637961
-157.791500138949,21.444524449644,-5.189190312715974,295,298.9982003169255
-157.796045216639,21.44410140593,-5.513451880494067,295,298.950234179376
-157.799226771023,21.4426912513561,-7.872950162731756,295,298.55333886950086
-157.803014335765,21.4398709013151,-7.095337513526815,295,298.7511734741568
-157.805589879789,21.4367684533003,-4.181444666454284,295,299.40026614254566
-157.806953403096,21.4322556838963,10.083046695963743,295,300.1680322400603
-157.807710916045,21.4277427749626,21.61695724104679,295,300.3723275481597
-157.808619931583,21.4235117961369,29.618895423342032,295,300.38843312448694
-157.808013921224,21.4187165386005,40.759778747718606,295,300.62274746638514
-157.806953403096,21.414344254811,47.24952276982778,295,300.4710286564618
-157.804983869431,21.4099718401643,39.968582993382554,295,300.85462899938966
-157.801953817637,21.4054582426496,32.94265142241203,295,300.7861434147005
-157.801044802099,21.4006623925617,40.55889560785978,295,301.193735312103
-157.800135786561,21.396712750826,54.44745489362775,295,301.46544718470363
-157.799226771023,21.3912112863412,81.16084618613233,295,300.9564165716307
-157.797257237357,21.3859917569547,82.843326092185,295,300.8429279567044
-157.794075682973,21.3802077366228,94.91352237149118,295,301.80469657877313
-157.790591123411,21.3749878147188,137.58547534523302,295,303.5242260996087
-157.786803558669,21.3680746586966,316.7766508946409,295,308.8720055420891
-157.782409983568,21.3621488366257,402.1047532400038,295,318.10132158611196
-157.778470916236,21.3557994755274,266.6146043264542,295,309.97582498610313
-157.773319828187,21.3505786836219,155.2869734911913,295,304.5591074720422
-157.765896201293,21.3476154487301,157.50973128743152,295,301.9095561470667
-157.759533092526,21.3463454725826,131.75472138874318,295,303.9639161690609
-157.752260968221,21.3456399255247,164.43314440375923,295,302.67196534234307
-157.744685838737,21.346627690455,111.2860579604578,295,303.95482600081067
-157.73832272997,21.3480387716678,49.82421446239019,295,300.5369707326448
-157.731656616024,21.3504375785568,38.87786100013027,295,300.0898755977894
-157.726202522796,21.3526952432966,11.0720996307567,295,299.7624866305478
-157.721505942516,21.35594057543,7.825671385923157,295,299.5691506296254
-157.716354854467,21.3597502214403,8.29943443886743,295,299.55873175444253
-157.713173300083,21.3634186758239,8.437254397253605,295,299.47418701518563
-157.710446253469,21.3665226808519,10.848062713906492,295,299.95489230162514
-157.708022212034,21.3690622723978,3.837170793680937,295,300.0568248233204
-157.707416201675,21.3763986227795,13.257660773354957,300,305.3333813550909
-157.70544666801,21.3797845066468,1.542515355603018,300,305.0867189766033
-157.703628636933,21.3831703121836,-2.7695625379679862,300,304.25742562057974
-157.703174129164,21.3879667359214,-2.72589808912985,300,304.3627536394205
-157.703325631754,21.3910702204282,1.3536404079200755,300,305.25031320077517
-157.70499216024,21.3958663851451,-2.966452055734381,300,304.8372240741006
-157.706507186137,21.3998160497431,-8.604646373617493,300,303.5011677487774
-157.708325217213,21.4040477148395,-10.683554184510884,300,303.24508349123516
-157.712112781956,21.4071508580535,-10.618276526806392,300,303.1983744272721
-157.716506357056,21.4092665997418,-9.397527984783082,300,303.3410327788807
-157.721960450285,21.4102539353802,-5.845940077058707,300,303.94295610460995
-157.727414543513,21.4105360300516,-4.474578384631877,300,304.0875585758163
-157.731505113435,21.4116644032912,-4.097668624579872,300,304.10953721317816
-157.734989672997,21.4144852982662,-4.0289164024162005,300,304.1333357318354
-157.737110709253,21.4173061387738,-3.5934297792788072,300,304.2357058966767
-157.737110709253,21.4212552239683,-3.950231660851255,300,304.26778089350813
-157.737110709253,21.4260503981447,-0.9885267583154758,300,305.1128221661532
-157.735747185946,21.4304223314687,-3.0285603700267125,300,304.8271400893337
-157.734080657459,21.4353582278516,-4.282835834862288,300,304.5630109922042
-157.733323144511,21.4411400655807,-4.385560970641633,300,304.69490323767695
-157.733474647101,21.4463576248933,10.434456287106839,300,307.04954582945135
-157.734383662639,21.4480497662122,19.107329202075398,300,306.54914848782107
-157.736050191125,21.4486138089557,20.055710600034423,300,306.2128675061328
-157.738171227381,21.4480497662122,14.08159171635212,300,305.9814343358369
-157.741352781764,21.4467806620636,10.250586629511805,300,305.664904798047
-157.744837341327,21.444806478105,8.599294642740556,300,305.4635845321235
-157.749988429376,21.4432553148215,6.443744420151958,300,305.3292193630607
-157.753169983759,21.4432553148215,6.601738119789726,300,305.7376144884354
-157.755291020015,21.444806478105,15.413115250921534,300,305.710644357582
-157.756654543322,21.4462166122306,27.38151634513794,300,306.9960649769097
-157.758927082167,21.4460755994315,17.009495466126623,300,305.84103352787196
-157.757866564039,21.4460755994315,21.35419668849356,300,306.3340540218796
-157.759987600295,21.4457935734243,12.002799103385176,300,305.2453398093026
-157.760745113243,21.444806478105,8.536159997169035,300,305.323928534187
-157.761654128782,21.4436783609892,6.607347098783872,300,305.17072510220413
-157.763623662447,21.4415631178824,0.33300962114781785,300,305.07967665186555
-157.76695671942,21.440293957297,-6.084768845247448,300,303.8961527093112
-157.769532263445,21.4395888633124,-9.355329357086035,300,303.41057428176566
-157.773925838546,21.4393068247644,-11.308563307583196,300,303.0022121804471
-157.778622418826,21.439165805286,-12.469587249596715,300,302.7142804966551
-157.784076512054,21.4390247856713,-12.091946458364703,300,302.74297962546
-157.788924594924,21.4384607058495,-5.636453239286269,300,304.04875849324543
-157.794075682973,21.4367684533003,-7.758577669754401,300,303.5244693545938
-157.796196719229,21.4354992510097,-7.126729000885436,300,303.6414346542671
-157.798317755485,21.433242864127,-6.42884905488691,300,303.80398391502143
-157.80028728915,21.4301402752053,-1.671795584641636,300,305.3283943875674
-157.801044802099,21.42633246231,15.131732867918027,300,305.99540984996315
-157.80028728915,21.4229476563638,30.713221589208818,300,305.5129496688063
-157.796348221819,21.419703810376,28.44398539518753,300,304.9948918755913
-157.793469672615,21.4170240571742,20.851427843755996,300,305.4143734335194
-157.792409154487,21.4153315561378,17.21235646045869,300,305.01403046243956
-157.792863662256,21.4133569468119,16.898672656287083,300,305.02509335261396
-157.794075682973,21.4111002177606,18.403642534461568,300,305.24464588550865
-157.794984698512,21.4081382079865,23.471489666713474,300,305.40968570344
-157.794833195922,21.4043298214904,30.025309905805674,300,305.635811098774
-157.794833195922,21.4012266183855,37.01175062691303,300,305.45994170432556
-157.794833195922,21.398123349408,47.63235381347325,300,305.3382250318156
-157.794833195922,21.3953021386363,67.2773974770501,300,306.06696778440124
-157.793772677794,21.3924808734367,81.66928541357603,300,306.120331289714
-157.792106149308,21.3882488735973,89.15774936221551,300,305.4875357038434
-157.789985113052,21.3840167513275,87.97332274479568,300,305.95289320777067
-157.787712574207,21.3800666601002,100.65643607559628,300,306.3197639992768
-157.784531019824,21.3761164622552,122.19399493162211,300,307.3804476413362
-157.781955475799,21.3727304935412,147.9783385571359,300,307.1077920580833
-157.779228429185,21.3687800977342,150.30072460971016,300,307.9564169037448
-157.777713403288,21.3651117776304,169.81897013298337,300,312.2934779676411
-157.774986356674,21.3603146050171,188.5776930171753,300,308.93870416307743
-157.772562315239,21.3563638743226,138.57889615233984,300,308.7965069500161
-157.769380760855,21.3532596540476,117.75208283255748,300,307.01108873803315
-157.765441693524,21.3507197885511,126.25541402594041,300,307.65097935283825
-157.760442108064,21.3497320511939,100.09478485071328,300,307.258963817697
-157.754988014836,21.3495909453138,136.49375994454985,300,305.9332461302915
-157.748927911248,21.3493087331461,191.0505570967687,300,308.4934051690213
-157.74317081284,21.3501553680191,132.0881661886097,300,308.1287701360246
-157.736959206663,21.3514253111596,66.59803375066949,300,307.0911395492023
-157.731050605666,21.3526952432966,46.096678317602716,300,305.6564022710652
-157.724535994309,21.3565049736818,8.913593678305373,300,304.65849452163934
-157.718930398491,21.3613022710448,11.28463490271471,300,304.717926414547
-157.715294336339,21.3653939593621,10.280747627277,300,304.7212103000487
-157.711961279366,21.3699087931259,12.062891739803744,300,304.67511724320065
-157.709688740521,21.3734359101481,12.201177803510033,300,304.89481455902353
-157.778319413647,21.3831703121836,151.7424211888362,305,312.09897499599157
-157.776198377391,21.3780915745039,96.51877880755781,305,311.93272351167553
-157.774380346315,21.3727304935412,83.2507924901843,305,311.9997969733032
-157.772713817828,21.3673692162606,74.5593242512761,305,313.0920718341691
-157.770289776393,21.3634186758239,75.42849108593103,305,311.7433420385528
-157.76710822201,21.3608789864197,59.596510401815614,305,311.3210520017099
-157.76226013914,21.3598913175383,61.176343068079326,305,311.5332209127943
-157.756806045912,21.3594680288365,121.47574076087635,305,315.39913734503114
-157.749836926786,21.3596091252064,279.44273341095976,305,313.5764145145645
-157.744988843916,21.3600324135005,211.23458408694108,305,317.02503548568853
-157.739989258457,21.3611611763057,98.9334097982455,305,312.11929676090926
-157.735444180767,21.3627132109617,51.40952917351352,305,310.60445969728056
-157.731202108255,21.3639830452673,59.23786142361454,305,310.01553495890255
-157.726657030565,21.3665226808519,59.147802493144546,305,311.56855730703114
-157.723929983951,21.368497922527,63.863612241995035,305,310.8192095138166
-157.721354439926,21.3708963944568,44.69431796851467,305,310.5748485452947
-157.718930398491,21.374141323356,42.07061584311231,305,311.18234870779514
-157.716657859646,21.3780915745039,59.894186259047274,305,310.8899336608992
-157.714233818211,21.3835935323676,67.43223160873207,305,311.7484588578536
-157.712264284545,21.3876845977014,21.447977401722483,305,311.4065527866105
-157.711203766417,21.3917755486331,-0.6097551982618239,305,310.06107059951717
-157.712264284545,21.395725323722,-2.8833955852191506,305,309.34416428222386
-157.714082315621,21.3995339343815,-3.574832710734268,305,309.2690467221827
-157.718172885543,21.4015087304808,-3.431349050232028,305,309.25759649998133
-157.723778481361,21.4029192827911,-2.679879384302912,305,309.32195264191233
-157.725445009848,21.4026371734179,-2.5925930436169424,305,309.30674168852073
-157.721051434747,21.4022140083373,-3.00007672755497,305,309.28510230834115
-157.728172056462,21.4017908420317,-1.9362532150295217,305,309.44512618697274
-157.730444595307,21.4003802788332,1.4742020488094598,305,310.0781420532607
-157.73377765228,21.3995339343815,6.085038118671281,305,309.8478451886987
-157.737413714432,21.3995339343815,7.318598511207737,305,309.6475049280286
-157.741655786943,21.4017908420317,6.50261113367854,305,309.651244379824
-157.744079828378,21.4048940331589,6.621169960820141,305,309.6675759099809
-157.745594854275,21.407715058832,6.557234974001455,305,309.71265166475433
-157.746200864634,21.4102539353802,6.411792487839567,305,309.73302054496827
-157.746049362044,21.4133569468119,6.83757337876513,305,309.7924745895499
-157.745594854275,21.4171650980421,4.2685741907917185,305,309.9983178995727
-157.745746356865,21.4213962607504,6.456921010965644,305,310.12450381669686
-157.745443351686,21.4254862681794,7.101246111844427,305,310.1193550368606
-157.744685838737,21.4294351321624,4.404534043869651,305,310.21927886878126
-157.745291849096,21.4328197877029,3.23733540546126,305,310.1039725736877
-157.747109880172,21.4350761811265,3.1778060885217085,305,310.1954994401914
-157.750139931966,21.4356402740316,2.147495726654321,305,310.12026529503504
-157.753472988939,21.4362043647562,2.3601742224891553,305,310.07683897376853
-157.756200035553,21.4362043647562,3.545426647319303,305,310.12095105708676
-157.761957133961,21.434512086041,1.1338270120460059,305,310.12125953800086
-157.767714232369,21.434371061929,-8.658305667681763,305,308.31752515540035
-157.772259310059,21.4342300376807,-10.41827963100286,305,308.0202410312852
-157.777713403288,21.4339479887753,-13.45039818185137,305,307.4186183896915
-157.78134946544,21.433242864127,-13.874414387086578,305,307.47360651105413
-157.784379517234,21.4319736311755,-9.934258198695472,305,308.11701702949534
-157.786500553489,21.4298582183969,-8.116299141956954,305,308.3752896806952
-157.787106563848,21.4277427749626,-7.844250943495541,305,308.41205364663534
-157.78619754831,21.4243580017101,-3.655702059286748,305,309.5589392927071
-157.784379517234,21.42111418705,-5.4497148383116265,305,308.8273112607869
-157.782258480978,21.4181523803041,-5.519466381191892,305,308.80161966429165
-157.78134946544,21.4156136410056,-4.6004760583301305,305,309.2039254375573
-157.78150096803,21.4134979912203,0.5788518237569522,305,310.2433657849683
-157.782712988747,21.4112412643475,8.466328181803242,305,310.00845747179255
-157.784985527593,21.4096897444037,12.013765803391031,305,310.4980742212591
-157.786803558669,21.407432958715,20.892298849781813,305,310.05546831279116
-157.788015579386,21.4054582426496,26.00154385692492,305,310.53658346040584
-157.788318584566,21.4029192827911,33.15199043767194,305,310.41801033137074
-157.787561071617,21.3998160497431,47.91193105194939,305,310.6218633249207
-157.78619754831,21.396712750826,76.51175530782223,305,312.7798367719945
-157.784834025003,21.3936093860475,124.88389434635444,305,311.16380651227803
-157.782561486158,21.390929154379,143.56728442722712,305,311.4148134001123
-157.779985942133,21.3866971096462,144.84531981427892,305,311.07170038321016
-157.762866149499,21.3710374798174,30.920750234632862,310,315.67351194831355
-157.760442108064,21.3703320516548,37.01684974678432,310,317.51421322307857
-157.756957548501,21.3707553089602,70.24753826409052,310,317.2921830956012
-157.75301848117,21.3721661578085,75.00011798526299,310,316.75307122057023
-157.749230916428,21.3747056514751,63.95188848844725,310,315.4166899378884
-157.745594854275,21.3775272594381,52.294190249631335,310,314.97470397586295
-157.742564802482,21.3806309653749,32.652620833702606,310,314.95728932858555
-157.741352781764,21.3855685437074,28.554011818915754,310,315.02313274931754
-157.742261797302,21.3905059554154,23.04694694843948,310,314.9633927751995
-157.744534336147,21.3944557647911,7.16028062204288,310,314.7176287973847
-157.747412885351,21.397418051818,5.149844931444876,310,314.62926890122793
-157.751048947504,21.3992518184755,4.568689033161962,310,314.6210844316626
-157.75286697858,21.4015087304808,4.699956860334449,310,314.65243657212375
-157.753775994118,21.4043298214904,5.132918569374797,310,314.73333840309914
-157.754382004477,21.4079971584045,11.188222669486022,310,315.19859524819066
-157.754382004477,21.4108181241784,21.55556730622299,310,314.987538912352
-157.754685009656,21.4139211236284,43.74554974926002,310,315.23255913991727
-157.754230501887,21.4173061387738,45.45921244746802,310,315.6743363281305
-157.754382004477,21.4201269248083,55.94587823979583,310,315.5649445561022
-157.756048532963,21.4226655856599,90.73960054357377,310,318.6526947883822
-157.75771506145,21.42280662108,78.39266896722323,310,317.1341182984884
-157.758624076988,21.4221014426177,66.99070161090447,310,315.6824057374997
-157.759987600295,21.4201269248083,54.809354993215926,310,315.8614908916153
-157.761805631371,21.4173061387738,45.183942113346454,310,316.01026212455355
-157.763169154678,21.4144852982662,40.79742327210627,310,315.11146789188973
-157.765441693524,21.4113823107982,60.77812970617448,310,315.59780992731476
-157.767562729779,21.4085613559158,60.26140354945834,310,315.0456391076965
-157.77180480229,21.4048940331589,80.07460966965458,310,315.7484844133524
-157.770138273804,21.4067277060402,76.25961875943469,310,315.1841474862363
-157.772865320418,21.4026371734179,79.21189667608961,310,317.2520215660821
-157.773016823008,21.4003802788332,73.56536925951424,310,318.10064107286615
-157.773168325597,21.3972769918918,69.4886002441219,310,318.4784948532229
-157.773471330777,21.3930451308306,83.56493462425526,310,315.89653593238637
-157.77180480229,21.3895184864052,137.67779728958465,310,316.3597888812811
-157.768926253086,21.3857096149259,165.42320046594529,310,320.3200031988591
-157.765593196113,21.3823238681435,50.952185822200164,310,317.38202037282906
-157.763623662447,21.3795023526495,20.25141848357844,310,315.2835279352712
-157.763472159858,21.3772451010893,18.62911990101166,310,315.11103189481616
-157.763775165037,21.3749878147188,22.103486907476988,310,315.53668347189216
-157.763775165037,21.3730126605918,25.605634640989468,310,315.2024954321044
